lesion_id,image_id,diagnosis,dx_type,age,sex,localization,stage2_label
HAM_0000002,ISIC_0032622,mel,histo,65.0,female,lower extremity,1
HAM_0000002,ISIC_0033848,mel,histo,65.0,female,lower extremity,1
HAM_0000002,ISIC_0034246,mel,histo,65.0,female,lower extremity,1
HAM_0000003,ISIC_0027886,nv,follow_up,55.0,male,trunk,0
HAM_0000004,ISIC_0024645,nv,follow_up,40.0,female,back,0
HAM_0000006,ISIC_0032187,mel,histo,70.0,male,back,1
HAM_0000006,ISIC_0032583,mel,histo,70.0,male,back,1
HAM_0000006,ISIC_0034162,mel,histo,70.0,male,back,1
HAM_0000007,ISIC_0033879,nv,consensus,30.0,male,back,0
HAM_0000011,ISIC_0024678,nv,follow_up,45.0,female,trunk,0
HAM_0000012,ISIC_0029348,nv,histo,85.0,male,back,0
HAM_0000012,ISIC_0030085,nv,histo,85.0,male,back,0
HAM_0000013,ISIC_0024655,nv,follow_up,30.0,female,back,0
HAM_0000015,ISIC_0031453,nv,follow_up,50.0,male,trunk,0
HAM_0000016,ISIC_0029142,nv,follow_up,55.0,male,back,0
HAM_0000021,ISIC_0026773,nv,follow_up,45.0,female,lower extremity,0
HAM_0000025,ISIC_0024349,nv,histo,35.0,male,lower extremity,0
HAM_0000025,ISIC_0026126,nv,histo,35.0,male,lower extremity,0
HAM_0000025,ISIC_0028271,nv,histo,35.0,male,lower extremity,0
HAM_0000026,ISIC_0029325,nv,follow_up,45.0,male,lower extremity,0
HAM_0000027,ISIC_0030509,nv,follow_up,75.0,female,trunk,0
HAM_0000028,ISIC_0026012,nv,histo,35.0,female,back,0
HAM_0000028,ISIC_0029752,nv,histo,35.0,female,back,0
HAM_0000030,ISIC_0031383,nv,follow_up,50.0,male,lower extremity,0
HAM_0000032,ISIC_0032291,nv,histo,60.0,male,abdomen,0
HAM_0000033,ISIC_0031861,nv,follow_up,40.0,female,lower extremity,0
HAM_0000034,ISIC_0032411,nv,follow_up,50.0,female,upper extremity,0
HAM_0000035,ISIC_0028039,nv,follow_up,20.0,male,foot,0
HAM_0000036,ISIC_0024812,nv,follow_up,30.0,female,trunk,0
HAM_0000038,ISIC_0026057,nv,follow_up,45.0,male,trunk,0
HAM_0000040,ISIC_0027190,mel,histo,80.0,male,upper extremity,1
HAM_0000043,ISIC_0030152,nv,follow_up,75.0,male,back,0
HAM_0000044,ISIC_0024798,nv,histo,70.0,male,upper extremity,0
HAM_0000044,ISIC_0025152,nv,histo,70.0,male,upper extremity,0
HAM_0000046,ISIC_0024631,nv,follow_up,50.0,female,upper extremity,0
HAM_0000051,ISIC_0026342,nv,follow_up,45.0,male,abdomen,0
HAM_0000052,ISIC_0029890,nv,follow_up,40.0,male,back,0
HAM_0000053,ISIC_0030376,nv,follow_up,55.0,male,back,0
HAM_0000054,ISIC_0025795,nv,histo,35.0,female,back,0
HAM_0000054,ISIC_0026498,nv,histo,35.0,female,back,0
HAM_0000055,ISIC_0033546,mel,histo,40.0,female,back,1
HAM_0000057,ISIC_0025122,nv,consensus,30.0,male,unknown,0
HAM_0000057,ISIC_0026391,nv,consensus,30.0,male,unknown,0
HAM_0000059,ISIC_0027033,mel,histo,85.0,male,face,1
HAM_0000059,ISIC_0027822,mel,histo,85.0,male,face,1
HAM_0000060,ISIC_0031406,mel,histo,55.0,male,abdomen,1
HAM_0000060,ISIC_0031953,mel,histo,55.0,male,abdomen,1
HAM_0000062,ISIC_0028878,mel,histo,55.0,male,back,1
HAM_0000063,ISIC_0031306,nv,histo,25.0,female,back,0
HAM_0000064,ISIC_0032603,mel,histo,30.0,female,lower extremity,1
HAM_0000064,ISIC_0032955,mel,histo,30.0,female,lower extremity,1
HAM_0000064,ISIC_0033871,mel,histo,30.0,female,lower extremity,1
HAM_0000066,ISIC_0025014,nv,follow_up,35.0,male,trunk,0
HAM_0000067,ISIC_0034017,nv,histo,50.0,female,ear,0
HAM_0000067,ISIC_0034153,nv,histo,50.0,female,ear,0
HAM_0000068,ISIC_0029045,nv,histo,35.0,female,upper extremity,0
HAM_0000068,ISIC_0031160,nv,histo,35.0,female,upper extremity,0
HAM_0000070,ISIC_0027933,nv,histo,40.0,male,abdomen,0
HAM_0000070,ISIC_0028513,nv,histo,40.0,male,abdomen,0
HAM_0000071,ISIC_0029299,nv,follow_up,55.0,female,back,0
HAM_0000072,ISIC_0028461,nv,histo,60.0,female,lower extremity,0
HAM_0000072,ISIC_0031474,nv,histo,60.0,female,lower extremity,0
HAM_0000074,ISIC_0024939,nv,follow_up,45.0,male,trunk,0
HAM_0000075,ISIC_0025651,mel,histo,70.0,male,back,1
HAM_0000076,ISIC_0028605,nv,follow_up,30.0,female,trunk,0
HAM_0000077,ISIC_0030851,nv,histo,65.0,male,back,0
HAM_0000078,ISIC_0030853,nv,follow_up,35.0,male,abdomen,0
HAM_0000081,ISIC_0028072,nv,follow_up,45.0,male,abdomen,0
HAM_0000086,ISIC_0028081,nv,follow_up,45.0,female,trunk,0
HAM_0000094,ISIC_0026233,nv,follow_up,50.0,female,abdomen,0
HAM_0000097,ISIC_0033103,mel,histo,65.0,male,foot,1
HAM_0000097,ISIC_0034106,mel,histo,65.0,male,foot,1
HAM_0000097,ISIC_0034262,mel,histo,65.0,male,foot,1
HAM_0000098,ISIC_0029716,nv,follow_up,35.0,female,back,0
HAM_0000099,ISIC_0027769,mel,histo,70.0,male,unknown,1
HAM_0000099,ISIC_0032313,mel,histo,70.0,male,unknown,1
HAM_0000102,ISIC_0031547,nv,consensus,20.0,male,back,0
HAM_0000102,ISIC_0032221,nv,consensus,20.0,male,back,0
HAM_0000103,ISIC_0032041,nv,follow_up,60.0,female,lower extremity,0
HAM_0000104,ISIC_0031913,nv,histo,65.0,male,back,0
HAM_0000104,ISIC_0032186,nv,histo,65.0,male,back,0
HAM_0000108,ISIC_0027630,nv,follow_up,40.0,male,back,0
HAM_0000111,ISIC_0024742,nv,follow_up,45.0,male,back,0
HAM_0000115,ISIC_0030745,nv,follow_up,75.0,male,back,0
HAM_0000116,ISIC_0031688,nv,follow_up,40.0,female,lower extremity,0
HAM_0000117,ISIC_0028005,nv,follow_up,45.0,male,trunk,0
HAM_0000119,ISIC_0033310,mel,histo,60.0,male,back,1
HAM_0000120,ISIC_0030904,nv,follow_up,55.0,male,lower extremity,0
HAM_0000123,ISIC_0032293,nv,follow_up,50.0,female,upper extremity,0
HAM_0000124,ISIC_0025091,nv,follow_up,40.0,male,upper extremity,0
HAM_0000125,ISIC_0027964,mel,histo,60.0,male,lower extremity,1
HAM_0000125,ISIC_0028777,mel,histo,60.0,male,lower extremity,1
HAM_0000125,ISIC_0032372,mel,histo,60.0,male,lower extremity,1
HAM_0000126,ISIC_0025354,nv,follow_up,45.0,male,lower extremity,0
HAM_0000127,ISIC_0031375,nv,follow_up,45.0,male,lower extremity,0
HAM_0000128,ISIC_0024968,nv,follow_up,50.0,male,foot,0
HAM_0000129,ISIC_0027486,nv,histo,40.0,female,back,0
HAM_0000130,ISIC_0025727,nv,follow_up,40.0,male,trunk,0
HAM_0000133,ISIC_0028548,mel,histo,60.0,female,back,1
HAM_0000136,ISIC_0028065,mel,histo,60.0,male,back,1
HAM_0000136,ISIC_0031915,mel,histo,60.0,male,back,1
HAM_0000137,ISIC_0027460,nv,follow_up,50.0,male,upper extremity,0
HAM_0000138,ISIC_0028780,nv,histo,25.0,male,back,0
HAM_0000138,ISIC_0029902,nv,histo,25.0,male,back,0
HAM_0000139,ISIC_0027909,nv,histo,45.0,female,chest,0
HAM_0000140,ISIC_0030074,nv,histo,40.0,male,upper extremity,0
HAM_0000141,ISIC_0030477,nv,follow_up,35.0,female,lower extremity,0
HAM_0000142,ISIC_0028501,nv,follow_up,45.0,female,back,0
HAM_0000143,ISIC_0027751,nv,histo,15.0,female,trunk,0
HAM_0000144,ISIC_0027558,nv,consensus,40.0,male,back,0
HAM_0000144,ISIC_0031127,nv,consensus,40.0,male,back,0
HAM_0000145,ISIC_0026807,nv,follow_up,55.0,female,upper extremity,0
HAM_0000146,ISIC_0027667,nv,histo,55.0,male,lower extremity,0
HAM_0000147,ISIC_0024993,nv,follow_up,55.0,female,trunk,0
HAM_0000148,ISIC_0028768,nv,follow_up,75.0,female,lower extremity,0
HAM_0000150,ISIC_0024343,nv,histo,50.0,male,back,0
HAM_0000150,ISIC_0031311,nv,histo,50.0,male,back,0
HAM_0000151,ISIC_0029350,nv,follow_up,35.0,female,abdomen,0
HAM_0000152,ISIC_0032244,mel,histo,75.0,female,face,1
HAM_0000155,ISIC_0032390,nv,follow_up,40.0,male,abdomen,0
HAM_0000158,ISIC_0025082,nv,follow_up,45.0,female,back,0
HAM_0000160,ISIC_0027611,nv,follow_up,25.0,male,upper extremity,0
HAM_0000161,ISIC_0031820,nv,follow_up,65.0,female,lower extremity,0
HAM_0000162,ISIC_0026609,nv,follow_up,40.0,female,back,0
HAM_0000163,ISIC_0025534,nv,histo,60.0,male,back,0
HAM_0000163,ISIC_0027338,nv,histo,60.0,male,back,0
HAM_0000165,ISIC_0033833,nv,histo,50.0,female,foot,0
HAM_0000166,ISIC_0028954,nv,follow_up,55.0,female,lower extremity,0
HAM_0000171,ISIC_0027660,nv,follow_up,40.0,female,lower extremity,0
HAM_0000172,ISIC_0027182,nv,follow_up,50.0,female,back,0
HAM_0000174,ISIC_0031091,nv,histo,55.0,male,face,0
HAM_0000174,ISIC_0032376,nv,histo,55.0,male,face,0
HAM_0000175,ISIC_0028356,nv,follow_up,40.0,female,lower extremity,0
HAM_0000178,ISIC_0031397,nv,follow_up,60.0,male,abdomen,0
HAM_0000180,ISIC_0029086,nv,follow_up,50.0,female,lower extremity,0
HAM_0000181,ISIC_0033543,nv,consensus,45.0,male,trunk,0
HAM_0000181,ISIC_0034185,nv,consensus,45.0,male,trunk,0
HAM_0000182,ISIC_0025096,nv,histo,60.0,male,neck,0
HAM_0000182,ISIC_0026270,nv,histo,60.0,male,neck,0
HAM_0000182,ISIC_0030116,nv,histo,60.0,male,neck,0
HAM_0000183,ISIC_0027764,nv,follow_up,45.0,male,lower extremity,0
HAM_0000184,ISIC_0027412,nv,histo,45.0,female,trunk,0
HAM_0000187,ISIC_0026260,nv,histo,55.0,male,back,0
HAM_0000190,ISIC_0031946,nv,follow_up,65.0,female,trunk,0
HAM_0000191,ISIC_0030206,nv,follow_up,30.0,male,lower extremity,0
HAM_0000194,ISIC_0030456,nv,histo,50.0,female,lower extremity,0
HAM_0000194,ISIC_0030942,nv,histo,50.0,female,lower extremity,0
HAM_0000197,ISIC_0024889,nv,follow_up,50.0,female,lower extremity,0
HAM_0000200,ISIC_0028213,nv,follow_up,35.0,female,lower extremity,0
HAM_0000201,ISIC_0031408,mel,histo,65.0,male,trunk,1
HAM_0000204,ISIC_0026825,nv,histo,55.0,male,back,0
HAM_0000204,ISIC_0027639,nv,histo,55.0,male,back,0
HAM_0000204,ISIC_0031314,nv,histo,55.0,male,back,0
HAM_0000205,ISIC_0029471,nv,follow_up,35.0,female,trunk,0
HAM_0000206,ISIC_0033431,mel,histo,65.0,female,upper extremity,1
HAM_0000206,ISIC_0033925,mel,histo,65.0,female,upper extremity,1
HAM_0000209,ISIC_0024776,nv,follow_up,40.0,male,trunk,0
HAM_0000210,ISIC_0024624,mel,histo,75.0,female,face,1
HAM_0000211,ISIC_0029482,nv,histo,35.0,female,upper extremity,0
HAM_0000211,ISIC_0029609,nv,histo,35.0,female,upper extremity,0
HAM_0000213,ISIC_0029167,nv,follow_up,60.0,female,upper extremity,0
HAM_0000218,ISIC_0025552,nv,follow_up,50.0,male,trunk,0
HAM_0000219,ISIC_0030550,nv,follow_up,50.0,male,lower extremity,0
HAM_0000220,ISIC_0030360,mel,histo,65.0,male,upper extremity,1
HAM_0000223,ISIC_0027968,nv,follow_up,40.0,male,upper extremity,0
HAM_0000224,ISIC_0024542,nv,follow_up,40.0,male,upper extremity,0
HAM_0000225,ISIC_0029645,nv,histo,40.0,male,back,0
HAM_0000226,ISIC_0024854,nv,histo,15.0,male,back,0
HAM_0000227,ISIC_0032201,nv,follow_up,45.0,male,lower extremity,0
HAM_0000232,ISIC_0029950,nv,follow_up,50.0,male,foot,0
HAM_0000234,ISIC_0032431,nv,follow_up,65.0,male,abdomen,0
HAM_0000235,ISIC_0025910,nv,follow_up,50.0,male,lower extremity,0
HAM_0000240,ISIC_0028552,nv,follow_up,60.0,male,trunk,0
HAM_0000241,ISIC_0030932,mel,histo,70.0,female,lower extremity,1
HAM_0000242,ISIC_0028273,nv,follow_up,20.0,female,neck,0
HAM_0000244,ISIC_0029057,nv,follow_up,45.0,male,back,0
HAM_0000246,ISIC_0027079,nv,follow_up,25.0,female,upper extremity,0
HAM_0000249,ISIC_0027847,nv,histo,65.0,female,back,0
HAM_0000249,ISIC_0030709,nv,histo,65.0,female,back,0
HAM_0000250,ISIC_0026838,nv,follow_up,40.0,female,upper extremity,0
HAM_0000252,ISIC_0024953,nv,follow_up,45.0,female,trunk,0
HAM_0000253,ISIC_0030012,nv,follow_up,45.0,male,back,0
HAM_0000255,ISIC_0031786,nv,follow_up,70.0,male,abdomen,0
HAM_0000256,ISIC_0029347,nv,follow_up,50.0,male,back,0
HAM_0000257,ISIC_0030531,nv,follow_up,50.0,male,lower extremity,0
HAM_0000258,ISIC_0030909,nv,consensus,30.0,female,scalp,0
HAM_0000258,ISIC_0031323,nv,consensus,30.0,female,scalp,0
HAM_0000262,ISIC_0030326,nv,histo,60.0,male,abdomen,0
HAM_0000262,ISIC_0033380,nv,histo,60.0,male,abdomen,0
HAM_0000264,ISIC_0027074,nv,follow_up,35.0,male,abdomen,0
HAM_0000266,ISIC_0024933,nv,histo,45.0,female,lower extremity,0
HAM_0000266,ISIC_0030209,nv,histo,45.0,female,lower extremity,0
HAM_0000268,ISIC_0025160,nv,histo,10.0,female,trunk,0
HAM_0000268,ISIC_0033389,nv,histo,10.0,female,trunk,0
HAM_0000268,ISIC_0034110,nv,histo,10.0,female,trunk,0
HAM_0000269,ISIC_0029354,nv,histo,25.0,male,neck,0
HAM_0000269,ISIC_0031748,nv,histo,25.0,male,neck,0
HAM_0000270,ISIC_0031167,nv,follow_up,45.0,female,lower extremity,0
HAM_0000271,ISIC_0026408,nv,follow_up,40.0,female,trunk,0
HAM_0000272,ISIC_0026370,nv,histo,30.0,male,back,0
HAM_0000274,ISIC_0031479,mel,histo,75.0,female,lower extremity,1
HAM_0000275,ISIC_0028645,nv,histo,75.0,male,trunk,0
HAM_0000275,ISIC_0029382,nv,histo,75.0,male,trunk,0
HAM_0000275,ISIC_0030093,nv,histo,75.0,male,trunk,0
HAM_0000276,ISIC_0029864,nv,follow_up,40.0,female,trunk,0
HAM_0000277,ISIC_0029182,nv,histo,60.0,male,chest,0
HAM_0000278,ISIC_0024484,nv,follow_up,55.0,male,abdomen,0
HAM_0000279,ISIC_0028429,nv,histo,40.0,female,trunk,0
HAM_0000279,ISIC_0032375,nv,histo,40.0,female,trunk,0
HAM_0000280,ISIC_0032326,nv,follow_up,55.0,male,trunk,0
HAM_0000281,ISIC_0030577,nv,follow_up,60.0,female,genital,0
HAM_0000282,ISIC_0027155,mel,histo,65.0,male,neck,1
HAM_0000282,ISIC_0031709,mel,histo,65.0,male,neck,1
HAM_0000283,ISIC_0025159,nv,follow_up,35.0,female,back,0
HAM_0000284,ISIC_0025225,nv,histo,50.0,female,lower extremity,0
HAM_0000284,ISIC_0025597,nv,histo,50.0,female,lower extremity,0
HAM_0000285,ISIC_0026925,nv,follow_up,50.0,male,upper extremity,0
HAM_0000288,ISIC_0027062,nv,histo,70.0,female,upper extremity,0
HAM_0000288,ISIC_0028755,nv,histo,70.0,female,upper extremity,0
HAM_0000289,ISIC_0032226,nv,follow_up,50.0,male,lower extremity,0
HAM_0000290,ISIC_0024526,nv,follow_up,50.0,female,back,0
HAM_0000292,ISIC_0031445,nv,follow_up,45.0,male,upper extremity,0
HAM_0000293,ISIC_0030154,nv,follow_up,55.0,male,abdomen,0
HAM_0000294,ISIC_0032664,nv,histo,40.0,male,lower extremity,0
HAM_0000294,ISIC_0033461,nv,histo,40.0,male,lower extremity,0
HAM_0000297,ISIC_0029424,nv,follow_up,35.0,female,abdomen,0
HAM_0000300,ISIC_0030725,nv,follow_up,40.0,female,back,0
HAM_0000302,ISIC_0025942,nv,histo,50.0,female,upper extremity,0
HAM_0000302,ISIC_0032175,nv,histo,50.0,female,upper extremity,0
HAM_0000303,ISIC_0026476,nv,follow_up,50.0,female,lower extremity,0
HAM_0000304,ISIC_0033276,nv,histo,45.0,female,abdomen,0
HAM_0000304,ISIC_0033316,nv,histo,45.0,female,abdomen,0
HAM_0000304,ISIC_0034083,nv,histo,45.0,female,abdomen,0
HAM_0000305,ISIC_0030815,nv,follow_up,50.0,female,abdomen,0
HAM_0000306,ISIC_0029253,nv,follow_up,65.0,female,trunk,0
HAM_0000310,ISIC_0032386,nv,follow_up,40.0,male,upper extremity,0
HAM_0000311,ISIC_0028205,nv,histo,45.0,male,back,0
HAM_0000312,ISIC_0029654,nv,histo,25.0,female,trunk,0
HAM_0000313,ISIC_0033100,nv,histo,40.0,male,lower extremity,0
HAM_0000313,ISIC_0033292,nv,histo,40.0,male,lower extremity,0
HAM_0000313,ISIC_0033610,nv,histo,40.0,male,lower extremity,0
HAM_0000314,ISIC_0024621,nv,follow_up,70.0,male,abdomen,0
HAM_0000315,ISIC_0027474,nv,follow_up,45.0,male,abdomen,0
HAM_0000320,ISIC_0026916,mel,histo,55.0,male,back,1
HAM_0000320,ISIC_0027863,mel,histo,55.0,male,back,1
HAM_0000325,ISIC_0029832,nv,follow_up,35.0,male,back,0
HAM_0000326,ISIC_0028353,nv,follow_up,65.0,female,trunk,0
HAM_0000327,ISIC_0026682,nv,follow_up,50.0,female,trunk,0
HAM_0000328,ISIC_0025482,nv,follow_up,40.0,male,lower extremity,0
HAM_0000330,ISIC_0030824,mel,histo,60.0,male,chest,1
HAM_0000331,ISIC_0026944,nv,follow_up,75.0,male,trunk,0
HAM_0000335,ISIC_0032021,nv,histo,25.0,female,upper extremity,0
HAM_0000336,ISIC_0028859,nv,histo,60.0,male,upper extremity,0
HAM_0000338,ISIC_0028631,nv,histo,30.0,male,back,0
HAM_0000340,ISIC_0026397,nv,follow_up,80.0,male,back,0
HAM_0000341,ISIC_0031634,nv,follow_up,35.0,female,upper extremity,0
HAM_0000343,ISIC_0027824,nv,follow_up,60.0,male,lower extremity,0
HAM_0000345,ISIC_0031361,nv,follow_up,40.0,male,trunk,0
HAM_0000348,ISIC_0028290,nv,histo,35.0,male,back,0
HAM_0000350,ISIC_0030921,nv,follow_up,60.0,female,back,0
HAM_0000353,ISIC_0032157,nv,histo,25.0,female,upper extremity,0
HAM_0000355,ISIC_0027842,nv,follow_up,30.0,male,abdomen,0
HAM_0000357,ISIC_0025134,nv,follow_up,55.0,male,neck,0
HAM_0000358,ISIC_0026976,mel,histo,60.0,male,back,1
HAM_0000359,ISIC_0025701,nv,follow_up,35.0,female,lower extremity,0
HAM_0000360,ISIC_0025854,nv,follow_up,35.0,male,lower extremity,0
HAM_0000363,ISIC_0027617,nv,follow_up,60.0,male,abdomen,0
HAM_0000365,ISIC_0026534,nv,follow_up,70.0,male,lower extremity,0
HAM_0000366,ISIC_0027147,nv,histo,75.0,male,back,0
HAM_0000366,ISIC_0029679,nv,histo,75.0,male,back,0
HAM_0000367,ISIC_0025462,nv,follow_up,45.0,female,trunk,0
HAM_0000368,ISIC_0027111,nv,follow_up,65.0,female,lower extremity,0
HAM_0000369,ISIC_0029400,nv,follow_up,55.0,female,upper extremity,0
HAM_0000370,ISIC_0025998,nv,follow_up,70.0,male,trunk,0
HAM_0000371,ISIC_0025395,nv,follow_up,55.0,female,lower extremity,0
HAM_0000375,ISIC_0030238,mel,histo,45.0,male,back,1
HAM_0000375,ISIC_0031233,mel,histo,45.0,male,back,1
HAM_0000377,ISIC_0025201,nv,follow_up,45.0,female,trunk,0
HAM_0000379,ISIC_0029980,nv,follow_up,60.0,male,trunk,0
HAM_0000387,ISIC_0031826,nv,follow_up,25.0,female,trunk,0
HAM_0000388,ISIC_0032544,mel,histo,60.0,male,back,1
HAM_0000388,ISIC_0032844,mel,histo,60.0,male,back,1
HAM_0000388,ISIC_0033819,mel,histo,60.0,male,back,1
HAM_0000389,ISIC_0029754,nv,follow_up,50.0,male,abdomen,0
HAM_0000390,ISIC_0026756,nv,follow_up,30.0,female,trunk,0
HAM_0000392,ISIC_0033440,mel,histo,70.0,male,trunk,1
HAM_0000392,ISIC_0034275,mel,histo,70.0,male,trunk,1
HAM_0000395,ISIC_0025421,nv,histo,40.0,male,upper extremity,0
HAM_0000395,ISIC_0029656,nv,histo,40.0,male,upper extremity,0
HAM_0000396,ISIC_0028481,mel,histo,70.0,male,lower extremity,1
HAM_0000396,ISIC_0029172,mel,histo,70.0,male,lower extremity,1
HAM_0000399,ISIC_0027599,nv,follow_up,60.0,female,upper extremity,0
HAM_0000400,ISIC_0031414,nv,follow_up,45.0,male,upper extremity,0
HAM_0000402,ISIC_0032612,nv,histo,10.0,female,foot,0
HAM_0000402,ISIC_0033837,nv,histo,10.0,female,foot,0
HAM_0000402,ISIC_0034039,nv,histo,10.0,female,foot,0
HAM_0000403,ISIC_0024874,nv,follow_up,45.0,female,back,0
HAM_0000404,ISIC_0031241,nv,follow_up,35.0,male,foot,0
HAM_0000406,ISIC_0030890,nv,consensus,20.0,female,back,0
HAM_0000406,ISIC_0031985,nv,consensus,20.0,female,back,0
HAM_0000407,ISIC_0032771,nv,histo,60.0,female,upper extremity,0
HAM_0000407,ISIC_0033297,nv,histo,60.0,female,upper extremity,0
HAM_0000407,ISIC_0033712,nv,histo,60.0,female,upper extremity,0
HAM_0000409,ISIC_0025829,nv,follow_up,45.0,male,abdomen,0
HAM_0000411,ISIC_0031283,nv,follow_up,40.0,female,trunk,0
HAM_0000412,ISIC_0032706,nv,consensus,70.0,male,trunk,0
HAM_0000413,ISIC_0024589,nv,follow_up,45.0,male,genital,0
HAM_0000414,ISIC_0032451,nv,follow_up,65.0,male,trunk,0
HAM_0000417,ISIC_0025783,mel,histo,65.0,male,back,1
HAM_0000417,ISIC_0031386,mel,histo,65.0,male,back,1
HAM_0000419,ISIC_0027741,nv,follow_up,50.0,male,trunk,0
HAM_0000420,ISIC_0026864,nv,follow_up,40.0,male,trunk,0
HAM_0000422,ISIC_0027664,nv,follow_up,40.0,male,trunk,0
HAM_0000423,ISIC_0033813,mel,histo,55.0,male,lower extremity,1
HAM_0000424,ISIC_0031328,nv,follow_up,45.0,female,lower extremity,0
HAM_0000427,ISIC_0025444,nv,follow_up,50.0,female,upper extremity,0
HAM_0000430,ISIC_0032477,nv,follow_up,35.0,male,abdomen,0
HAM_0000431,ISIC_0026067,nv,histo,35.0,female,back,0
HAM_0000431,ISIC_0030717,nv,histo,35.0,female,back,0
HAM_0000433,ISIC_0025472,mel,histo,55.0,male,back,1
HAM_0000433,ISIC_0031554,mel,histo,55.0,male,back,1
HAM_0000434,ISIC_0031635,nv,follow_up,45.0,female,trunk,0
HAM_0000436,ISIC_0026547,nv,follow_up,45.0,male,trunk,0
HAM_0000438,ISIC_0025532,nv,follow_up,45.0,female,lower extremity,0
HAM_0000439,ISIC_0033729,nv,histo,65.0,male,back,0
HAM_0000439,ISIC_0034137,nv,histo,65.0,male,back,0
HAM_0000439,ISIC_0034307,nv,histo,65.0,male,back,0
HAM_0000440,ISIC_0027972,nv,follow_up,55.0,female,lower extremity,0
HAM_0000442,ISIC_0031565,mel,histo,45.0,male,foot,1
HAM_0000443,ISIC_0034271,nv,histo,35.0,female,back,0
HAM_0000444,ISIC_0029118,nv,follow_up,55.0,male,abdomen,0
HAM_0000448,ISIC_0025100,nv,histo,25.0,male,lower extremity,0
HAM_0000448,ISIC_0026210,nv,histo,25.0,male,lower extremity,0
HAM_0000449,ISIC_0028327,nv,follow_up,35.0,male,lower extremity,0
HAM_0000450,ISIC_0025059,nv,follow_up,40.0,female,lower extremity,0
HAM_0000454,ISIC_0025522,nv,follow_up,35.0,female,abdomen,0
HAM_0000455,ISIC_0032005,nv,follow_up,50.0,female,back,0
HAM_0000458,ISIC_0025714,nv,follow_up,20.0,male,back,0
HAM_0000459,ISIC_0026584,nv,histo,75.0,male,upper extremity,0
HAM_0000461,ISIC_0027750,nv,follow_up,30.0,female,abdomen,0
HAM_0000464,ISIC_0026223,nv,histo,55.0,female,upper extremity,0
HAM_0000464,ISIC_0027002,nv,histo,55.0,female,upper extremity,0
HAM_0000464,ISIC_0027537,nv,histo,55.0,female,upper extremity,0
HAM_0000466,ISIC_0027749,nv,follow_up,45.0,female,lower extremity,0
HAM_0000467,ISIC_0030612,nv,follow_up,35.0,female,back,0
HAM_0000470,ISIC_0026965,nv,follow_up,50.0,female,foot,0
HAM_0000471,ISIC_0031656,nv,follow_up,50.0,male,trunk,0
HAM_0000474,ISIC_0030099,nv,follow_up,45.0,female,hand,0
HAM_0000475,ISIC_0027299,nv,follow_up,40.0,male,lower extremity,0
HAM_0000477,ISIC_0026292,nv,follow_up,45.0,female,trunk,0
HAM_0000479,ISIC_0030441,nv,follow_up,50.0,male,back,0
HAM_0000481,ISIC_0028634,nv,follow_up,60.0,male,back,0
HAM_0000483,ISIC_0032629,mel,histo,70.0,male,lower extremity,1
HAM_0000483,ISIC_0033643,mel,histo,70.0,male,lower extremity,1
HAM_0000483,ISIC_0034141,mel,histo,70.0,male,lower extremity,1
HAM_0000484,ISIC_0024309,nv,follow_up,40.0,male,trunk,0
HAM_0000485,ISIC_0024959,nv,histo,45.0,male,chest,0
HAM_0000488,ISIC_0032930,nv,consensus,40.0,male,back,0
HAM_0000489,ISIC_0024960,nv,follow_up,80.0,male,trunk,0
HAM_0000495,ISIC_0030200,nv,follow_up,50.0,male,trunk,0
HAM_0000497,ISIC_0024563,nv,follow_up,50.0,female,lower extremity,0
HAM_0000499,ISIC_0029599,nv,follow_up,45.0,male,abdomen,0
HAM_0000507,ISIC_0028921,nv,follow_up,75.0,male,abdomen,0
HAM_0000508,ISIC_0027495,nv,histo,75.0,male,chest,0
HAM_0000510,ISIC_0027342,nv,follow_up,45.0,female,trunk,0
HAM_0000514,ISIC_0028934,nv,follow_up,80.0,male,trunk,0
HAM_0000515,ISIC_0029737,nv,follow_up,45.0,male,trunk,0
HAM_0000517,ISIC_0030507,mel,histo,65.0,male,back,1
HAM_0000517,ISIC_0031005,mel,histo,65.0,male,back,1
HAM_0000520,ISIC_0026415,nv,follow_up,5.0,male,upper extremity,0
HAM_0000521,ISIC_0031889,nv,histo,55.0,male,chest,0
HAM_0000521,ISIC_0032148,nv,histo,55.0,male,chest,0
HAM_0000523,ISIC_0025978,nv,histo,30.0,female,back,0
HAM_0000523,ISIC_0031694,nv,histo,30.0,female,back,0
HAM_0000525,ISIC_0031510,nv,histo,60.0,male,neck,0
HAM_0000526,ISIC_0029997,nv,follow_up,5.0,male,upper extremity,0
HAM_0000528,ISIC_0028782,nv,follow_up,45.0,male,lower extremity,0
HAM_0000530,ISIC_0025135,nv,follow_up,60.0,female,abdomen,0
HAM_0000532,ISIC_0025365,nv,follow_up,45.0,female,foot,0
HAM_0000533,ISIC_0026380,nv,follow_up,40.0,male,trunk,0
HAM_0000536,ISIC_0027359,mel,histo,45.0,female,lower extremity,1
HAM_0000536,ISIC_0031844,mel,histo,45.0,female,lower extremity,1
HAM_0000539,ISIC_0024512,nv,follow_up,45.0,male,lower extremity,0
HAM_0000540,ISIC_0030748,nv,follow_up,65.0,female,abdomen,0
HAM_0000541,ISIC_0027646,nv,follow_up,20.0,male,back,0
HAM_0000551,ISIC_0025120,nv,follow_up,45.0,female,foot,0
HAM_0000553,ISIC_0032716,mel,histo,55.0,female,lower extremity,1
HAM_0000553,ISIC_0034061,mel,histo,55.0,female,lower extremity,1
HAM_0000553,ISIC_0034159,mel,histo,55.0,female,lower extremity,1
HAM_0000556,ISIC_0033484,nv,consensus,50.0,female,upper extremity,0
HAM_0000556,ISIC_0033540,nv,consensus,50.0,female,upper extremity,0
HAM_0000556,ISIC_0034279,nv,consensus,50.0,female,upper extremity,0
HAM_0000559,ISIC_0024693,nv,follow_up,45.0,female,upper extremity,0
HAM_0000560,ISIC_0031509,nv,follow_up,50.0,female,trunk,0
HAM_0000561,ISIC_0025143,nv,follow_up,45.0,male,genital,0
HAM_0000563,ISIC_0027900,mel,histo,40.0,female,lower extremity,1
HAM_0000564,ISIC_0027333,nv,follow_up,40.0,male,foot,0
HAM_0000565,ISIC_0025976,nv,follow_up,40.0,male,trunk,0
HAM_0000567,ISIC_0029677,nv,follow_up,35.0,male,trunk,0
HAM_0000568,ISIC_0026990,nv,follow_up,45.0,female,trunk,0
HAM_0000569,ISIC_0031592,nv,histo,55.0,male,abdomen,0
HAM_0000569,ISIC_0031615,nv,histo,55.0,male,abdomen,0
HAM_0000570,ISIC_0027404,nv,follow_up,35.0,male,abdomen,0
HAM_0000573,ISIC_0024988,nv,follow_up,40.0,female,foot,0
HAM_0000575,ISIC_0029936,nv,follow_up,30.0,male,back,0
HAM_0000576,ISIC_0025585,nv,follow_up,55.0,male,foot,0
HAM_0000578,ISIC_0033087,nv,histo,30.0,female,back,0
HAM_0000578,ISIC_0033288,nv,histo,30.0,female,back,0
HAM_0000579,ISIC_0032742,nv,histo,30.0,female,upper extremity,0
HAM_0000579,ISIC_0032961,nv,histo,30.0,female,upper extremity,0
HAM_0000579,ISIC_0034112,nv,histo,30.0,female,upper extremity,0
HAM_0000580,ISIC_0029293,nv,follow_up,50.0,male,trunk,0
HAM_0000583,ISIC_0029681,nv,follow_up,65.0,male,trunk,0
HAM_0000584,ISIC_0025888,nv,follow_up,35.0,female,lower extremity,0
HAM_0000585,ISIC_0030685,nv,follow_up,40.0,male,trunk,0
HAM_0000588,ISIC_0026746,mel,histo,65.0,female,back,1
HAM_0000588,ISIC_0028929,mel,histo,65.0,female,back,1
HAM_0000589,ISIC_0027103,nv,histo,15.0,female,neck,0
HAM_0000589,ISIC_0030194,nv,histo,15.0,female,neck,0
HAM_0000591,ISIC_0026654,nv,histo,70.0,male,chest,0
HAM_0000592,ISIC_0030781,nv,follow_up,50.0,female,back,0
HAM_0000594,ISIC_0029178,nv,follow_up,50.0,female,abdomen,0
HAM_0000595,ISIC_0025991,nv,follow_up,45.0,female,lower extremity,0
HAM_0000596,ISIC_0025385,nv,follow_up,50.0,male,abdomen,0
HAM_0000597,ISIC_0030654,nv,histo,35.0,female,abdomen,0
HAM_0000597,ISIC_0031621,nv,histo,35.0,female,abdomen,0
HAM_0000597,ISIC_0031822,nv,histo,35.0,female,abdomen,0
HAM_0000598,ISIC_0026557,nv,follow_up,50.0,female,back,0
HAM_0000599,ISIC_0026543,nv,follow_up,75.0,male,back,0
HAM_0000601,ISIC_0026578,nv,follow_up,40.0,female,abdomen,0
HAM_0000603,ISIC_0028441,nv,histo,80.0,male,abdomen,0
HAM_0000603,ISIC_0030742,nv,histo,80.0,male,abdomen,0
HAM_0000603,ISIC_0031374,nv,histo,80.0,male,abdomen,0
HAM_0000604,ISIC_0029208,nv,histo,35.0,male,ear,0
HAM_0000608,ISIC_0025756,nv,follow_up,30.0,female,foot,0
HAM_0000609,ISIC_0025778,nv,histo,75.0,female,upper extremity,0
HAM_0000609,ISIC_0025990,nv,histo,75.0,female,upper extremity,0
HAM_0000610,ISIC_0024689,nv,follow_up,45.0,male,lower extremity,0
HAM_0000611,ISIC_0033216,mel,histo,30.0,female,back,1
HAM_0000611,ISIC_0033801,mel,histo,30.0,female,back,1
HAM_0000611,ISIC_0033804,mel,histo,30.0,female,back,1
HAM_0000616,ISIC_0024750,nv,follow_up,50.0,male,trunk,0
HAM_0000617,ISIC_0029703,nv,follow_up,75.0,male,trunk,0
HAM_0000618,ISIC_0025840,nv,histo,30.0,female,lower extremity,0
HAM_0000619,ISIC_0026690,mel,histo,50.0,male,lower extremity,1
HAM_0000620,ISIC_0027414,nv,follow_up,30.0,female,trunk,0
HAM_0000622,ISIC_0030161,nv,follow_up,35.0,female,back,0
HAM_0000624,ISIC_0029089,mel,histo,70.0,male,back,1
HAM_0000627,ISIC_0034019,nv,consensus,,unknown,unknown,0
HAM_0000628,ISIC_0024567,nv,follow_up,35.0,female,lower extremity,0
HAM_0000629,ISIC_0029008,nv,follow_up,45.0,male,abdomen,0
HAM_0000630,ISIC_0026832,nv,follow_up,80.0,male,trunk,0
HAM_0000631,ISIC_0030885,nv,follow_up,45.0,female,trunk,0
HAM_0000633,ISIC_0030719,nv,follow_up,50.0,female,trunk,0
HAM_0000634,ISIC_0026099,nv,histo,65.0,female,back,0
HAM_0000634,ISIC_0028186,nv,histo,65.0,female,back,0
HAM_0000635,ISIC_0028663,nv,follow_up,60.0,female,lower extremity,0
HAM_0000636,ISIC_0027104,nv,follow_up,40.0,male,lower extremity,0
HAM_0000637,ISIC_0027514,nv,histo,75.0,male,trunk,0
HAM_0000638,ISIC_0029887,nv,follow_up,45.0,male,trunk,0
HAM_0000639,ISIC_0025257,nv,histo,70.0,female,upper extremity,0
HAM_0000639,ISIC_0033768,nv,histo,70.0,female,upper extremity,0
HAM_0000640,ISIC_0024663,nv,follow_up,55.0,female,abdomen,0
HAM_0000641,ISIC_0027477,nv,follow_up,60.0,male,lower extremity,0
HAM_0000642,ISIC_0026520,nv,follow_up,45.0,female,lower extremity,0
HAM_0000644,ISIC_0027728,nv,follow_up,30.0,male,trunk,0
HAM_0000645,ISIC_0024853,mel,histo,70.0,male,trunk,1
HAM_0000645,ISIC_0029513,mel,histo,70.0,male,trunk,1
HAM_0000646,ISIC_0025890,nv,follow_up,50.0,female,lower extremity,0
HAM_0000647,ISIC_0029911,nv,follow_up,45.0,female,upper extremity,0
HAM_0000649,ISIC_0027276,nv,follow_up,40.0,female,abdomen,0
HAM_0000650,ISIC_0033464,nv,consensus,20.0,male,back,0
HAM_0000651,ISIC_0032178,nv,follow_up,65.0,male,trunk,0
HAM_0000652,ISIC_0028597,nv,follow_up,40.0,female,upper extremity,0
HAM_0000654,ISIC_0027799,nv,follow_up,45.0,male,abdomen,0
HAM_0000656,ISIC_0027096,nv,follow_up,50.0,male,abdomen,0
HAM_0000657,ISIC_0030955,nv,follow_up,45.0,male,abdomen,0
HAM_0000660,ISIC_0028953,nv,follow_up,40.0,male,abdomen,0
HAM_0000661,ISIC_0025538,nv,follow_up,55.0,male,upper extremity,0
HAM_0000662,ISIC_0033317,mel,histo,80.0,male,face,1
HAM_0000662,ISIC_0033956,mel,histo,80.0,male,face,1
HAM_0000662,ISIC_0034269,mel,histo,80.0,male,face,1
HAM_0000663,ISIC_0027761,nv,follow_up,50.0,male,trunk,0
HAM_0000664,ISIC_0029535,nv,follow_up,60.0,male,abdomen,0
HAM_0000665,ISIC_0030259,nv,follow_up,60.0,male,lower extremity,0
HAM_0000666,ISIC_0026024,nv,consensus,0.0,male,foot,0
HAM_0000666,ISIC_0026122,nv,consensus,0.0,male,foot,0
HAM_0000667,ISIC_0028551,nv,histo,75.0,male,lower extremity,0
HAM_0000668,ISIC_0024808,nv,histo,45.0,male,back,0
HAM_0000669,ISIC_0032052,nv,follow_up,55.0,female,lower extremity,0
HAM_0000670,ISIC_0026204,nv,follow_up,55.0,male,trunk,0
HAM_0000671,ISIC_0030193,nv,follow_up,45.0,female,foot,0
HAM_0000672,ISIC_0029007,nv,follow_up,45.0,female,back,0
HAM_0000674,ISIC_0028983,nv,histo,35.0,female,back,0
HAM_0000675,ISIC_0033418,nv,consensus,35.0,male,abdomen,0
HAM_0000675,ISIC_0034054,nv,consensus,35.0,male,abdomen,0
HAM_0000676,ISIC_0032969,nv,histo,40.0,male,back,0
HAM_0000676,ISIC_0033894,nv,histo,40.0,male,back,0
HAM_0000678,ISIC_0029074,nv,follow_up,40.0,female,trunk,0
HAM_0000680,ISIC_0028927,nv,follow_up,70.0,male,back,0
HAM_0000681,ISIC_0032032,nv,follow_up,45.0,female,upper extremity,0
HAM_0000684,ISIC_0028439,nv,follow_up,50.0,male,trunk,0
HAM_0000689,ISIC_0024356,nv,histo,75.0,female,foot,0
HAM_0000689,ISIC_0028307,nv,histo,75.0,female,foot,0
HAM_0000691,ISIC_0026535,nv,follow_up,50.0,female,upper extremity,0
HAM_0000692,ISIC_0025364,nv,follow_up,50.0,female,lower extremity,0
HAM_0000693,ISIC_0028310,nv,histo,40.0,male,neck,0
HAM_0000694,ISIC_0032298,nv,follow_up,65.0,female,lower extremity,0
HAM_0000695,ISIC_0025757,nv,follow_up,50.0,female,trunk,0
HAM_0000697,ISIC_0029148,nv,follow_up,40.0,male,abdomen,0
HAM_0000699,ISIC_0031575,nv,follow_up,50.0,male,lower extremity,0
HAM_0000701,ISIC_0032115,nv,follow_up,45.0,female,upper extremity,0
HAM_0000702,ISIC_0030804,nv,follow_up,50.0,female,trunk,0
HAM_0000704,ISIC_0032954,nv,histo,35.0,female,trunk,0
HAM_0000704,ISIC_0033371,nv,histo,35.0,female,trunk,0
HAM_0000704,ISIC_0033823,nv,histo,35.0,female,trunk,0
HAM_0000705,ISIC_0025508,nv,follow_up,40.0,female,back,0
HAM_0000706,ISIC_0032690,mel,histo,50.0,male,face,1
HAM_0000706,ISIC_0032918,mel,histo,50.0,male,face,1
HAM_0000706,ISIC_0033668,mel,histo,50.0,male,face,1
HAM_0000709,ISIC_0032559,mel,histo,45.0,female,lower extremity,1
HAM_0000709,ISIC_0033114,mel,histo,45.0,female,lower extremity,1
HAM_0000709,ISIC_0034006,mel,histo,45.0,female,lower extremity,1
HAM_0000711,ISIC_0029387,nv,follow_up,80.0,male,abdomen,0
HAM_0000712,ISIC_0028434,nv,follow_up,45.0,male,abdomen,0
HAM_0000715,ISIC_0029287,nv,follow_up,50.0,male,trunk,0
HAM_0000717,ISIC_0030455,nv,histo,25.0,female,abdomen,0
HAM_0000721,ISIC_0030243,nv,histo,40.0,female,trunk,0
HAM_0000721,ISIC_0032058,nv,histo,40.0,female,trunk,0
HAM_0000723,ISIC_0031364,nv,follow_up,35.0,female,upper extremity,0
HAM_0000724,ISIC_0026038,nv,follow_up,65.0,female,back,0
HAM_0000725,ISIC_0027349,nv,follow_up,50.0,female,abdomen,0
HAM_0000726,ISIC_0030670,nv,follow_up,65.0,male,trunk,0
HAM_0000727,ISIC_0029961,nv,follow_up,50.0,male,lower extremity,0
HAM_0000729,ISIC_0030120,nv,follow_up,45.0,male,trunk,0
HAM_0000730,ISIC_0026619,nv,follow_up,50.0,male,abdomen,0
HAM_0000731,ISIC_0026813,nv,follow_up,40.0,female,upper extremity,0
HAM_0000732,ISIC_0026183,nv,follow_up,35.0,male,trunk,0
HAM_0000737,ISIC_0030353,nv,follow_up,55.0,male,abdomen,0
HAM_0000740,ISIC_0032142,nv,follow_up,50.0,male,abdomen,0
HAM_0000741,ISIC_0025956,nv,consensus,35.0,male,back,0
HAM_0000741,ISIC_0027607,nv,consensus,35.0,male,back,0
HAM_0000742,ISIC_0032048,nv,follow_up,55.0,male,trunk,0
HAM_0000743,ISIC_0024661,nv,follow_up,55.0,female,back,0
HAM_0000747,ISIC_0033748,nv,histo,30.0,male,trunk,0
HAM_0000747,ISIC_0034044,nv,histo,30.0,male,trunk,0
HAM_0000747,ISIC_0034319,nv,histo,30.0,male,trunk,0
HAM_0000751,ISIC_0025545,nv,histo,30.0,female,lower extremity,0
HAM_0000751,ISIC_0032003,nv,histo,30.0,female,lower extremity,0
HAM_0000753,ISIC_0031224,nv,follow_up,50.0,female,lower extremity,0
HAM_0000755,ISIC_0026180,nv,follow_up,55.0,male,foot,0
HAM_0000759,ISIC_0025655,nv,histo,80.0,male,back,0
HAM_0000759,ISIC_0030792,nv,histo,80.0,male,back,0
HAM_0000760,ISIC_0025318,nv,follow_up,50.0,male,trunk,0
HAM_0000761,ISIC_0026259,nv,follow_up,40.0,female,trunk,0
HAM_0000762,ISIC_0025667,nv,histo,30.0,female,back,0
HAM_0000762,ISIC_0027137,nv,histo,30.0,female,back,0
HAM_0000762,ISIC_0028982,nv,histo,30.0,female,back,0
HAM_0000764,ISIC_0028151,nv,histo,60.0,male,back,0
HAM_0000767,ISIC_0031239,mel,histo,60.0,male,back,1
HAM_0000768,ISIC_0028242,nv,follow_up,35.0,male,back,0
HAM_0000772,ISIC_0032994,nv,histo,20.0,female,face,0
HAM_0000772,ISIC_0033604,nv,histo,20.0,female,face,0
HAM_0000773,ISIC_0026049,nv,histo,30.0,female,abdomen,0
HAM_0000774,ISIC_0029707,nv,follow_up,55.0,female,lower extremity,0
HAM_0000776,ISIC_0027339,nv,follow_up,50.0,female,lower extremity,0
HAM_0000778,ISIC_0026665,nv,histo,30.0,female,back,0
HAM_0000778,ISIC_0028602,nv,histo,30.0,female,back,0
HAM_0000778,ISIC_0031039,nv,histo,30.0,female,back,0
HAM_0000780,ISIC_0027453,nv,follow_up,80.0,male,lower extremity,0
HAM_0000783,ISIC_0025633,nv,histo,60.0,male,back,0
HAM_0000785,ISIC_0027585,nv,follow_up,55.0,female,neck,0
HAM_0000786,ISIC_0028956,nv,follow_up,30.0,female,trunk,0
HAM_0000787,ISIC_0026157,nv,histo,35.0,male,back,0
HAM_0000789,ISIC_0028932,nv,follow_up,40.0,male,abdomen,0
HAM_0000793,ISIC_0030286,nv,follow_up,60.0,female,genital,0
HAM_0000794,ISIC_0026340,nv,histo,40.0,female,lower extremity,0
HAM_0000796,ISIC_0028041,mel,histo,60.0,male,trunk,1
HAM_0000796,ISIC_0028415,mel,histo,60.0,male,trunk,1
HAM_0000798,ISIC_0026751,nv,histo,65.0,male,foot,0
HAM_0000798,ISIC_0027538,nv,histo,65.0,male,foot,0
HAM_0000798,ISIC_0029332,nv,histo,65.0,male,foot,0
HAM_0000798,ISIC_0031064,nv,histo,65.0,male,foot,0
HAM_0000799,ISIC_0033226,mel,histo,65.0,male,upper extremity,1
HAM_0000799,ISIC_0033586,mel,histo,65.0,male,upper extremity,1
HAM_0000799,ISIC_0033611,mel,histo,65.0,male,upper extremity,1
HAM_0000804,ISIC_0029863,nv,follow_up,50.0,male,trunk,0
HAM_0000808,ISIC_0026315,nv,follow_up,60.0,male,upper extremity,0
HAM_0000809,ISIC_0030572,nv,follow_up,50.0,female,back,0
HAM_0000810,ISIC_0031734,nv,follow_up,35.0,female,abdomen,0
HAM_0000811,ISIC_0028470,nv,follow_up,35.0,male,abdomen,0
HAM_0000812,ISIC_0032442,nv,follow_up,50.0,female,trunk,0
HAM_0000815,ISIC_0026023,nv,histo,30.0,female,hand,0
HAM_0000815,ISIC_0030639,nv,histo,30.0,female,hand,0
HAM_0000816,ISIC_0027082,nv,follow_up,45.0,female,lower extremity,0
HAM_0000817,ISIC_0025174,nv,follow_up,55.0,female,lower extremity,0
HAM_0000818,ISIC_0029611,nv,follow_up,55.0,male,upper extremity,0
HAM_0000819,ISIC_0027777,nv,follow_up,40.0,male,upper extremity,0
HAM_0000820,ISIC_0028835,nv,follow_up,25.0,female,trunk,0
HAM_0000822,ISIC_0033841,nv,consensus,,unknown,unknown,0
HAM_0000824,ISIC_0029702,nv,follow_up,50.0,male,lower extremity,0
HAM_0000826,ISIC_0027362,nv,follow_up,45.0,male,back,0
HAM_0000828,ISIC_0024797,nv,follow_up,35.0,male,back,0
HAM_0000829,ISIC_0029440,nv,follow_up,60.0,male,lower extremity,0
HAM_0000831,ISIC_0029226,nv,follow_up,60.0,male,abdomen,0
HAM_0000834,ISIC_0029989,nv,follow_up,40.0,female,abdomen,0
HAM_0000839,ISIC_0032049,nv,follow_up,55.0,female,trunk,0
HAM_0000841,ISIC_0031455,nv,follow_up,55.0,male,back,0
HAM_0000842,ISIC_0025401,nv,follow_up,45.0,male,lower extremity,0
HAM_0000848,ISIC_0026294,nv,follow_up,50.0,female,trunk,0
HAM_0000849,ISIC_0029200,nv,follow_up,65.0,male,abdomen,0
HAM_0000850,ISIC_0028588,nv,histo,70.0,male,scalp,0
HAM_0000851,ISIC_0025074,nv,histo,50.0,female,back,0
HAM_0000852,ISIC_0025461,nv,follow_up,55.0,male,upper extremity,0
HAM_0000853,ISIC_0027153,nv,follow_up,50.0,female,back,0
HAM_0000855,ISIC_0033694,nv,histo,45.0,male,upper extremity,0
HAM_0000855,ISIC_0033897,nv,histo,45.0,male,upper extremity,0
HAM_0000855,ISIC_0034013,nv,histo,45.0,male,upper extremity,0
HAM_0000856,ISIC_0028537,mel,histo,35.0,male,back,1
HAM_0000856,ISIC_0029885,mel,histo,35.0,male,back,1
HAM_0000857,ISIC_0025229,nv,follow_up,30.0,female,trunk,0
HAM_0000861,ISIC_0026125,nv,histo,20.0,female,lower extremity,0
HAM_0000861,ISIC_0028734,nv,histo,20.0,female,lower extremity,0
HAM_0000862,ISIC_0030724,nv,follow_up,50.0,male,back,0
HAM_0000863,ISIC_0028899,mel,histo,70.0,male,back,1
HAM_0000863,ISIC_0031718,mel,histo,70.0,male,back,1
HAM_0000866,ISIC_0024480,nv,histo,60.0,male,back,0
HAM_0000869,ISIC_0031109,nv,follow_up,45.0,male,lower extremity,0
HAM_0000870,ISIC_0029923,nv,follow_up,50.0,male,trunk,0
HAM_0000874,ISIC_0032119,nv,follow_up,35.0,female,back,0
HAM_0000875,ISIC_0031022,nv,follow_up,60.0,male,back,0
HAM_0000876,ISIC_0026531,mel,histo,55.0,male,abdomen,1
HAM_0000876,ISIC_0032396,mel,histo,55.0,male,abdomen,1
HAM_0000877,ISIC_0030267,nv,follow_up,40.0,female,abdomen,0
HAM_0000878,ISIC_0028746,mel,histo,70.0,male,back,1
HAM_0000880,ISIC_0033089,mel,histo,60.0,male,face,1
HAM_0000880,ISIC_0033562,mel,histo,60.0,male,face,1
HAM_0000882,ISIC_0032241,nv,follow_up,50.0,male,back,0
HAM_0000883,ISIC_0030631,nv,follow_up,50.0,male,abdomen,0
HAM_0000885,ISIC_0025293,nv,follow_up,40.0,female,upper extremity,0
HAM_0000886,ISIC_0024560,nv,histo,65.0,male,back,0
HAM_0000886,ISIC_0029577,nv,histo,65.0,male,back,0
HAM_0000887,ISIC_0030501,mel,histo,50.0,male,back,1
HAM_0000889,ISIC_0025936,nv,histo,30.0,female,lower extremity,0
HAM_0000889,ISIC_0026401,nv,histo,30.0,female,lower extremity,0
HAM_0000889,ISIC_0026581,nv,histo,30.0,female,lower extremity,0
HAM_0000889,ISIC_0030370,nv,histo,30.0,female,lower extremity,0
HAM_0000890,ISIC_0029185,nv,follow_up,40.0,male,abdomen,0
HAM_0000892,ISIC_0024594,nv,histo,40.0,male,trunk,0
HAM_0000892,ISIC_0029845,nv,histo,40.0,male,trunk,0
HAM_0000894,ISIC_0030478,nv,follow_up,45.0,female,upper extremity,0
HAM_0000895,ISIC_0030510,nv,follow_up,55.0,female,lower extremity,0
HAM_0000896,ISIC_0025051,nv,histo,45.0,female,lower extremity,0
HAM_0000896,ISIC_0026560,nv,histo,45.0,female,lower extremity,0
HAM_0000897,ISIC_0029306,nv,histo,35.0,female,acral,0
HAM_0000900,ISIC_0026552,nv,histo,25.0,female,back,0
HAM_0000900,ISIC_0026666,nv,histo,25.0,female,back,0
HAM_0000901,ISIC_0032120,nv,follow_up,50.0,female,lower extremity,0
HAM_0000904,ISIC_0025149,nv,histo,30.0,male,back,0
HAM_0000904,ISIC_0025938,nv,histo,30.0,male,back,0
HAM_0000908,ISIC_0028340,nv,follow_up,75.0,male,lower extremity,0
HAM_0000911,ISIC_0029087,nv,follow_up,60.0,male,upper extremity,0
HAM_0000912,ISIC_0026232,nv,follow_up,45.0,female,abdomen,0
HAM_0000913,ISIC_0028559,nv,histo,70.0,male,back,0
HAM_0000914,ISIC_0025995,nv,follow_up,35.0,female,trunk,0
HAM_0000916,ISIC_0032167,nv,follow_up,45.0,female,abdomen,0
HAM_0000917,ISIC_0024701,mel,histo,55.0,female,back,1
HAM_0000917,ISIC_0030390,mel,histo,55.0,female,back,1
HAM_0000919,ISIC_0025204,nv,follow_up,35.0,female,trunk,0
HAM_0000921,ISIC_0026098,nv,follow_up,55.0,male,abdomen,0
HAM_0000922,ISIC_0031111,nv,histo,55.0,male,upper extremity,0
HAM_0000922,ISIC_0031301,nv,histo,55.0,male,upper extremity,0
HAM_0000924,ISIC_0026804,nv,histo,25.0,male,lower extremity,0
HAM_0000924,ISIC_0031194,nv,histo,25.0,male,lower extremity,0
HAM_0000925,ISIC_0030041,nv,follow_up,45.0,female,abdomen,0
HAM_0000927,ISIC_0027318,nv,follow_up,35.0,female,abdomen,0
HAM_0000928,ISIC_0026777,nv,histo,45.0,female,abdomen,0
HAM_0000928,ISIC_0031268,nv,histo,45.0,female,abdomen,0
HAM_0000930,ISIC_0027848,nv,histo,35.0,female,back,0
HAM_0000930,ISIC_0028971,nv,histo,35.0,female,back,0
HAM_0000932,ISIC_0026288,nv,follow_up,30.0,female,trunk,0
HAM_0000935,ISIC_0027399,nv,follow_up,50.0,male,back,0
HAM_0000936,ISIC_0030388,nv,follow_up,40.0,female,trunk,0
HAM_0000937,ISIC_0025344,nv,follow_up,40.0,female,trunk,0
HAM_0000938,ISIC_0031916,nv,follow_up,40.0,female,foot,0
HAM_0000942,ISIC_0028554,nv,follow_up,75.0,female,abdomen,0
HAM_0000943,ISIC_0025900,nv,follow_up,45.0,female,lower extremity,0
HAM_0000944,ISIC_0027864,nv,follow_up,75.0,male,upper extremity,0
HAM_0000947,ISIC_0024642,nv,histo,55.0,female,abdomen,0
HAM_0000947,ISIC_0025959,nv,histo,55.0,female,abdomen,0
HAM_0000949,ISIC_0032444,nv,histo,65.0,male,back,0
HAM_0000950,ISIC_0030590,nv,follow_up,35.0,male,lower extremity,0
HAM_0000952,ISIC_0024546,mel,histo,80.0,female,lower extremity,1
HAM_0000952,ISIC_0026009,mel,histo,80.0,female,lower extremity,1
HAM_0000952,ISIC_0030689,mel,histo,80.0,female,lower extremity,1
HAM_0000956,ISIC_0025251,nv,follow_up,45.0,female,neck,0
HAM_0000957,ISIC_0029449,nv,follow_up,55.0,female,back,0
HAM_0000958,ISIC_0028175,nv,follow_up,45.0,male,lower extremity,0
HAM_0000960,ISIC_0025779,nv,histo,25.0,male,back,0
HAM_0000960,ISIC_0027198,nv,histo,25.0,male,back,0
HAM_0000961,ISIC_0024882,nv,histo,70.0,male,lower extremity,0
HAM_0000961,ISIC_0028468,nv,histo,70.0,male,lower extremity,0
HAM_0000963,ISIC_0032227,nv,histo,35.0,male,trunk,0
HAM_0000965,ISIC_0027855,nv,histo,45.0,female,back,0
HAM_0000965,ISIC_0029190,nv,histo,45.0,female,back,0
HAM_0000966,ISIC_0030168,nv,follow_up,45.0,female,trunk,0
HAM_0000969,ISIC_0028071,nv,follow_up,40.0,female,lower extremity,0
HAM_0000970,ISIC_0032574,nv,histo,45.0,male,face,0
HAM_0000970,ISIC_0033244,nv,histo,45.0,male,face,0
HAM_0000970,ISIC_0033398,nv,histo,45.0,male,face,0
HAM_0000971,ISIC_0026546,nv,histo,25.0,female,unknown,0
HAM_0000971,ISIC_0027671,nv,histo,25.0,female,unknown,0
HAM_0000975,ISIC_0029267,nv,follow_up,40.0,female,trunk,0
HAM_0000976,ISIC_0030833,nv,histo,40.0,male,chest,0
HAM_0000976,ISIC_0031880,nv,histo,40.0,male,chest,0
HAM_0000977,ISIC_0024842,nv,histo,45.0,male,abdomen,0
HAM_0000977,ISIC_0028803,nv,histo,45.0,male,abdomen,0
HAM_0000978,ISIC_0025882,nv,follow_up,55.0,male,abdomen,0
HAM_0000980,ISIC_0028627,nv,follow_up,45.0,male,lower extremity,0
HAM_0000981,ISIC_0024311,nv,follow_up,75.0,female,back,0
HAM_0000986,ISIC_0026227,nv,follow_up,45.0,female,upper extremity,0
HAM_0000988,ISIC_0031186,mel,histo,70.0,male,face,1
HAM_0000989,ISIC_0028070,nv,follow_up,55.0,male,lower extremity,0
HAM_0000990,ISIC_0031801,nv,follow_up,45.0,female,trunk,0
HAM_0000995,ISIC_0027241,nv,follow_up,40.0,female,trunk,0
HAM_0000997,ISIC_0030385,nv,follow_up,75.0,female,trunk,0
HAM_0001000,ISIC_0033353,nv,consensus,,unknown,unknown,0
HAM_0001002,ISIC_0026348,nv,histo,55.0,male,upper extremity,0
HAM_0001002,ISIC_0028280,nv,histo,55.0,male,upper extremity,0
HAM_0001003,ISIC_0028629,nv,follow_up,70.0,male,back,0
HAM_0001005,ISIC_0028058,nv,follow_up,55.0,female,trunk,0
HAM_0001006,ISIC_0027602,nv,follow_up,40.0,male,trunk,0
HAM_0001008,ISIC_0031898,nv,follow_up,50.0,female,back,0
HAM_0001009,ISIC_0029401,nv,consensus,35.0,male,foot,0
HAM_0001010,ISIC_0026170,nv,follow_up,60.0,female,lower extremity,0
HAM_0001012,ISIC_0031867,nv,histo,55.0,male,chest,0
HAM_0001013,ISIC_0031533,nv,follow_up,75.0,male,lower extremity,0
HAM_0001014,ISIC_0031278,nv,histo,70.0,male,back,0
HAM_0001014,ISIC_0032423,nv,histo,70.0,male,back,0
HAM_0001016,ISIC_0028845,nv,follow_up,35.0,male,abdomen,0
HAM_0001017,ISIC_0024507,nv,consensus,30.0,female,abdomen,0
HAM_0001019,ISIC_0026377,nv,follow_up,75.0,female,upper extremity,0
HAM_0001025,ISIC_0030891,nv,follow_up,45.0,female,trunk,0
HAM_0001028,ISIC_0031220,nv,histo,35.0,female,upper extremity,0
HAM_0001029,ISIC_0024384,nv,follow_up,35.0,male,lower extremity,0
HAM_0001030,ISIC_0027363,nv,follow_up,30.0,female,upper extremity,0
HAM_0001031,ISIC_0030626,nv,histo,40.0,male,trunk,0
HAM_0001031,ISIC_0031163,nv,histo,40.0,male,trunk,0
HAM_0001032,ISIC_0028321,nv,follow_up,55.0,male,abdomen,0
HAM_0001033,ISIC_0031658,nv,follow_up,40.0,female,back,0
HAM_0001034,ISIC_0026691,nv,follow_up,40.0,female,trunk,0
HAM_0001037,ISIC_0031645,nv,histo,35.0,male,foot,0
HAM_0001037,ISIC_0031726,nv,histo,35.0,male,foot,0
HAM_0001039,ISIC_0026356,nv,follow_up,60.0,female,abdomen,0
HAM_0001042,ISIC_0025246,nv,follow_up,5.0,male,lower extremity,0
HAM_0001045,ISIC_0024605,nv,follow_up,45.0,male,abdomen,0
HAM_0001046,ISIC_0032951,nv,histo,40.0,male,abdomen,0
HAM_0001046,ISIC_0033964,nv,histo,40.0,male,abdomen,0
HAM_0001046,ISIC_0034146,nv,histo,40.0,male,abdomen,0
HAM_0001047,ISIC_0028853,nv,follow_up,35.0,female,back,0
HAM_0001050,ISIC_0030317,nv,follow_up,50.0,female,upper extremity,0
HAM_0001051,ISIC_0024686,nv,follow_up,35.0,male,back,0
HAM_0001052,ISIC_0031053,nv,histo,30.0,male,lower extremity,0
HAM_0001054,ISIC_0029006,nv,follow_up,40.0,male,lower extremity,0
HAM_0001056,ISIC_0025329,nv,follow_up,25.0,male,trunk,0
HAM_0001060,ISIC_0024405,nv,follow_up,45.0,male,foot,0
HAM_0001061,ISIC_0029526,nv,follow_up,45.0,male,back,0
HAM_0001064,ISIC_0031797,nv,follow_up,45.0,female,lower extremity,0
HAM_0001065,ISIC_0030035,nv,follow_up,40.0,female,lower extremity,0
HAM_0001066,ISIC_0028949,nv,follow_up,40.0,male,lower extremity,0
HAM_0001067,ISIC_0028813,nv,follow_up,40.0,male,lower extremity,0
HAM_0001068,ISIC_0029365,nv,follow_up,40.0,male,lower extremity,0
HAM_0001069,ISIC_0028898,mel,histo,60.0,female,lower extremity,1
HAM_0001069,ISIC_0030843,mel,histo,60.0,female,lower extremity,1
HAM_0001070,ISIC_0027499,nv,follow_up,40.0,female,trunk,0
HAM_0001071,ISIC_0027570,nv,follow_up,50.0,male,trunk,0
HAM_0001072,ISIC_0026041,nv,follow_up,45.0,female,trunk,0
HAM_0001074,ISIC_0030764,nv,follow_up,50.0,male,lower extremity,0
HAM_0001075,ISIC_0028743,nv,follow_up,30.0,female,back,0
HAM_0001079,ISIC_0031371,nv,follow_up,55.0,male,lower extremity,0
HAM_0001083,ISIC_0025540,nv,consensus,35.0,female,unknown,0
HAM_0001083,ISIC_0032333,nv,consensus,35.0,female,unknown,0
HAM_0001084,ISIC_0030946,nv,follow_up,65.0,male,trunk,0
HAM_0001085,ISIC_0025919,nv,follow_up,75.0,male,abdomen,0
HAM_0001087,ISIC_0031785,nv,follow_up,60.0,male,lower extremity,0
HAM_0001088,ISIC_0031959,nv,histo,45.0,female,upper extremity,0
HAM_0001088,ISIC_0032078,nv,histo,45.0,female,upper extremity,0
HAM_0001090,ISIC_0031207,nv,follow_up,45.0,male,lower extremity,0
HAM_0001093,ISIC_0032198,nv,follow_up,75.0,female,upper extremity,0
HAM_0001095,ISIC_0026647,mel,histo,75.0,male,lower extremity,1
HAM_0001096,ISIC_0026932,nv,follow_up,50.0,male,back,0
HAM_0001097,ISIC_0032950,nv,histo,50.0,female,chest,0
HAM_0001097,ISIC_0034156,nv,histo,50.0,female,chest,0
HAM_0001098,ISIC_0024671,nv,follow_up,35.0,female,abdomen,0
HAM_0001100,ISIC_0028194,nv,histo,55.0,male,chest,0
HAM_0001100,ISIC_0032209,nv,histo,55.0,male,chest,0
HAM_0001101,ISIC_0030621,nv,histo,50.0,female,upper extremity,0
HAM_0001102,ISIC_0029903,nv,follow_up,55.0,male,trunk,0
HAM_0001103,ISIC_0030918,nv,follow_up,45.0,male,upper extremity,0
HAM_0001104,ISIC_0027183,nv,histo,25.0,male,upper extremity,0
HAM_0001104,ISIC_0027908,nv,histo,25.0,male,upper extremity,0
HAM_0001106,ISIC_0033225,nv,consensus,35.0,male,chest,0
HAM_0001106,ISIC_0033615,nv,consensus,35.0,male,chest,0
HAM_0001107,ISIC_0027644,nv,histo,40.0,male,upper extremity,0
HAM_0001107,ISIC_0032009,nv,histo,40.0,male,upper extremity,0
HAM_0001108,ISIC_0027313,nv,follow_up,75.0,male,lower extremity,0
HAM_0001109,ISIC_0027636,nv,follow_up,60.0,male,trunk,0
HAM_0001111,ISIC_0026209,nv,histo,70.0,male,back,0
HAM_0001112,ISIC_0024359,nv,follow_up,40.0,male,back,0
HAM_0001114,ISIC_0031260,nv,follow_up,75.0,male,abdomen,0
HAM_0001116,ISIC_0028601,nv,follow_up,40.0,male,lower extremity,0
HAM_0001120,ISIC_0025726,nv,histo,40.0,female,chest,0
HAM_0001121,ISIC_0024788,nv,follow_up,40.0,female,trunk,0
HAM_0001123,ISIC_0027554,nv,follow_up,50.0,female,lower extremity,0
HAM_0001124,ISIC_0026587,nv,follow_up,50.0,female,abdomen,0
HAM_0001125,ISIC_0024827,nv,histo,60.0,male,chest,0
HAM_0001125,ISIC_0031304,nv,histo,60.0,male,chest,0
HAM_0001126,ISIC_0025123,nv,histo,20.0,female,back,0
HAM_0001126,ISIC_0028276,nv,histo,20.0,female,back,0
HAM_0001128,ISIC_0029444,nv,follow_up,50.0,female,trunk,0
HAM_0001130,ISIC_0024694,nv,histo,65.0,male,abdomen,0
HAM_0001130,ISIC_0030610,nv,histo,65.0,male,abdomen,0
HAM_0001133,ISIC_0032980,nv,histo,20.0,female,back,0
HAM_0001133,ISIC_0034179,nv,histo,20.0,female,back,0
HAM_0001133,ISIC_0034206,nv,histo,20.0,female,back,0
HAM_0001134,ISIC_0026913,nv,histo,40.0,male,chest,0
HAM_0001136,ISIC_0031848,nv,histo,40.0,male,chest,0
HAM_0001137,ISIC_0029359,nv,histo,60.0,female,chest,0
HAM_0001137,ISIC_0029746,nv,histo,60.0,female,chest,0
HAM_0001139,ISIC_0033028,nv,consensus,,unknown,unknown,0
HAM_0001140,ISIC_0024884,nv,follow_up,55.0,male,back,0
HAM_0001141,ISIC_0028918,nv,histo,25.0,male,back,0
HAM_0001141,ISIC_0030697,nv,histo,25.0,male,back,0
HAM_0001142,ISIC_0024503,nv,histo,50.0,male,foot,0
HAM_0001142,ISIC_0029667,nv,histo,50.0,male,foot,0
HAM_0001143,ISIC_0033426,mel,histo,55.0,male,back,1
HAM_0001144,ISIC_0030673,nv,follow_up,50.0,male,lower extremity,0
HAM_0001146,ISIC_0032480,nv,follow_up,75.0,male,trunk,0
HAM_0001149,ISIC_0028924,nv,follow_up,55.0,male,upper extremity,0
HAM_0001150,ISIC_0030486,mel,histo,80.0,male,ear,1
HAM_0001151,ISIC_0024649,nv,follow_up,50.0,female,trunk,0
HAM_0001153,ISIC_0025849,nv,follow_up,45.0,female,lower extremity,0
HAM_0001154,ISIC_0025013,nv,histo,45.0,male,back,0
HAM_0001154,ISIC_0027724,nv,histo,45.0,male,back,0
HAM_0001155,ISIC_0032987,mel,histo,70.0,male,face,1
HAM_0001157,ISIC_0027423,nv,histo,65.0,male,upper extremity,0
HAM_0001157,ISIC_0028737,nv,histo,65.0,male,upper extremity,0
HAM_0001157,ISIC_0030057,nv,histo,65.0,male,upper extremity,0
HAM_0001159,ISIC_0026533,nv,follow_up,45.0,female,back,0
HAM_0001160,ISIC_0024340,nv,histo,10.0,female,foot,0
HAM_0001160,ISIC_0027361,nv,histo,10.0,female,foot,0
HAM_0001162,ISIC_0029211,nv,follow_up,75.0,male,lower extremity,0
HAM_0001163,ISIC_0028997,nv,follow_up,35.0,female,face,0
HAM_0001165,ISIC_0030199,nv,follow_up,40.0,male,upper extremity,0
HAM_0001168,ISIC_0024803,nv,follow_up,45.0,female,back,0
HAM_0001169,ISIC_0029328,nv,consensus,10.0,male,upper extremity,0
HAM_0001169,ISIC_0030384,nv,consensus,10.0,male,upper extremity,0
HAM_0001170,ISIC_0032202,nv,follow_up,55.0,male,abdomen,0
HAM_0001174,ISIC_0033027,mel,histo,70.0,male,scalp,1
HAM_0001180,ISIC_0029303,nv,follow_up,50.0,male,trunk,0
HAM_0001181,ISIC_0030409,nv,follow_up,50.0,female,upper extremity,0
HAM_0001182,ISIC_0029361,nv,follow_up,50.0,male,trunk,0
HAM_0001185,ISIC_0029063,nv,follow_up,55.0,male,trunk,0
HAM_0001187,ISIC_0027914,nv,follow_up,45.0,male,trunk,0
HAM_0001188,ISIC_0032162,nv,follow_up,35.0,female,abdomen,0
HAM_0001189,ISIC_0029777,nv,follow_up,30.0,female,lower extremity,0
HAM_0001190,ISIC_0026071,nv,histo,70.0,female,upper extremity,0
HAM_0001190,ISIC_0028873,nv,histo,70.0,female,upper extremity,0
HAM_0001192,ISIC_0031546,nv,histo,50.0,female,foot,0
HAM_0001192,ISIC_0033859,nv,histo,50.0,female,foot,0
HAM_0001193,ISIC_0029125,nv,follow_up,55.0,female,lower extremity,0
HAM_0001194,ISIC_0028991,nv,follow_up,45.0,female,lower extremity,0
HAM_0001197,ISIC_0031420,nv,follow_up,30.0,female,upper extremity,0
HAM_0001199,ISIC_0025802,nv,follow_up,45.0,female,trunk,0
HAM_0001201,ISIC_0024691,nv,follow_up,50.0,female,trunk,0
HAM_0001203,ISIC_0025081,mel,histo,30.0,female,abdomen,1
HAM_0001203,ISIC_0030134,mel,histo,30.0,female,abdomen,1
HAM_0001205,ISIC_0025034,nv,follow_up,50.0,male,abdomen,0
HAM_0001206,ISIC_0031320,nv,follow_up,55.0,male,abdomen,0
HAM_0001207,ISIC_0032436,nv,histo,50.0,female,back,0
HAM_0001208,ISIC_0026047,nv,follow_up,45.0,female,lower extremity,0
HAM_0001209,ISIC_0033064,nv,consensus,,unknown,unknown,0
HAM_0001210,ISIC_0025841,nv,follow_up,40.0,male,lower extremity,0
HAM_0001211,ISIC_0033781,nv,histo,50.0,male,chest,0
HAM_0001212,ISIC_0024846,nv,histo,40.0,female,back,0
HAM_0001214,ISIC_0025439,mel,histo,55.0,male,chest,1
HAM_0001216,ISIC_0026499,nv,follow_up,40.0,female,upper extremity,0
HAM_0001218,ISIC_0032864,nv,histo,35.0,female,trunk,0
HAM_0001218,ISIC_0033650,nv,histo,35.0,female,trunk,0
HAM_0001218,ISIC_0033763,nv,histo,35.0,female,trunk,0
HAM_0001220,ISIC_0027931,nv,histo,60.0,female,chest,0
HAM_0001220,ISIC_0029636,nv,histo,60.0,female,chest,0
HAM_0001222,ISIC_0029916,nv,follow_up,60.0,male,back,0
HAM_0001224,ISIC_0030777,nv,follow_up,50.0,female,trunk,0
HAM_0001228,ISIC_0031717,nv,follow_up,40.0,male,back,0
HAM_0001229,ISIC_0032401,nv,follow_up,25.0,female,upper extremity,0
HAM_0001231,ISIC_0025878,nv,follow_up,45.0,male,trunk,0
HAM_0001235,ISIC_0024530,nv,follow_up,35.0,male,lower extremity,0
HAM_0001236,ISIC_0030615,nv,histo,60.0,male,back,0
HAM_0001242,ISIC_0025988,nv,histo,40.0,female,lower extremity,0
HAM_0001244,ISIC_0030530,nv,follow_up,45.0,female,lower extremity,0
HAM_0001247,ISIC_0024557,nv,follow_up,40.0,male,back,0
HAM_0001251,ISIC_0026972,nv,follow_up,45.0,male,lower extremity,0
HAM_0001252,ISIC_0026284,nv,follow_up,40.0,male,hand,0
HAM_0001253,ISIC_0025704,nv,follow_up,55.0,female,back,0
HAM_0001254,ISIC_0030987,nv,follow_up,50.0,female,upper extremity,0
HAM_0001255,ISIC_0030948,nv,follow_up,50.0,female,trunk,0
HAM_0001256,ISIC_0025997,nv,follow_up,50.0,female,trunk,0
HAM_0001257,ISIC_0024614,nv,follow_up,35.0,female,abdomen,0
HAM_0001259,ISIC_0028252,nv,consensus,40.0,female,abdomen,0
HAM_0001260,ISIC_0024421,nv,follow_up,35.0,male,lower extremity,0
HAM_0001262,ISIC_0026677,nv,follow_up,55.0,female,lower extremity,0
HAM_0001263,ISIC_0031463,nv,follow_up,45.0,male,back,0
HAM_0001264,ISIC_0032838,nv,histo,45.0,male,chest,0
HAM_0001264,ISIC_0033057,nv,histo,45.0,male,chest,0
HAM_0001264,ISIC_0034230,nv,histo,45.0,male,chest,0
HAM_0001265,ISIC_0025061,nv,consensus,45.0,female,foot,0
HAM_0001265,ISIC_0026182,nv,consensus,45.0,female,foot,0
HAM_0001267,ISIC_0030454,nv,follow_up,45.0,male,lower extremity,0
HAM_0001269,ISIC_0027582,nv,histo,40.0,female,trunk,0
HAM_0001270,ISIC_0031935,nv,follow_up,55.0,male,trunk,0
HAM_0001272,ISIC_0029265,mel,histo,85.0,male,upper extremity,1
HAM_0001272,ISIC_0032968,mel,histo,85.0,male,upper extremity,1
HAM_0001274,ISIC_0032462,mel,histo,70.0,male,upper extremity,1
HAM_0001275,ISIC_0025495,nv,follow_up,55.0,male,trunk,0
HAM_0001276,ISIC_0031948,nv,histo,70.0,male,trunk,0
HAM_0001278,ISIC_0024527,nv,follow_up,50.0,male,trunk,0
HAM_0001279,ISIC_0025855,nv,histo,50.0,female,back,0
HAM_0001279,ISIC_0032374,nv,histo,50.0,female,back,0
HAM_0001280,ISIC_0033704,mel,histo,60.0,male,back,1
HAM_0001280,ISIC_0033893,mel,histo,60.0,male,back,1
HAM_0001281,ISIC_0027048,nv,follow_up,55.0,female,lower extremity,0
HAM_0001284,ISIC_0024972,mel,histo,75.0,female,ear,1
HAM_0001284,ISIC_0031779,mel,histo,75.0,female,ear,1
HAM_0001285,ISIC_0031553,nv,follow_up,55.0,female,trunk,0
HAM_0001287,ISIC_0024535,nv,follow_up,50.0,male,back,0
HAM_0001288,ISIC_0029757,nv,follow_up,60.0,male,lower extremity,0
HAM_0001289,ISIC_0026725,nv,follow_up,55.0,female,abdomen,0
HAM_0001290,ISIC_0032263,nv,follow_up,40.0,male,lower extremity,0
HAM_0001291,ISIC_0024613,nv,follow_up,60.0,female,upper extremity,0
HAM_0001293,ISIC_0030062,nv,follow_up,45.0,female,abdomen,0
HAM_0001295,ISIC_0024703,nv,follow_up,20.0,male,lower extremity,0
HAM_0001297,ISIC_0030135,nv,histo,60.0,male,back,0
HAM_0001297,ISIC_0030941,nv,histo,60.0,male,back,0
HAM_0001298,ISIC_0024731,nv,follow_up,55.0,female,lower extremity,0
HAM_0001304,ISIC_0028328,nv,follow_up,40.0,female,lower extremity,0
HAM_0001305,ISIC_0030887,nv,follow_up,55.0,female,trunk,0
HAM_0001306,ISIC_0026603,nv,consensus,75.0,female,back,0
HAM_0001306,ISIC_0028272,nv,consensus,75.0,female,back,0
HAM_0001311,ISIC_0031544,nv,follow_up,45.0,female,lower extremity,0
HAM_0001313,ISIC_0025562,nv,histo,70.0,male,lower extremity,0
HAM_0001316,ISIC_0031660,nv,histo,45.0,male,back,0
HAM_0001317,ISIC_0027995,nv,follow_up,45.0,male,back,0
HAM_0001319,ISIC_0026053,nv,histo,70.0,male,back,0
HAM_0001319,ISIC_0028599,nv,histo,70.0,male,back,0
HAM_0001323,ISIC_0032087,nv,follow_up,50.0,female,back,0
HAM_0001324,ISIC_0028435,nv,follow_up,30.0,female,lower extremity,0
HAM_0001329,ISIC_0029650,nv,consensus,40.0,female,lower extremity,0
HAM_0001329,ISIC_0029879,nv,consensus,40.0,female,lower extremity,0
HAM_0001330,ISIC_0026818,nv,histo,20.0,female,abdomen,0
HAM_0001332,ISIC_0026953,nv,follow_up,55.0,female,abdomen,0
HAM_0001334,ISIC_0030328,nv,histo,45.0,male,back,0
HAM_0001334,ISIC_0031363,nv,histo,45.0,male,back,0
HAM_0001336,ISIC_0028935,nv,follow_up,50.0,female,upper extremity,0
HAM_0001338,ISIC_0028428,nv,follow_up,55.0,male,trunk,0
HAM_0001339,ISIC_0026201,nv,follow_up,5.0,male,trunk,0
HAM_0001341,ISIC_0025191,nv,follow_up,45.0,male,trunk,0
HAM_0001342,ISIC_0029366,nv,histo,55.0,female,abdomen,0
HAM_0001342,ISIC_0032378,nv,histo,55.0,female,abdomen,0
HAM_0001344,ISIC_0032687,mel,histo,45.0,male,back,1
HAM_0001344,ISIC_0033055,mel,histo,45.0,male,back,1
HAM_0001345,ISIC_0028407,nv,follow_up,55.0,female,upper extremity,0
HAM_0001346,ISIC_0026928,nv,follow_up,55.0,female,back,0
HAM_0001347,ISIC_0025181,nv,histo,80.0,male,unknown,0
HAM_0001348,ISIC_0028259,nv,follow_up,35.0,female,upper extremity,0
HAM_0001349,ISIC_0024351,mel,histo,70.0,female,lower extremity,1
HAM_0001349,ISIC_0028225,mel,histo,70.0,female,lower extremity,1
HAM_0001349,ISIC_0032425,mel,histo,70.0,female,lower extremity,1
HAM_0001350,ISIC_0030221,nv,follow_up,45.0,female,trunk,0
HAM_0001351,ISIC_0031684,nv,follow_up,50.0,female,back,0
HAM_0001352,ISIC_0029896,nv,follow_up,50.0,female,trunk,0
HAM_0001353,ISIC_0024886,mel,histo,55.0,female,face,1
HAM_0001353,ISIC_0030759,mel,histo,55.0,female,face,1
HAM_0001355,ISIC_0028711,nv,follow_up,55.0,male,trunk,0
HAM_0001356,ISIC_0026333,nv,consensus,60.0,female,chest,0
HAM_0001356,ISIC_0029498,nv,consensus,60.0,female,chest,0
HAM_0001357,ISIC_0027145,nv,follow_up,45.0,male,back,0
HAM_0001363,ISIC_0026900,nv,follow_up,40.0,male,upper extremity,0
HAM_0001364,ISIC_0029510,nv,follow_up,45.0,male,back,0
HAM_0001365,ISIC_0026307,nv,follow_up,40.0,male,lower extremity,0
HAM_0001366,ISIC_0032814,nv,consensus,,unknown,unknown,0
HAM_0001367,ISIC_0029239,nv,follow_up,45.0,female,abdomen,0
HAM_0001368,ISIC_0029445,nv,follow_up,30.0,male,genital,0
HAM_0001370,ISIC_0030257,nv,follow_up,40.0,female,trunk,0
HAM_0001371,ISIC_0029322,nv,follow_up,50.0,female,trunk,0
HAM_0001373,ISIC_0029999,nv,follow_up,50.0,female,lower extremity,0
HAM_0001374,ISIC_0029946,nv,follow_up,50.0,male,upper extremity,0
HAM_0001375,ISIC_0026238,nv,follow_up,45.0,female,trunk,0
HAM_0001382,ISIC_0028922,nv,follow_up,80.0,male,lower extremity,0
HAM_0001387,ISIC_0024879,nv,follow_up,45.0,female,back,0
HAM_0001392,ISIC_0030411,nv,follow_up,45.0,female,lower extremity,0
HAM_0001393,ISIC_0027418,nv,consensus,55.0,female,back,0
HAM_0001393,ISIC_0029030,nv,consensus,55.0,female,back,0
HAM_0001395,ISIC_0031818,nv,follow_up,50.0,female,foot,0
HAM_0001397,ISIC_0026796,mel,histo,70.0,male,back,1
HAM_0001398,ISIC_0027934,nv,follow_up,65.0,female,back,0
HAM_0001400,ISIC_0033059,nv,histo,35.0,male,upper extremity,0
HAM_0001400,ISIC_0033113,nv,histo,35.0,male,upper extremity,0
HAM_0001400,ISIC_0033547,nv,histo,35.0,male,upper extremity,0
HAM_0001401,ISIC_0031729,nv,follow_up,50.0,male,abdomen,0
HAM_0001403,ISIC_0025852,nv,follow_up,50.0,male,abdomen,0
HAM_0001404,ISIC_0028533,nv,follow_up,60.0,male,lower extremity,0
HAM_0001405,ISIC_0033033,nv,histo,55.0,female,lower extremity,0
HAM_0001405,ISIC_0033390,nv,histo,55.0,female,lower extremity,0
HAM_0001405,ISIC_0033836,nv,histo,55.0,female,lower extremity,0
HAM_0001407,ISIC_0025931,nv,follow_up,45.0,female,trunk,0
HAM_0001409,ISIC_0026188,mel,histo,70.0,male,trunk,1
HAM_0001410,ISIC_0024830,nv,consensus,15.0,female,chest,0
HAM_0001410,ISIC_0029143,nv,consensus,15.0,female,chest,0
HAM_0001411,ISIC_0027869,nv,follow_up,35.0,female,lower extremity,0
HAM_0001414,ISIC_0024473,nv,follow_up,50.0,male,lower extremity,0
HAM_0001419,ISIC_0024892,nv,follow_up,55.0,female,lower extremity,0
HAM_0001421,ISIC_0027586,nv,follow_up,45.0,female,trunk,0
HAM_0001422,ISIC_0029414,nv,follow_up,45.0,male,back,0
HAM_0001428,ISIC_0026268,mel,histo,80.0,male,face,1
HAM_0001433,ISIC_0033735,nv,consensus,,unknown,unknown,0
HAM_0001438,ISIC_0030490,nv,follow_up,55.0,male,back,0
HAM_0001439,ISIC_0024442,nv,follow_up,55.0,female,foot,0
HAM_0001441,ISIC_0024660,nv,follow_up,55.0,female,lower extremity,0
HAM_0001445,ISIC_0029433,nv,follow_up,35.0,male,trunk,0
HAM_0001446,ISIC_0026754,mel,histo,65.0,female,scalp,1
HAM_0001447,ISIC_0027247,nv,follow_up,45.0,female,back,0
HAM_0001448,ISIC_0029496,nv,follow_up,50.0,female,lower extremity,0
HAM_0001449,ISIC_0028967,nv,follow_up,45.0,female,foot,0
HAM_0001450,ISIC_0030771,nv,histo,45.0,male,lower extremity,0
HAM_0001451,ISIC_0029960,nv,follow_up,55.0,female,trunk,0
HAM_0001454,ISIC_0027466,nv,histo,45.0,female,upper extremity,0
HAM_0001454,ISIC_0031045,nv,histo,45.0,female,upper extremity,0
HAM_0001456,ISIC_0025835,mel,histo,75.0,male,lower extremity,1
HAM_0001456,ISIC_0030828,mel,histo,75.0,male,lower extremity,1
HAM_0001459,ISIC_0030529,nv,follow_up,45.0,male,lower extremity,0
HAM_0001461,ISIC_0028440,nv,follow_up,45.0,male,lower extremity,0
HAM_0001462,ISIC_0026748,nv,follow_up,75.0,male,lower extremity,0
HAM_0001463,ISIC_0028040,nv,follow_up,35.0,male,back,0
HAM_0001464,ISIC_0028319,nv,follow_up,70.0,male,trunk,0
HAM_0001465,ISIC_0032699,mel,histo,65.0,male,ear,1
HAM_0001465,ISIC_0033209,mel,histo,65.0,male,ear,1
HAM_0001465,ISIC_0034074,mel,histo,65.0,male,ear,1
HAM_0001467,ISIC_0032501,nv,follow_up,35.0,female,genital,0
HAM_0001468,ISIC_0024469,nv,follow_up,45.0,male,trunk,0
HAM_0001470,ISIC_0030361,nv,histo,40.0,female,upper extremity,0
HAM_0001472,ISIC_0024334,nv,follow_up,45.0,female,trunk,0
HAM_0001477,ISIC_0024308,nv,follow_up,55.0,female,trunk,0
HAM_0001478,ISIC_0031689,nv,follow_up,50.0,male,abdomen,0
HAM_0001479,ISIC_0024784,nv,histo,50.0,female,upper extremity,0
HAM_0001479,ISIC_0026329,nv,histo,50.0,female,upper extremity,0
HAM_0001481,ISIC_0028363,nv,follow_up,75.0,male,back,0
HAM_0001482,ISIC_0027691,nv,follow_up,45.0,female,trunk,0
HAM_0001484,ISIC_0032623,nv,histo,40.0,female,upper extremity,0
HAM_0001484,ISIC_0033370,nv,histo,40.0,female,upper extremity,0
HAM_0001484,ISIC_0033521,nv,histo,40.0,female,upper extremity,0
HAM_0001485,ISIC_0029853,nv,follow_up,45.0,male,back,0
HAM_0001491,ISIC_0027396,nv,follow_up,35.0,male,lower extremity,0
HAM_0001492,ISIC_0025305,nv,histo,30.0,female,back,0
HAM_0001497,ISIC_0026608,nv,histo,50.0,male,upper extremity,0
HAM_0001497,ISIC_0030334,nv,histo,50.0,male,upper extremity,0
HAM_0001498,ISIC_0027523,nv,consensus,30.0,female,abdomen,0
HAM_0001498,ISIC_0028531,nv,consensus,30.0,female,abdomen,0
HAM_0001500,ISIC_0025527,nv,follow_up,65.0,male,lower extremity,0
HAM_0001501,ISIC_0024397,nv,follow_up,65.0,male,trunk,0
HAM_0001502,ISIC_0027482,nv,follow_up,55.0,female,abdomen,0
HAM_0001504,ISIC_0025274,nv,follow_up,45.0,male,upper extremity,0
HAM_0001507,ISIC_0028362,nv,histo,35.0,male,abdomen,0
HAM_0001507,ISIC_0029215,nv,histo,35.0,male,abdomen,0
HAM_0001507,ISIC_0030179,nv,histo,35.0,male,abdomen,0
HAM_0001511,ISIC_0033002,nv,histo,30.0,female,back,0
HAM_0001511,ISIC_0033683,nv,histo,30.0,female,back,0
HAM_0001511,ISIC_0034060,nv,histo,30.0,female,back,0
HAM_0001512,ISIC_0025078,nv,histo,20.0,female,trunk,0
HAM_0001512,ISIC_0025516,nv,histo,20.0,female,trunk,0
HAM_0001512,ISIC_0028101,nv,histo,20.0,female,trunk,0
HAM_0001512,ISIC_0029835,nv,histo,20.0,female,trunk,0
HAM_0001513,ISIC_0032491,nv,follow_up,70.0,male,lower extremity,0
HAM_0001523,ISIC_0028523,nv,follow_up,55.0,male,lower extremity,0
HAM_0001524,ISIC_0032915,mel,histo,75.0,male,lower extremity,1
HAM_0001525,ISIC_0024355,nv,histo,35.0,male,upper extremity,0
HAM_0001525,ISIC_0025662,nv,histo,35.0,male,upper extremity,0
HAM_0001525,ISIC_0027510,nv,histo,35.0,male,upper extremity,0
HAM_0001527,ISIC_0026767,nv,follow_up,40.0,male,lower extremity,0
HAM_0001530,ISIC_0030013,nv,follow_up,55.0,male,lower extremity,0
HAM_0001531,ISIC_0024951,mel,histo,70.0,male,back,1
HAM_0001531,ISIC_0030106,mel,histo,70.0,male,back,1
HAM_0001532,ISIC_0027204,mel,histo,70.0,male,neck,1
HAM_0001533,ISIC_0028244,nv,follow_up,50.0,male,lower extremity,0
HAM_0001534,ISIC_0024365,nv,follow_up,50.0,female,abdomen,0
HAM_0001535,ISIC_0026653,nv,follow_up,45.0,male,trunk,0
HAM_0001538,ISIC_0024322,nv,follow_up,65.0,female,foot,0
HAM_0001542,ISIC_0026874,nv,histo,80.0,male,lower extremity,0
HAM_0001544,ISIC_0030875,nv,follow_up,50.0,female,back,0
HAM_0001545,ISIC_0030278,nv,follow_up,35.0,female,trunk,0
HAM_0001547,ISIC_0034209,nv,histo,25.0,male,lower extremity,0
HAM_0001547,ISIC_0034297,nv,histo,25.0,male,lower extremity,0
HAM_0001548,ISIC_0032254,nv,follow_up,45.0,male,lower extremity,0
HAM_0001549,ISIC_0026723,nv,follow_up,35.0,male,lower extremity,0
HAM_0001553,ISIC_0025966,nv,follow_up,45.0,male,trunk,0
HAM_0001555,ISIC_0027236,nv,histo,35.0,female,upper extremity,0
HAM_0001556,ISIC_0031865,nv,follow_up,45.0,female,abdomen,0
HAM_0001557,ISIC_0029939,nv,follow_up,45.0,male,neck,0
HAM_0001558,ISIC_0025007,nv,follow_up,50.0,female,lower extremity,0
HAM_0001560,ISIC_0026181,nv,follow_up,35.0,female,back,0
HAM_0001563,ISIC_0028633,nv,histo,55.0,female,ear,0
HAM_0001564,ISIC_0027913,nv,follow_up,40.0,male,foot,0
HAM_0001567,ISIC_0027398,nv,histo,40.0,female,back,0
HAM_0001567,ISIC_0032407,nv,histo,40.0,female,back,0
HAM_0001571,ISIC_0029156,nv,follow_up,55.0,female,lower extremity,0
HAM_0001574,ISIC_0031859,nv,follow_up,75.0,male,lower extremity,0
HAM_0001577,ISIC_0029818,nv,follow_up,65.0,male,abdomen,0
HAM_0001578,ISIC_0031003,nv,follow_up,40.0,female,trunk,0
HAM_0001579,ISIC_0025636,nv,follow_up,40.0,male,trunk,0
HAM_0001580,ISIC_0024378,nv,histo,5.0,male,face,0
HAM_0001581,ISIC_0027288,nv,follow_up,35.0,female,upper extremity,0
HAM_0001583,ISIC_0025280,nv,follow_up,35.0,female,trunk,0
HAM_0001584,ISIC_0029004,nv,follow_up,65.0,female,lower extremity,0
HAM_0001585,ISIC_0028697,nv,follow_up,80.0,male,lower extremity,0
HAM_0001587,ISIC_0024828,nv,follow_up,60.0,male,back,0
HAM_0001590,ISIC_0025722,nv,follow_up,50.0,male,lower extremity,0
HAM_0001591,ISIC_0032231,nv,follow_up,40.0,female,lower extremity,0
HAM_0001592,ISIC_0030686,nv,follow_up,55.0,male,back,0
HAM_0001594,ISIC_0025311,nv,follow_up,45.0,female,trunk,0
HAM_0001595,ISIC_0032127,nv,follow_up,70.0,male,lower extremity,0
HAM_0001596,ISIC_0027071,mel,histo,50.0,female,face,1
HAM_0001596,ISIC_0029780,mel,histo,50.0,female,face,1
HAM_0001598,ISIC_0029238,mel,histo,65.0,male,back,1
HAM_0001598,ISIC_0030910,mel,histo,65.0,male,back,1
HAM_0001604,ISIC_0024664,nv,histo,45.0,female,lower extremity,0
HAM_0001604,ISIC_0025458,nv,histo,45.0,female,lower extremity,0
HAM_0001606,ISIC_0024901,nv,follow_up,20.0,female,lower extremity,0
HAM_0001609,ISIC_0027766,nv,histo,65.0,male,back,0
HAM_0001609,ISIC_0030809,nv,histo,65.0,male,back,0
HAM_0001611,ISIC_0031032,nv,follow_up,65.0,female,lower extremity,0
HAM_0001612,ISIC_0025618,nv,histo,30.0,female,foot,0
HAM_0001614,ISIC_0027591,nv,follow_up,50.0,female,lower extremity,0
HAM_0001617,ISIC_0027091,nv,histo,15.0,male,foot,0
HAM_0001619,ISIC_0033065,nv,consensus,,unknown,unknown,0
HAM_0001626,ISIC_0029124,nv,follow_up,50.0,male,foot,0
HAM_0001628,ISIC_0024810,nv,follow_up,50.0,male,trunk,0
HAM_0001629,ISIC_0032317,nv,follow_up,50.0,female,trunk,0
HAM_0001631,ISIC_0025390,nv,follow_up,50.0,female,genital,0
HAM_0001632,ISIC_0029132,nv,follow_up,55.0,male,trunk,0
HAM_0001633,ISIC_0028618,nv,consensus,70.0,male,unknown,0
HAM_0001633,ISIC_0031488,nv,consensus,70.0,male,unknown,0
HAM_0001634,ISIC_0025792,nv,follow_up,60.0,female,genital,0
HAM_0001635,ISIC_0028240,nv,follow_up,80.0,male,lower extremity,0
HAM_0001636,ISIC_0030866,nv,follow_up,50.0,female,upper extremity,0
HAM_0001637,ISIC_0031521,nv,histo,35.0,male,chest,0
HAM_0001638,ISIC_0031006,nv,follow_up,55.0,male,abdomen,0
HAM_0001643,ISIC_0025000,nv,histo,45.0,female,foot,0
HAM_0001644,ISIC_0029906,nv,follow_up,55.0,female,lower extremity,0
HAM_0001645,ISIC_0032601,nv,histo,50.0,female,abdomen,0
HAM_0001645,ISIC_0032878,nv,histo,50.0,female,abdomen,0
HAM_0001646,ISIC_0029908,nv,follow_up,50.0,female,trunk,0
HAM_0001647,ISIC_0032975,mel,histo,70.0,female,back,1
HAM_0001647,ISIC_0033730,mel,histo,70.0,female,back,1
HAM_0001648,ISIC_0030239,nv,follow_up,45.0,female,trunk,0
HAM_0001650,ISIC_0030024,nv,follow_up,40.0,male,trunk,0
HAM_0001652,ISIC_0026899,nv,follow_up,50.0,female,trunk,0
HAM_0001653,ISIC_0027895,nv,follow_up,55.0,female,lower extremity,0
HAM_0001655,ISIC_0030110,mel,histo,50.0,female,upper extremity,1
HAM_0001656,ISIC_0026759,nv,histo,70.0,female,lower extremity,0
HAM_0001661,ISIC_0032059,nv,follow_up,55.0,female,genital,0
HAM_0001662,ISIC_0030050,nv,follow_up,50.0,female,upper extremity,0
HAM_0001663,ISIC_0029521,nv,follow_up,50.0,male,trunk,0
HAM_0001667,ISIC_0033080,nv,histo,60.0,male,trunk,0
HAM_0001667,ISIC_0034129,nv,histo,60.0,male,trunk,0
HAM_0001668,ISIC_0027434,nv,follow_up,40.0,female,trunk,0
HAM_0001669,ISIC_0025020,nv,histo,35.0,male,trunk,0
HAM_0001669,ISIC_0026106,nv,histo,35.0,male,trunk,0
HAM_0001671,ISIC_0031586,mel,histo,55.0,female,lower extremity,1
HAM_0001671,ISIC_0031745,mel,histo,55.0,female,lower extremity,1
HAM_0001672,ISIC_0024398,nv,follow_up,65.0,female,trunk,0
HAM_0001674,ISIC_0031551,nv,follow_up,50.0,female,lower extremity,0
HAM_0001675,ISIC_0024433,nv,follow_up,40.0,female,lower extremity,0
HAM_0001681,ISIC_0024651,nv,follow_up,50.0,male,lower extremity,0
HAM_0001682,ISIC_0026630,nv,follow_up,50.0,male,trunk,0
HAM_0001683,ISIC_0033513,nv,histo,75.0,male,lower extremity,0
HAM_0001683,ISIC_0033517,nv,histo,75.0,male,lower extremity,0
HAM_0001683,ISIC_0033649,nv,histo,75.0,male,lower extremity,0
HAM_0001684,ISIC_0028576,nv,histo,30.0,female,trunk,0
HAM_0001684,ISIC_0029790,nv,histo,30.0,female,trunk,0
HAM_0001686,ISIC_0032698,mel,histo,65.0,male,face,1
HAM_0001687,ISIC_0027230,nv,follow_up,50.0,male,back,0
HAM_0001688,ISIC_0031049,nv,histo,45.0,male,back,0
HAM_0001689,ISIC_0025166,nv,consensus,0.0,female,upper extremity,0
HAM_0001689,ISIC_0028938,nv,consensus,0.0,female,upper extremity,0
HAM_0001690,ISIC_0032361,nv,follow_up,50.0,female,abdomen,0
HAM_0001691,ISIC_0029264,nv,follow_up,75.0,male,lower extremity,0
HAM_0001692,ISIC_0032743,nv,histo,40.0,female,chest,0
HAM_0001692,ISIC_0033172,nv,histo,40.0,female,chest,0
HAM_0001692,ISIC_0033326,nv,histo,40.0,female,chest,0
HAM_0001695,ISIC_0028752,nv,follow_up,45.0,female,lower extremity,0
HAM_0001696,ISIC_0027408,nv,histo,80.0,male,back,0
HAM_0001696,ISIC_0030460,nv,histo,80.0,male,back,0
HAM_0001697,ISIC_0033497,nv,histo,35.0,female,abdomen,0
HAM_0001697,ISIC_0033827,nv,histo,35.0,female,abdomen,0
HAM_0001698,ISIC_0025797,nv,follow_up,40.0,male,trunk,0
HAM_0001700,ISIC_0030971,nv,follow_up,50.0,female,lower extremity,0
HAM_0001703,ISIC_0024496,mel,histo,60.0,female,lower extremity,1
HAM_0001703,ISIC_0029660,mel,histo,60.0,female,lower extremity,1
HAM_0001704,ISIC_0031415,nv,follow_up,50.0,male,back,0
HAM_0001705,ISIC_0029009,nv,follow_up,30.0,male,lower extremity,0
HAM_0001706,ISIC_0030023,nv,histo,40.0,male,trunk,0
HAM_0001712,ISIC_0030793,nv,histo,45.0,male,foot,0
HAM_0001712,ISIC_0031221,nv,histo,45.0,male,foot,0
HAM_0001715,ISIC_0027208,nv,histo,30.0,female,lower extremity,0
HAM_0001715,ISIC_0029504,nv,histo,30.0,female,lower extremity,0
HAM_0001715,ISIC_0032368,nv,histo,30.0,female,lower extremity,0
HAM_0001716,ISIC_0026901,nv,histo,50.0,male,back,0
HAM_0001717,ISIC_0028700,nv,follow_up,70.0,male,abdomen,0
HAM_0001718,ISIC_0026357,nv,follow_up,50.0,male,abdomen,0
HAM_0001720,ISIC_0032819,nv,histo,45.0,male,abdomen,0
HAM_0001720,ISIC_0034010,nv,histo,45.0,male,abdomen,0
HAM_0001723,ISIC_0027784,nv,follow_up,45.0,female,lower extremity,0
HAM_0001724,ISIC_0027386,nv,follow_up,45.0,male,abdomen,0
HAM_0001727,ISIC_0028799,nv,follow_up,40.0,male,lower extremity,0
HAM_0001731,ISIC_0028172,nv,follow_up,55.0,female,lower extremity,0
HAM_0001732,ISIC_0024502,nv,follow_up,45.0,male,lower extremity,0
HAM_0001741,ISIC_0026963,mel,histo,65.0,male,face,1
HAM_0001741,ISIC_0028211,mel,histo,65.0,male,face,1
HAM_0001742,ISIC_0028456,nv,follow_up,40.0,female,back,0
HAM_0001744,ISIC_0029353,mel,histo,60.0,male,back,1
HAM_0001744,ISIC_0031339,mel,histo,60.0,male,back,1
HAM_0001744,ISIC_0032476,mel,histo,60.0,male,back,1
HAM_0001746,ISIC_0027296,nv,follow_up,65.0,female,lower extremity,0
HAM_0001747,ISIC_0028361,mel,histo,45.0,male,back,1
HAM_0001747,ISIC_0029575,mel,histo,45.0,male,back,1
HAM_0001751,ISIC_0024698,nv,consensus,70.0,male,face,0
HAM_0001753,ISIC_0024929,mel,histo,55.0,male,back,1
HAM_0001754,ISIC_0027775,nv,follow_up,65.0,male,lower extremity,0
HAM_0001756,ISIC_0027484,nv,follow_up,80.0,male,back,0
HAM_0001757,ISIC_0025049,nv,histo,65.0,male,lower extremity,0
HAM_0001758,ISIC_0024362,nv,follow_up,50.0,male,trunk,0
HAM_0001760,ISIC_0024389,nv,follow_up,45.0,male,lower extremity,0
HAM_0001761,ISIC_0026732,nv,follow_up,30.0,male,abdomen,0
HAM_0001762,ISIC_0030535,nv,histo,60.0,male,lower extremity,0
HAM_0001764,ISIC_0032251,nv,histo,40.0,female,lower extremity,0
HAM_0001764,ISIC_0032253,nv,histo,40.0,female,lower extremity,0
HAM_0001765,ISIC_0026788,nv,consensus,65.0,female,lower extremity,0
HAM_0001765,ISIC_0029759,nv,consensus,65.0,female,lower extremity,0
HAM_0001767,ISIC_0025812,nv,histo,50.0,female,lower extremity,0
HAM_0001767,ISIC_0029357,nv,histo,50.0,female,lower extremity,0
HAM_0001769,ISIC_0032176,nv,histo,75.0,male,unknown,0
HAM_0001770,ISIC_0025974,nv,follow_up,55.0,female,trunk,0
HAM_0001771,ISIC_0030556,nv,follow_up,55.0,male,trunk,0
HAM_0001774,ISIC_0029073,nv,follow_up,60.0,male,neck,0
HAM_0001775,ISIC_0030338,nv,follow_up,50.0,female,trunk,0
HAM_0001778,ISIC_0026792,nv,follow_up,50.0,female,abdomen,0
HAM_0001779,ISIC_0031439,nv,follow_up,65.0,male,upper extremity,0
HAM_0001782,ISIC_0032289,nv,follow_up,40.0,female,abdomen,0
HAM_0001784,ISIC_0026450,nv,follow_up,35.0,male,abdomen,0
HAM_0001787,ISIC_0029700,nv,follow_up,45.0,female,lower extremity,0
HAM_0001789,ISIC_0026882,nv,follow_up,40.0,male,lower extremity,0
HAM_0001792,ISIC_0024419,nv,follow_up,35.0,female,lower extremity,0
HAM_0001793,ISIC_0028520,mel,histo,75.0,male,back,1
HAM_0001793,ISIC_0034000,mel,histo,75.0,male,back,1
HAM_0001796,ISIC_0025363,mel,histo,70.0,male,abdomen,1
HAM_0001796,ISIC_0029473,mel,histo,70.0,male,abdomen,1
HAM_0001797,ISIC_0031155,nv,follow_up,45.0,female,abdomen,0
HAM_0001799,ISIC_0028675,nv,histo,40.0,female,foot,0
HAM_0001800,ISIC_0031073,nv,follow_up,45.0,male,lower extremity,0
HAM_0001802,ISIC_0030224,nv,follow_up,55.0,female,abdomen,0
HAM_0001804,ISIC_0029604,nv,follow_up,45.0,female,foot,0
HAM_0001805,ISIC_0027200,nv,follow_up,55.0,male,trunk,0
HAM_0001806,ISIC_0026920,nv,follow_up,50.0,female,abdomen,0
HAM_0001808,ISIC_0032615,nv,histo,35.0,female,back,0
HAM_0001808,ISIC_0033318,nv,histo,35.0,female,back,0
HAM_0001808,ISIC_0033862,nv,histo,35.0,female,back,0
HAM_0001810,ISIC_0025794,nv,follow_up,45.0,female,back,0
HAM_0001812,ISIC_0024326,nv,follow_up,75.0,male,back,0
HAM_0001814,ISIC_0028567,mel,histo,65.0,female,foot,1
HAM_0001814,ISIC_0029170,mel,histo,65.0,female,foot,1
HAM_0001816,ISIC_0028827,nv,follow_up,45.0,female,foot,0
HAM_0001817,ISIC_0024938,nv,histo,75.0,male,trunk,0
HAM_0001817,ISIC_0025231,nv,histo,75.0,male,trunk,0
HAM_0001817,ISIC_0030065,nv,histo,75.0,male,trunk,0
HAM_0001818,ISIC_0025620,nv,histo,30.0,male,abdomen,0
HAM_0001821,ISIC_0025308,nv,follow_up,40.0,male,trunk,0
HAM_0001822,ISIC_0031244,nv,follow_up,40.0,female,hand,0
HAM_0001823,ISIC_0027882,nv,follow_up,40.0,male,back,0
HAM_0001827,ISIC_0031275,nv,follow_up,50.0,female,trunk,0
HAM_0001829,ISIC_0027779,nv,follow_up,70.0,male,abdomen,0
HAM_0001830,ISIC_0028057,nv,histo,55.0,female,back,0
HAM_0001830,ISIC_0031502,nv,histo,55.0,female,back,0
HAM_0001832,ISIC_0031030,nv,follow_up,45.0,female,lower extremity,0
HAM_0001833,ISIC_0027227,nv,follow_up,40.0,male,trunk,0
HAM_0001834,ISIC_0032631,nv,consensus,30.0,male,back,0
HAM_0001835,ISIC_0026652,mel,histo,65.0,male,back,1
HAM_0001835,ISIC_0027101,mel,histo,65.0,male,back,1
HAM_0001835,ISIC_0029995,mel,histo,65.0,male,back,1
HAM_0001836,ISIC_0030500,nv,follow_up,40.0,female,abdomen,0
HAM_0001839,ISIC_0033434,nv,histo,70.0,male,back,0
HAM_0001839,ISIC_0033943,nv,histo,70.0,male,back,0
HAM_0001842,ISIC_0028359,nv,follow_up,45.0,female,upper extremity,0
HAM_0001844,ISIC_0026736,nv,follow_up,70.0,male,abdomen,0
HAM_0001845,ISIC_0026462,nv,follow_up,55.0,female,trunk,0
HAM_0001849,ISIC_0027209,nv,histo,10.0,female,lower extremity,0
HAM_0001849,ISIC_0028966,nv,histo,10.0,female,lower extremity,0
HAM_0001850,ISIC_0030947,nv,follow_up,45.0,male,lower extremity,0
HAM_0001851,ISIC_0027015,nv,follow_up,45.0,male,foot,0
HAM_0001854,ISIC_0027013,nv,follow_up,35.0,female,trunk,0
HAM_0001856,ISIC_0027666,nv,follow_up,50.0,female,trunk,0
HAM_0001857,ISIC_0027317,nv,follow_up,50.0,male,abdomen,0
HAM_0001859,ISIC_0029565,nv,follow_up,60.0,male,lower extremity,0
HAM_0001861,ISIC_0026688,nv,follow_up,70.0,male,unknown,0
HAM_0001862,ISIC_0031625,nv,follow_up,45.0,male,trunk,0
HAM_0001864,ISIC_0030111,nv,follow_up,45.0,male,abdomen,0
HAM_0001865,ISIC_0032464,nv,follow_up,45.0,male,upper extremity,0
HAM_0001870,ISIC_0033090,nv,histo,70.0,male,back,0
HAM_0001870,ISIC_0033131,nv,histo,70.0,male,back,0
HAM_0001870,ISIC_0033351,nv,histo,70.0,male,back,0
HAM_0001871,ISIC_0030834,nv,follow_up,50.0,female,abdomen,0
HAM_0001873,ISIC_0029283,nv,follow_up,50.0,female,trunk,0
HAM_0001874,ISIC_0024601,nv,follow_up,40.0,female,trunk,0
HAM_0001876,ISIC_0030470,nv,follow_up,45.0,female,abdomen,0
HAM_0001880,ISIC_0026199,nv,follow_up,35.0,male,lower extremity,0
HAM_0001881,ISIC_0024620,nv,histo,20.0,female,lower extremity,0
HAM_0001881,ISIC_0032340,nv,histo,20.0,female,lower extremity,0
HAM_0001882,ISIC_0025866,nv,follow_up,55.0,female,trunk,0
HAM_0001883,ISIC_0033224,nv,histo,30.0,female,back,0
HAM_0001883,ISIC_0033360,nv,histo,30.0,female,back,0
HAM_0001885,ISIC_0027534,nv,follow_up,75.0,female,lower extremity,0
HAM_0001886,ISIC_0028318,nv,follow_up,50.0,female,lower extremity,0
HAM_0001887,ISIC_0025107,nv,follow_up,55.0,female,lower extremity,0
HAM_0001889,ISIC_0033621,nv,histo,35.0,female,trunk,0
HAM_0001889,ISIC_0034073,nv,histo,35.0,female,trunk,0
HAM_0001889,ISIC_0034116,nv,histo,35.0,female,trunk,0
HAM_0001891,ISIC_0024466,nv,histo,50.0,male,scalp,0
HAM_0001891,ISIC_0030598,nv,histo,50.0,male,scalp,0
HAM_0001893,ISIC_0025110,nv,follow_up,40.0,female,trunk,0
HAM_0001895,ISIC_0024777,nv,histo,25.0,male,chest,0
HAM_0001895,ISIC_0029196,nv,histo,25.0,male,chest,0
HAM_0001895,ISIC_0029938,nv,histo,25.0,male,chest,0
HAM_0001898,ISIC_0026917,nv,follow_up,50.0,female,abdomen,0
HAM_0001899,ISIC_0031549,nv,follow_up,45.0,female,upper extremity,0
HAM_0001901,ISIC_0026274,nv,follow_up,40.0,female,trunk,0
HAM_0001905,ISIC_0033116,nv,histo,45.0,male,abdomen,0
HAM_0001905,ISIC_0033634,nv,histo,45.0,male,abdomen,0
HAM_0001905,ISIC_0034226,nv,histo,45.0,male,abdomen,0
HAM_0001908,ISIC_0032851,nv,histo,40.0,male,abdomen,0
HAM_0001908,ISIC_0033519,nv,histo,40.0,male,abdomen,0
HAM_0001909,ISIC_0025481,nv,follow_up,55.0,male,upper extremity,0
HAM_0001910,ISIC_0024739,mel,histo,55.0,male,upper extremity,1
HAM_0001910,ISIC_0028968,mel,histo,55.0,male,upper extremity,1
HAM_0001913,ISIC_0030798,mel,histo,80.0,male,upper extremity,1
HAM_0001916,ISIC_0032721,nv,consensus,20.0,male,back,0
HAM_0001916,ISIC_0033537,nv,consensus,20.0,male,back,0
HAM_0001919,ISIC_0026424,nv,histo,15.0,male,trunk,0
HAM_0001923,ISIC_0029219,nv,follow_up,80.0,male,lower extremity,0
HAM_0001924,ISIC_0031112,nv,follow_up,45.0,male,abdomen,0
HAM_0001932,ISIC_0031082,nv,follow_up,70.0,male,genital,0
HAM_0001934,ISIC_0026008,nv,histo,65.0,male,abdomen,0
HAM_0001934,ISIC_0026753,nv,histo,65.0,male,abdomen,0
HAM_0001934,ISIC_0028787,nv,histo,65.0,male,abdomen,0
HAM_0001934,ISIC_0031134,nv,histo,65.0,male,abdomen,0
HAM_0001936,ISIC_0024704,nv,histo,80.0,female,lower extremity,0
HAM_0001936,ISIC_0027688,nv,histo,80.0,female,lower extremity,0
HAM_0001939,ISIC_0025468,nv,follow_up,70.0,male,lower extremity,0
HAM_0001940,ISIC_0028502,nv,follow_up,45.0,female,abdomen,0
HAM_0001941,ISIC_0024790,nv,histo,75.0,male,back,0
HAM_0001942,ISIC_0027476,nv,follow_up,60.0,male,lower extremity,0
HAM_0001943,ISIC_0025769,nv,histo,30.0,female,lower extremity,0
HAM_0001943,ISIC_0032909,nv,histo,30.0,female,lower extremity,0
HAM_0001943,ISIC_0033134,nv,histo,30.0,female,lower extremity,0
HAM_0001943,ISIC_0034301,nv,histo,30.0,female,lower extremity,0
HAM_0001946,ISIC_0029333,nv,follow_up,40.0,male,trunk,0
HAM_0001948,ISIC_0032926,nv,histo,35.0,male,foot,0
HAM_0001948,ISIC_0033049,nv,histo,35.0,male,foot,0
HAM_0001948,ISIC_0033993,nv,histo,35.0,male,foot,0
HAM_0001950,ISIC_0024449,mel,histo,55.0,male,back,1
HAM_0001951,ISIC_0030216,nv,follow_up,80.0,male,abdomen,0
HAM_0001952,ISIC_0025660,nv,follow_up,45.0,female,trunk,0
HAM_0001953,ISIC_0025611,mel,histo,65.0,male,back,1
HAM_0001953,ISIC_0031498,mel,histo,65.0,male,back,1
HAM_0001955,ISIC_0029304,nv,follow_up,35.0,male,trunk,0
HAM_0001957,ISIC_0025593,nv,follow_up,50.0,female,abdomen,0
HAM_0001959,ISIC_0027600,nv,follow_up,45.0,female,lower extremity,0
HAM_0001960,ISIC_0032166,nv,follow_up,40.0,male,trunk,0
HAM_0001962,ISIC_0029749,nv,histo,75.0,male,lower extremity,0
HAM_0001963,ISIC_0025721,nv,follow_up,35.0,male,lower extremity,0
HAM_0001964,ISIC_0024733,mel,histo,50.0,male,neck,1
HAM_0001964,ISIC_0032149,mel,histo,50.0,male,neck,1
HAM_0001965,ISIC_0031269,nv,follow_up,40.0,female,trunk,0
HAM_0001966,ISIC_0025230,nv,follow_up,50.0,male,trunk,0
HAM_0001968,ISIC_0027421,nv,histo,35.0,male,scalp,0
HAM_0001968,ISIC_0028222,nv,histo,35.0,male,scalp,0
HAM_0001969,ISIC_0026651,nv,follow_up,55.0,male,lower extremity,0
HAM_0001971,ISIC_0025327,nv,histo,50.0,male,back,0
HAM_0001971,ISIC_0026839,nv,histo,50.0,male,back,0
HAM_0001972,ISIC_0027228,nv,follow_up,70.0,female,lower extremity,0
HAM_0001976,ISIC_0025732,mel,histo,85.0,male,upper extremity,1
HAM_0001976,ISIC_0026586,mel,histo,85.0,male,upper extremity,1
HAM_0001977,ISIC_0029261,nv,follow_up,55.0,female,lower extremity,0
HAM_0001978,ISIC_0031237,nv,follow_up,40.0,female,lower extremity,0
HAM_0001980,ISIC_0032012,nv,follow_up,55.0,female,upper extremity,0
HAM_0001981,ISIC_0024342,nv,follow_up,40.0,male,lower extremity,0
HAM_0001984,ISIC_0025092,nv,follow_up,50.0,male,trunk,0
HAM_0001985,ISIC_0027330,nv,follow_up,45.0,male,back,0
HAM_0001986,ISIC_0024999,mel,histo,50.0,male,upper extremity,1
HAM_0001986,ISIC_0025512,mel,histo,50.0,male,upper extremity,1
HAM_0001987,ISIC_0024636,nv,follow_up,45.0,male,abdomen,0
HAM_0001988,ISIC_0029948,nv,follow_up,35.0,male,back,0
HAM_0001989,ISIC_0030251,nv,histo,65.0,male,lower extremity,0
HAM_0001992,ISIC_0025399,nv,follow_up,30.0,female,trunk,0
HAM_0001994,ISIC_0033407,nv,histo,60.0,female,back,0
HAM_0001994,ISIC_0033734,nv,histo,60.0,female,back,0
HAM_0001994,ISIC_0033923,nv,histo,60.0,female,back,0
HAM_0001999,ISIC_0025884,nv,follow_up,45.0,female,lower extremity,0
HAM_0002003,ISIC_0031934,nv,histo,20.0,male,back,0
HAM_0002004,ISIC_0032847,mel,histo,45.0,male,abdomen,1
HAM_0002004,ISIC_0033654,mel,histo,45.0,male,abdomen,1
HAM_0002007,ISIC_0024476,nv,histo,85.0,male,lower extremity,0
HAM_0002007,ISIC_0030978,nv,histo,85.0,male,lower extremity,0
HAM_0002009,ISIC_0033165,nv,histo,60.0,female,back,0
HAM_0002009,ISIC_0033430,nv,histo,60.0,female,back,0
HAM_0002009,ISIC_0034290,nv,histo,60.0,female,back,0
HAM_0002011,ISIC_0024729,mel,histo,55.0,female,lower extremity,1
HAM_0002011,ISIC_0031711,mel,histo,55.0,female,lower extremity,1
HAM_0002013,ISIC_0026168,nv,follow_up,35.0,male,abdomen,0
HAM_0002014,ISIC_0031120,nv,follow_up,55.0,male,abdomen,0
HAM_0002015,ISIC_0033771,nv,histo,30.0,female,lower extremity,0
HAM_0002015,ISIC_0033954,nv,histo,30.0,female,lower extremity,0
HAM_0002015,ISIC_0034035,nv,histo,30.0,female,lower extremity,0
HAM_0002016,ISIC_0032753,nv,histo,70.0,male,lower extremity,0
HAM_0002016,ISIC_0032805,nv,histo,70.0,male,lower extremity,0
HAM_0002016,ISIC_0034273,nv,histo,70.0,male,lower extremity,0
HAM_0002019,ISIC_0030402,nv,follow_up,60.0,male,back,0
HAM_0002020,ISIC_0032301,nv,follow_up,50.0,male,trunk,0
HAM_0002022,ISIC_0026579,nv,follow_up,45.0,male,back,0
HAM_0002023,ISIC_0028540,nv,histo,25.0,female,lower extremity,0
HAM_0002025,ISIC_0025169,nv,histo,5.0,male,scalp,0
HAM_0002025,ISIC_0028023,nv,histo,5.0,male,scalp,0
HAM_0002025,ISIC_0028091,nv,histo,5.0,male,scalp,0
HAM_0002026,ISIC_0027524,nv,follow_up,40.0,female,neck,0
HAM_0002027,ISIC_0032697,nv,consensus,70.0,male,trunk,0
HAM_0002028,ISIC_0031939,nv,follow_up,45.0,female,trunk,0
HAM_0002029,ISIC_0030270,nv,follow_up,50.0,male,abdomen,0
HAM_0002031,ISIC_0027925,nv,histo,30.0,male,back,0
HAM_0002031,ISIC_0031917,nv,histo,30.0,male,back,0
HAM_0002033,ISIC_0024899,nv,histo,25.0,female,unknown,0
HAM_0002033,ISIC_0026739,nv,histo,25.0,female,unknown,0
HAM_0002035,ISIC_0024989,nv,follow_up,45.0,female,upper extremity,0
HAM_0002036,ISIC_0025739,nv,follow_up,35.0,female,lower extremity,0
HAM_0002037,ISIC_0033733,nv,consensus,,unknown,unknown,0
HAM_0002038,ISIC_0032337,nv,follow_up,75.0,male,back,0
HAM_0002044,ISIC_0024325,nv,follow_up,40.0,female,trunk,0
HAM_0002048,ISIC_0029137,nv,follow_up,70.0,male,lower extremity,0
HAM_0002049,ISIC_0029169,nv,histo,45.0,female,upper extremity,0
HAM_0002051,ISIC_0031784,mel,histo,50.0,female,foot,1
HAM_0002051,ISIC_0033498,mel,histo,50.0,female,foot,1
HAM_0002052,ISIC_0032155,nv,follow_up,45.0,female,trunk,0
HAM_0002053,ISIC_0028715,nv,histo,60.0,female,chest,0
HAM_0002054,ISIC_0031685,nv,follow_up,50.0,female,abdomen,0
HAM_0002055,ISIC_0027520,nv,follow_up,40.0,female,lower extremity,0
HAM_0002059,ISIC_0028061,nv,follow_up,40.0,female,trunk,0
HAM_0002062,ISIC_0027400,nv,follow_up,45.0,female,trunk,0
HAM_0002063,ISIC_0024819,nv,follow_up,70.0,female,lower extremity,0
HAM_0002064,ISIC_0030131,nv,follow_up,50.0,female,trunk,0
HAM_0002065,ISIC_0028776,nv,follow_up,55.0,male,lower extremity,0
HAM_0002067,ISIC_0025094,nv,histo,50.0,male,neck,0
HAM_0002067,ISIC_0026421,nv,histo,50.0,male,neck,0
HAM_0002068,ISIC_0029710,nv,follow_up,45.0,female,back,0
HAM_0002071,ISIC_0031616,nv,follow_up,45.0,female,abdomen,0
HAM_0002073,ISIC_0025406,nv,follow_up,35.0,female,trunk,0
HAM_0002074,ISIC_0032575,nv,consensus,40.0,female,face,0
HAM_0002074,ISIC_0032793,nv,consensus,40.0,female,face,0
HAM_0002075,ISIC_0026678,nv,follow_up,75.0,female,trunk,0
HAM_0002076,ISIC_0024720,nv,follow_up,45.0,male,trunk,0
HAM_0002077,ISIC_0031936,nv,follow_up,40.0,female,lower extremity,0
HAM_0002081,ISIC_0029120,nv,follow_up,70.0,male,trunk,0
HAM_0002082,ISIC_0031325,nv,follow_up,40.0,male,trunk,0
HAM_0002085,ISIC_0031336,nv,follow_up,55.0,male,trunk,0
HAM_0002086,ISIC_0033814,mel,histo,70.0,male,face,1
HAM_0002086,ISIC_0033820,mel,histo,70.0,male,face,1
HAM_0002087,ISIC_0027949,nv,histo,60.0,female,back,0
HAM_0002088,ISIC_0024377,nv,histo,45.0,female,lower extremity,0
HAM_0002089,ISIC_0025614,nv,follow_up,60.0,male,lower extremity,0
HAM_0002090,ISIC_0032299,nv,follow_up,50.0,male,lower extremity,0
HAM_0002093,ISIC_0027032,nv,follow_up,45.0,female,back,0
HAM_0002097,ISIC_0025687,nv,histo,20.0,female,abdomen,0
HAM_0002097,ISIC_0028636,nv,histo,20.0,female,abdomen,0
HAM_0002098,ISIC_0030218,nv,follow_up,35.0,female,face,0
HAM_0002101,ISIC_0029398,nv,follow_up,35.0,female,upper extremity,0
HAM_0002102,ISIC_0024474,nv,follow_up,65.0,male,trunk,0
HAM_0002103,ISIC_0026034,nv,histo,60.0,male,lower extremity,0
HAM_0002104,ISIC_0026410,nv,follow_up,60.0,male,upper extremity,0
HAM_0002105,ISIC_0027854,nv,follow_up,50.0,female,upper extremity,0
HAM_0002107,ISIC_0028857,nv,histo,85.0,male,back,0
HAM_0002110,ISIC_0026782,nv,histo,30.0,female,lower extremity,0
HAM_0002111,ISIC_0031534,nv,follow_up,45.0,male,abdomen,0
HAM_0002113,ISIC_0029839,mel,histo,65.0,male,back,1
HAM_0002114,ISIC_0026504,nv,follow_up,50.0,female,back,0
HAM_0002115,ISIC_0032408,mel,histo,60.0,female,upper extremity,1
HAM_0002116,ISIC_0029407,nv,follow_up,40.0,male,upper extremity,0
HAM_0002118,ISIC_0028249,nv,follow_up,40.0,female,back,0
HAM_0002119,ISIC_0032248,mel,histo,75.0,male,neck,1
HAM_0002122,ISIC_0029408,nv,follow_up,45.0,female,abdomen,0
HAM_0002124,ISIC_0025175,nv,follow_up,50.0,female,upper extremity,0
HAM_0002131,ISIC_0030901,mel,histo,55.0,male,upper extremity,1
HAM_0002131,ISIC_0030995,mel,histo,55.0,male,upper extremity,1
HAM_0002132,ISIC_0027647,nv,follow_up,65.0,male,lower extremity,0
HAM_0002135,ISIC_0032974,nv,histo,50.0,male,scalp,0
HAM_0002135,ISIC_0033746,nv,histo,50.0,male,scalp,0
HAM_0002136,ISIC_0032914,nv,histo,75.0,male,upper extremity,0
HAM_0002136,ISIC_0033309,nv,histo,75.0,male,upper extremity,0
HAM_0002136,ISIC_0033959,nv,histo,75.0,male,upper extremity,0
HAM_0002137,ISIC_0030217,nv,follow_up,45.0,male,upper extremity,0
HAM_0002139,ISIC_0032786,nv,histo,10.0,female,upper extremity,0
HAM_0002139,ISIC_0033788,nv,histo,10.0,female,upper extremity,0
HAM_0002140,ISIC_0032472,nv,follow_up,45.0,female,abdomen,0
HAM_0002141,ISIC_0029338,nv,follow_up,50.0,female,back,0
HAM_0002142,ISIC_0025960,nv,histo,75.0,male,ear,0
HAM_0002143,ISIC_0025451,mel,histo,25.0,female,foot,1
HAM_0002145,ISIC_0028469,nv,follow_up,40.0,male,lower extremity,0
HAM_0002146,ISIC_0025686,nv,follow_up,65.0,male,trunk,0
HAM_0002147,ISIC_0029537,nv,consensus,5.0,female,hand,0
HAM_0002148,ISIC_0031214,nv,follow_up,70.0,male,back,0
HAM_0002150,ISIC_0027364,nv,histo,25.0,male,chest,0
HAM_0002151,ISIC_0029870,nv,follow_up,65.0,male,abdomen,0
HAM_0002152,ISIC_0030234,nv,follow_up,45.0,male,trunk,0
HAM_0002154,ISIC_0027379,nv,histo,70.0,male,chest,0
HAM_0002154,ISIC_0027468,nv,histo,70.0,male,chest,0
HAM_0002154,ISIC_0028478,nv,histo,70.0,male,chest,0
HAM_0002154,ISIC_0030840,nv,histo,70.0,male,chest,0
HAM_0002155,ISIC_0027696,nv,follow_up,40.0,female,back,0
HAM_0002156,ISIC_0024802,nv,follow_up,65.0,male,trunk,0
HAM_0002157,ISIC_0030763,nv,follow_up,30.0,female,trunk,0
HAM_0002159,ISIC_0030355,nv,histo,0.0,male,foot,0
HAM_0002159,ISIC_0031059,nv,histo,0.0,male,foot,0
HAM_0002160,ISIC_0028712,nv,follow_up,65.0,female,trunk,0
HAM_0002162,ISIC_0030708,nv,follow_up,55.0,female,lower extremity,0
HAM_0002163,ISIC_0030250,nv,follow_up,50.0,male,trunk,0
HAM_0002165,ISIC_0031172,nv,follow_up,55.0,male,lower extremity,0
HAM_0002166,ISIC_0028077,nv,follow_up,55.0,male,lower extremity,0
HAM_0002168,ISIC_0028002,nv,follow_up,35.0,male,back,0
HAM_0002171,ISIC_0028529,nv,histo,55.0,male,back,0
HAM_0002172,ISIC_0024416,nv,histo,65.0,female,back,0
HAM_0002173,ISIC_0030157,nv,follow_up,25.0,female,upper extremity,0
HAM_0002174,ISIC_0025138,nv,follow_up,40.0,male,trunk,0
HAM_0002176,ISIC_0026341,nv,histo,40.0,male,upper extremity,0
HAM_0002176,ISIC_0027697,nv,histo,40.0,male,upper extremity,0
HAM_0002178,ISIC_0024401,nv,follow_up,25.0,female,lower extremity,0
HAM_0002179,ISIC_0028654,nv,follow_up,35.0,male,trunk,0
HAM_0002180,ISIC_0027479,nv,follow_up,45.0,male,lower extremity,0
HAM_0002181,ISIC_0030972,nv,follow_up,80.0,male,lower extremity,0
HAM_0002182,ISIC_0030539,mel,histo,65.0,female,face,1
HAM_0002182,ISIC_0031972,mel,histo,65.0,female,face,1
HAM_0002183,ISIC_0031912,nv,follow_up,65.0,male,back,0
HAM_0002186,ISIC_0028463,mel,histo,60.0,female,back,1
HAM_0002187,ISIC_0028981,nv,histo,25.0,female,lower extremity,0
HAM_0002187,ISIC_0031308,nv,histo,25.0,female,lower extremity,0
HAM_0002191,ISIC_0028278,nv,follow_up,40.0,male,trunk,0
HAM_0002196,ISIC_0024930,mel,histo,60.0,male,back,1
HAM_0002196,ISIC_0026089,mel,histo,60.0,male,back,1
HAM_0002197,ISIC_0028709,mel,histo,50.0,male,back,1
HAM_0002198,ISIC_0024314,nv,histo,75.0,male,lower extremity,0
HAM_0002198,ISIC_0026722,nv,histo,75.0,male,lower extremity,0
HAM_0002201,ISIC_0024514,nv,histo,50.0,male,back,0
HAM_0002203,ISIC_0031391,nv,follow_up,45.0,male,back,0
HAM_0002206,ISIC_0033727,nv,histo,35.0,female,abdomen,0
HAM_0002206,ISIC_0034020,nv,histo,35.0,female,abdomen,0
HAM_0002208,ISIC_0033818,nv,histo,20.0,female,lower extremity,0
HAM_0002208,ISIC_0033940,nv,histo,20.0,female,lower extremity,0
HAM_0002208,ISIC_0034029,nv,histo,20.0,female,lower extremity,0
HAM_0002210,ISIC_0031627,nv,follow_up,50.0,female,lower extremity,0
HAM_0002212,ISIC_0029988,nv,follow_up,40.0,male,back,0
HAM_0002215,ISIC_0028539,nv,follow_up,45.0,female,back,0
HAM_0002216,ISIC_0026305,nv,histo,60.0,male,back,0
HAM_0002216,ISIC_0028454,nv,histo,60.0,male,back,0
HAM_0002219,ISIC_0031679,nv,follow_up,55.0,female,trunk,0
HAM_0002221,ISIC_0026255,nv,follow_up,55.0,male,lower extremity,0
HAM_0002222,ISIC_0025021,nv,follow_up,40.0,male,abdomen,0
HAM_0002223,ISIC_0026176,nv,follow_up,25.0,female,trunk,0
HAM_0002226,ISIC_0025407,nv,follow_up,45.0,female,genital,0
HAM_0002228,ISIC_0032035,nv,histo,40.0,male,back,0
HAM_0002229,ISIC_0025423,nv,follow_up,55.0,female,lower extremity,0
HAM_0002230,ISIC_0026243,nv,follow_up,5.0,male,abdomen,0
HAM_0002231,ISIC_0028235,nv,histo,15.0,male,face,0
HAM_0002235,ISIC_0032569,mel,histo,30.0,male,back,1
HAM_0002235,ISIC_0034064,mel,histo,30.0,male,back,1
HAM_0002235,ISIC_0034222,mel,histo,30.0,male,back,1
HAM_0002236,ISIC_0027894,nv,follow_up,45.0,female,abdomen,0
HAM_0002241,ISIC_0026459,nv,follow_up,35.0,male,lower extremity,0
HAM_0002244,ISIC_0032549,nv,histo,25.0,female,chest,0
HAM_0002244,ISIC_0034320,nv,histo,25.0,female,chest,0
HAM_0002245,ISIC_0028248,nv,follow_up,35.0,female,lower extremity,0
HAM_0002246,ISIC_0030702,nv,follow_up,20.0,male,trunk,0
HAM_0002248,ISIC_0029011,nv,follow_up,40.0,female,trunk,0
HAM_0002249,ISIC_0029520,nv,follow_up,65.0,female,trunk,0
HAM_0002250,ISIC_0029426,nv,follow_up,50.0,female,trunk,0
HAM_0002252,ISIC_0031227,nv,follow_up,40.0,male,back,0
HAM_0002253,ISIC_0032548,nv,histo,35.0,male,back,0
HAM_0002253,ISIC_0033106,nv,histo,35.0,male,back,0
HAM_0002253,ISIC_0033492,nv,histo,35.0,male,back,0
HAM_0002254,ISIC_0028027,nv,follow_up,70.0,female,lower extremity,0
HAM_0002255,ISIC_0030726,nv,follow_up,50.0,male,trunk,0
HAM_0002256,ISIC_0026214,nv,follow_up,40.0,male,abdomen,0
HAM_0002257,ISIC_0033448,nv,histo,60.0,male,back,0
HAM_0002257,ISIC_0034304,nv,histo,60.0,male,back,0
HAM_0002259,ISIC_0028333,nv,follow_up,75.0,male,lower extremity,0
HAM_0002260,ISIC_0028699,nv,follow_up,35.0,male,lower extremity,0
HAM_0002262,ISIC_0027307,nv,follow_up,50.0,female,abdomen,0
HAM_0002264,ISIC_0024838,nv,follow_up,45.0,female,abdomen,0
HAM_0002265,ISIC_0030791,nv,follow_up,45.0,male,back,0
HAM_0002266,ISIC_0027136,nv,follow_up,50.0,male,back,0
HAM_0002267,ISIC_0026937,nv,follow_up,45.0,female,lower extremity,0
HAM_0002271,ISIC_0026048,nv,histo,65.0,female,back,0
HAM_0002271,ISIC_0027840,nv,histo,65.0,female,back,0
HAM_0002271,ISIC_0031930,nv,histo,65.0,female,back,0
HAM_0002273,ISIC_0026772,nv,follow_up,70.0,male,lower extremity,0
HAM_0002277,ISIC_0025080,nv,follow_up,50.0,male,abdomen,0
HAM_0002278,ISIC_0026353,nv,follow_up,40.0,male,trunk,0
HAM_0002279,ISIC_0031427,nv,follow_up,45.0,female,lower extremity,0
HAM_0002281,ISIC_0031193,nv,follow_up,70.0,male,lower extremity,0
HAM_0002282,ISIC_0034045,nv,consensus,,unknown,unknown,0
HAM_0002283,ISIC_0028869,nv,follow_up,40.0,female,lower extremity,0
HAM_0002286,ISIC_0029876,nv,follow_up,40.0,female,trunk,0
HAM_0002287,ISIC_0026891,nv,follow_up,55.0,male,upper extremity,0
HAM_0002289,ISIC_0032266,nv,follow_up,55.0,female,lower extremity,0
HAM_0002290,ISIC_0027941,nv,follow_up,40.0,male,trunk,0
HAM_0002291,ISIC_0024836,nv,histo,45.0,male,back,0
HAM_0002293,ISIC_0027351,nv,histo,40.0,female,lower extremity,0
HAM_0002294,ISIC_0025221,nv,follow_up,45.0,female,abdomen,0
HAM_0002295,ISIC_0025488,nv,histo,40.0,male,back,0
HAM_0002295,ISIC_0027999,nv,histo,40.0,male,back,0
HAM_0002296,ISIC_0026834,nv,consensus,35.0,female,lower extremity,0
HAM_0002296,ISIC_0029055,nv,consensus,35.0,female,lower extremity,0
HAM_0002297,ISIC_0026095,nv,follow_up,45.0,female,trunk,0
HAM_0002298,ISIC_0031483,nv,histo,25.0,male,lower extremity,0
HAM_0002300,ISIC_0024366,nv,histo,35.0,female,back,0
HAM_0002300,ISIC_0028360,nv,histo,35.0,female,back,0
HAM_0002300,ISIC_0029861,nv,histo,35.0,female,back,0
HAM_0002302,ISIC_0029633,nv,follow_up,50.0,male,trunk,0
HAM_0002304,ISIC_0024648,nv,follow_up,55.0,female,lower extremity,0
HAM_0002305,ISIC_0029693,nv,histo,55.0,male,back,0
HAM_0002308,ISIC_0027193,nv,follow_up,55.0,female,abdomen,0
HAM_0002311,ISIC_0028514,nv,follow_up,40.0,female,lower extremity,0
HAM_0002317,ISIC_0027268,nv,follow_up,45.0,female,upper extremity,0
HAM_0002319,ISIC_0026600,nv,histo,30.0,female,face,0
HAM_0002319,ISIC_0030740,nv,histo,30.0,female,face,0
HAM_0002320,ISIC_0025163,nv,follow_up,50.0,male,abdomen,0
HAM_0002321,ISIC_0029015,nv,follow_up,45.0,male,back,0
HAM_0002323,ISIC_0029976,nv,histo,45.0,male,back,0
HAM_0002323,ISIC_0031001,nv,histo,45.0,male,back,0
HAM_0002325,ISIC_0033021,nv,histo,45.0,male,abdomen,0
HAM_0002325,ISIC_0033835,nv,histo,45.0,male,abdomen,0
HAM_0002326,ISIC_0027346,nv,histo,55.0,male,back,0
HAM_0002326,ISIC_0031875,nv,histo,55.0,male,back,0
HAM_0002331,ISIC_0028068,nv,follow_up,35.0,female,lower extremity,0
HAM_0002332,ISIC_0025670,nv,consensus,0.0,male,foot,0
HAM_0002332,ISIC_0025898,nv,consensus,0.0,male,foot,0
HAM_0002333,ISIC_0031405,nv,histo,45.0,male,trunk,0
HAM_0002336,ISIC_0031446,nv,follow_up,35.0,female,abdomen,0
HAM_0002338,ISIC_0028103,mel,histo,70.0,female,upper extremity,1
HAM_0002341,ISIC_0029117,nv,follow_up,50.0,female,abdomen,0
HAM_0002344,ISIC_0026778,nv,follow_up,45.0,female,trunk,0
HAM_0002345,ISIC_0031982,nv,histo,35.0,male,upper extremity,0
HAM_0002347,ISIC_0030022,nv,follow_up,50.0,female,lower extremity,0
HAM_0002348,ISIC_0025240,nv,histo,45.0,male,abdomen,0
HAM_0002348,ISIC_0026933,nv,histo,45.0,male,abdomen,0
HAM_0002351,ISIC_0028788,nv,follow_up,65.0,male,trunk,0
HAM_0002352,ISIC_0032319,nv,follow_up,60.0,female,back,0
HAM_0002353,ISIC_0028705,nv,follow_up,40.0,female,foot,0
HAM_0002354,ISIC_0025559,nv,follow_up,45.0,male,lower extremity,0
HAM_0002359,ISIC_0024863,nv,follow_up,55.0,male,neck,0
HAM_0002360,ISIC_0028024,nv,follow_up,45.0,male,upper extremity,0
HAM_0002361,ISIC_0026285,nv,follow_up,65.0,male,abdomen,0
HAM_0002362,ISIC_0025307,nv,follow_up,40.0,male,back,0
HAM_0002364,ISIC_0024712,nv,consensus,5.0,female,hand,0
HAM_0002364,ISIC_0025446,nv,consensus,5.0,female,hand,0
HAM_0002364,ISIC_0029838,nv,consensus,5.0,female,hand,0
HAM_0002364,ISIC_0030348,nv,consensus,5.0,female,hand,0
HAM_0002364,ISIC_0032042,nv,consensus,5.0,female,hand,0
HAM_0002368,ISIC_0024841,nv,histo,60.0,male,back,0
HAM_0002368,ISIC_0029121,nv,histo,60.0,male,back,0
HAM_0002369,ISIC_0027016,nv,follow_up,40.0,female,ear,0
HAM_0002374,ISIC_0024780,nv,follow_up,35.0,male,back,0
HAM_0002377,ISIC_0033856,mel,histo,85.0,female,foot,1
HAM_0002377,ISIC_0033999,mel,histo,85.0,female,foot,1
HAM_0002378,ISIC_0026087,nv,follow_up,50.0,female,lower extremity,0
HAM_0002379,ISIC_0026082,nv,follow_up,55.0,female,lower extremity,0
HAM_0002380,ISIC_0029807,nv,follow_up,50.0,female,lower extremity,0
HAM_0002381,ISIC_0030680,nv,follow_up,80.0,male,trunk,0
HAM_0002383,ISIC_0032488,nv,follow_up,55.0,male,trunk,0
HAM_0002384,ISIC_0026195,nv,follow_up,55.0,male,lower extremity,0
HAM_0002385,ISIC_0024549,nv,follow_up,65.0,male,trunk,0
HAM_0002386,ISIC_0033640,nv,histo,65.0,male,trunk,0
HAM_0002386,ISIC_0033919,nv,histo,65.0,male,trunk,0
HAM_0002386,ISIC_0033927,nv,histo,65.0,male,trunk,0
HAM_0002387,ISIC_0030292,nv,follow_up,45.0,male,back,0
HAM_0002389,ISIC_0026701,nv,follow_up,50.0,male,trunk,0
HAM_0002391,ISIC_0027260,mel,histo,70.0,male,upper extremity,1
HAM_0002391,ISIC_0027604,mel,histo,70.0,male,upper extremity,1
HAM_0002391,ISIC_0029434,mel,histo,70.0,male,upper extremity,1
HAM_0002393,ISIC_0026879,nv,follow_up,40.0,male,lower extremity,0
HAM_0002394,ISIC_0029550,nv,follow_up,60.0,female,foot,0
HAM_0002396,ISIC_0026025,nv,follow_up,50.0,male,abdomen,0
HAM_0002399,ISIC_0030330,nv,follow_up,60.0,male,trunk,0
HAM_0002401,ISIC_0028204,nv,follow_up,40.0,male,abdomen,0
HAM_0002402,ISIC_0033515,nv,consensus,,unknown,unknown,0
HAM_0002403,ISIC_0028612,nv,follow_up,75.0,female,abdomen,0
HAM_0002405,ISIC_0030380,nv,follow_up,80.0,male,upper extremity,0
HAM_0002407,ISIC_0028731,nv,follow_up,75.0,female,lower extremity,0
HAM_0002408,ISIC_0031359,nv,consensus,65.0,male,neck,0
HAM_0002408,ISIC_0031454,nv,consensus,65.0,male,neck,0
HAM_0002409,ISIC_0028368,nv,histo,35.0,female,back,0
HAM_0002409,ISIC_0028843,nv,histo,35.0,female,back,0
HAM_0002411,ISIC_0025946,nv,histo,60.0,female,neck,0
HAM_0002414,ISIC_0027661,nv,follow_up,35.0,male,upper extremity,0
HAM_0002415,ISIC_0026121,nv,follow_up,30.0,female,trunk,0
HAM_0002417,ISIC_0032943,nv,histo,,male,upper extremity,0
HAM_0002417,ISIC_0033442,nv,histo,,male,upper extremity,0
HAM_0002422,ISIC_0031566,nv,follow_up,60.0,male,lower extremity,0
HAM_0002423,ISIC_0025088,nv,histo,30.0,female,abdomen,0
HAM_0002423,ISIC_0028963,nv,histo,30.0,female,abdomen,0
HAM_0002423,ISIC_0031924,nv,histo,30.0,female,abdomen,0
HAM_0002425,ISIC_0032682,nv,consensus,20.0,male,back,0
HAM_0002425,ISIC_0032837,nv,consensus,20.0,male,back,0
HAM_0002426,ISIC_0024348,nv,follow_up,40.0,female,lower extremity,0
HAM_0002428,ISIC_0026510,nv,follow_up,70.0,female,trunk,0
HAM_0002429,ISIC_0028139,nv,histo,35.0,female,hand,0
HAM_0002430,ISIC_0027673,mel,histo,70.0,female,upper extremity,1
HAM_0002430,ISIC_0028114,mel,histo,70.0,female,upper extremity,1
HAM_0002430,ISIC_0032134,mel,histo,70.0,female,upper extremity,1
HAM_0002433,ISIC_0032011,nv,follow_up,45.0,female,upper extremity,0
HAM_0002434,ISIC_0033253,nv,histo,40.0,female,back,0
HAM_0002434,ISIC_0033941,nv,histo,40.0,female,back,0
HAM_0002434,ISIC_0033974,nv,histo,40.0,female,back,0
HAM_0002435,ISIC_0028366,nv,follow_up,45.0,female,lower extremity,0
HAM_0002436,ISIC_0025127,mel,histo,60.0,male,upper extremity,1
HAM_0002436,ISIC_0026266,mel,histo,60.0,male,upper extremity,1
HAM_0002437,ISIC_0031899,nv,follow_up,55.0,female,lower extremity,0
HAM_0002438,ISIC_0026527,nv,follow_up,75.0,female,trunk,0
HAM_0002439,ISIC_0031083,nv,follow_up,65.0,female,abdomen,0
HAM_0002440,ISIC_0029723,nv,follow_up,50.0,male,trunk,0
HAM_0002442,ISIC_0026325,nv,follow_up,50.0,male,trunk,0
HAM_0002443,ISIC_0029685,nv,follow_up,50.0,female,trunk,0
HAM_0002444,ISIC_0029852,nv,follow_up,35.0,female,upper extremity,0
HAM_0002448,ISIC_0033281,nv,histo,35.0,female,back,0
HAM_0002448,ISIC_0033285,nv,histo,35.0,female,back,0
HAM_0002448,ISIC_0034122,nv,histo,35.0,female,back,0
HAM_0002449,ISIC_0024391,nv,follow_up,50.0,male,chest,0
HAM_0002452,ISIC_0024491,nv,follow_up,70.0,male,back,0
HAM_0002453,ISIC_0029921,nv,follow_up,30.0,male,abdomen,0
HAM_0002457,ISIC_0027457,nv,follow_up,60.0,male,back,0
HAM_0002458,ISIC_0026155,nv,follow_up,50.0,male,lower extremity,0
HAM_0002459,ISIC_0029305,nv,follow_up,40.0,male,trunk,0
HAM_0002460,ISIC_0032336,nv,follow_up,35.0,female,lower extremity,0
HAM_0002464,ISIC_0030566,nv,follow_up,35.0,male,lower extremity,0
HAM_0002465,ISIC_0026565,nv,follow_up,40.0,female,trunk,0
HAM_0002466,ISIC_0030128,nv,follow_up,30.0,female,back,0
HAM_0002469,ISIC_0029419,nv,follow_up,55.0,female,genital,0
HAM_0002471,ISIC_0027060,mel,histo,40.0,female,lower extremity,1
HAM_0002471,ISIC_0028326,mel,histo,40.0,female,lower extremity,1
HAM_0002474,ISIC_0030658,nv,follow_up,50.0,male,trunk,0
HAM_0002475,ISIC_0026685,nv,follow_up,70.0,female,foot,0
HAM_0002476,ISIC_0027837,nv,histo,15.0,male,back,0
HAM_0002476,ISIC_0034187,nv,histo,15.0,male,back,0
HAM_0002478,ISIC_0031787,nv,follow_up,60.0,female,unknown,0
HAM_0002479,ISIC_0029768,nv,follow_up,55.0,female,lower extremity,0
HAM_0002481,ISIC_0024684,nv,histo,20.0,male,chest,0
HAM_0002482,ISIC_0032064,nv,follow_up,40.0,female,lower extremity,0
HAM_0002483,ISIC_0032446,nv,follow_up,45.0,female,trunk,0
HAM_0002484,ISIC_0029194,nv,histo,30.0,male,upper extremity,0
HAM_0002484,ISIC_0029846,nv,histo,30.0,male,upper extremity,0
HAM_0002485,ISIC_0028351,nv,follow_up,35.0,male,upper extremity,0
HAM_0002487,ISIC_0032503,nv,follow_up,55.0,female,trunk,0
HAM_0002489,ISIC_0030874,nv,histo,45.0,female,hand,0
HAM_0002489,ISIC_0031629,nv,histo,45.0,female,hand,0
HAM_0002490,ISIC_0027889,nv,histo,70.0,female,foot,0
HAM_0002490,ISIC_0030694,nv,histo,70.0,female,foot,0
HAM_0002491,ISIC_0026770,mel,histo,65.0,male,upper extremity,1
HAM_0002491,ISIC_0028465,mel,histo,65.0,male,upper extremity,1
HAM_0002492,ISIC_0028875,nv,follow_up,70.0,male,back,0
HAM_0002494,ISIC_0033686,nv,histo,65.0,female,abdomen,0
HAM_0002495,ISIC_0031330,nv,follow_up,45.0,female,lower extremity,0
HAM_0002496,ISIC_0030861,nv,follow_up,75.0,male,lower extremity,0
HAM_0002500,ISIC_0028169,nv,follow_up,45.0,male,back,0
HAM_0002501,ISIC_0032928,nv,histo,40.0,male,trunk,0
HAM_0002501,ISIC_0033009,nv,histo,40.0,male,trunk,0
HAM_0002501,ISIC_0033388,nv,histo,40.0,male,trunk,0
HAM_0002502,ISIC_0032973,nv,histo,40.0,male,abdomen,0
HAM_0002502,ISIC_0033425,nv,histo,40.0,male,abdomen,0
HAM_0002502,ISIC_0034220,nv,histo,40.0,male,abdomen,0
HAM_0002504,ISIC_0025455,nv,follow_up,50.0,male,back,0
HAM_0002505,ISIC_0031402,nv,follow_up,35.0,female,abdomen,0
HAM_0002509,ISIC_0024732,mel,histo,50.0,female,upper extremity,1
HAM_0002509,ISIC_0030440,mel,histo,50.0,female,upper extremity,1
HAM_0002511,ISIC_0025148,nv,histo,35.0,male,back,0
HAM_0002511,ISIC_0031965,nv,histo,35.0,male,back,0
HAM_0002512,ISIC_0025768,nv,follow_up,45.0,male,upper extremity,0
HAM_0002513,ISIC_0027088,nv,follow_up,35.0,male,foot,0
HAM_0002516,ISIC_0028315,nv,follow_up,35.0,female,lower extremity,0
HAM_0002517,ISIC_0031838,nv,histo,60.0,male,abdomen,0
HAM_0002518,ISIC_0032028,nv,histo,60.0,male,abdomen,0
HAM_0002519,ISIC_0032986,nv,histo,45.0,female,abdomen,0
HAM_0002519,ISIC_0033109,nv,histo,45.0,female,abdomen,0
HAM_0002519,ISIC_0033148,nv,histo,45.0,female,abdomen,0
HAM_0002520,ISIC_0032177,nv,follow_up,45.0,male,back,0
HAM_0002522,ISIC_0028382,nv,follow_up,50.0,female,abdomen,0
HAM_0002523,ISIC_0024516,mel,histo,40.0,male,back,1
HAM_0002524,ISIC_0026184,nv,follow_up,55.0,male,trunk,0
HAM_0002525,ISIC_0025188,mel,histo,55.0,male,face,1
HAM_0002525,ISIC_0026811,mel,histo,55.0,male,face,1
HAM_0002528,ISIC_0025821,nv,follow_up,35.0,male,upper extremity,0
HAM_0002530,ISIC_0028239,nv,follow_up,45.0,female,lower extremity,0
HAM_0002531,ISIC_0027467,nv,follow_up,35.0,female,trunk,0
HAM_0002532,ISIC_0026615,nv,histo,85.0,male,scalp,0
HAM_0002534,ISIC_0024898,mel,histo,80.0,male,lower extremity,1
HAM_0002534,ISIC_0027620,mel,histo,80.0,male,lower extremity,1
HAM_0002534,ISIC_0029538,mel,histo,80.0,male,lower extremity,1
HAM_0002539,ISIC_0027422,nv,follow_up,55.0,female,back,0
HAM_0002540,ISIC_0030471,nv,follow_up,35.0,female,lower extremity,0
HAM_0002541,ISIC_0028098,nv,histo,15.0,female,upper extremity,0
HAM_0002543,ISIC_0025645,nv,follow_up,45.0,male,abdomen,0
HAM_0002544,ISIC_0029711,nv,follow_up,45.0,female,trunk,0
HAM_0002545,ISIC_0029149,nv,follow_up,45.0,female,lower extremity,0
HAM_0002547,ISIC_0024394,nv,histo,20.0,female,back,0
HAM_0002547,ISIC_0029516,nv,histo,20.0,female,back,0
HAM_0002552,ISIC_0032936,mel,histo,25.0,male,upper extremity,1
HAM_0002552,ISIC_0032985,mel,histo,25.0,male,upper extremity,1
HAM_0002552,ISIC_0033232,mel,histo,25.0,male,upper extremity,1
HAM_0002553,ISIC_0032931,nv,consensus,70.0,male,trunk,0
HAM_0002554,ISIC_0028585,nv,consensus,30.0,male,back,0
HAM_0002554,ISIC_0032102,nv,consensus,30.0,male,back,0
HAM_0002555,ISIC_0032398,nv,follow_up,55.0,male,trunk,0
HAM_0002557,ISIC_0025927,mel,histo,50.0,female,upper extremity,1
HAM_0002561,ISIC_0025325,nv,follow_up,50.0,male,lower extremity,0
HAM_0002562,ISIC_0025024,nv,follow_up,60.0,male,trunk,0
HAM_0002563,ISIC_0024607,nv,follow_up,50.0,female,lower extremity,0
HAM_0002564,ISIC_0029626,nv,follow_up,55.0,female,trunk,0
HAM_0002566,ISIC_0024437,nv,consensus,55.0,female,chest,0
HAM_0002566,ISIC_0031105,nv,consensus,55.0,female,chest,0
HAM_0002567,ISIC_0031048,nv,histo,30.0,female,back,0
HAM_0002567,ISIC_0031466,nv,histo,30.0,female,back,0
HAM_0002569,ISIC_0034018,nv,consensus,30.0,male,back,0
HAM_0002570,ISIC_0029952,nv,follow_up,30.0,male,trunk,0
HAM_0002571,ISIC_0025881,nv,consensus,70.0,male,foot,0
HAM_0002571,ISIC_0026190,nv,consensus,70.0,male,foot,0
HAM_0002572,ISIC_0025422,nv,histo,30.0,male,upper extremity,0
HAM_0002572,ISIC_0030033,nv,histo,30.0,male,upper extremity,0
HAM_0002573,ISIC_0030018,nv,follow_up,45.0,male,lower extremity,0
HAM_0002575,ISIC_0026781,nv,histo,55.0,female,back,0
HAM_0002575,ISIC_0028015,nv,histo,55.0,female,back,0
HAM_0002576,ISIC_0025414,mel,histo,55.0,male,lower extremity,1
HAM_0002576,ISIC_0031368,mel,histo,55.0,male,lower extremity,1
HAM_0002578,ISIC_0027656,nv,follow_up,40.0,male,back,0
HAM_0002580,ISIC_0031252,nv,follow_up,40.0,male,back,0
HAM_0002582,ISIC_0032813,nv,histo,50.0,male,abdomen,0
HAM_0002582,ISIC_0033665,nv,histo,50.0,male,abdomen,0
HAM_0002583,ISIC_0026572,nv,follow_up,40.0,male,trunk,0
HAM_0002584,ISIC_0030315,nv,follow_up,45.0,female,upper extremity,0
HAM_0002586,ISIC_0025186,nv,follow_up,45.0,female,lower extremity,0
HAM_0002587,ISIC_0030485,nv,consensus,60.0,female,abdomen,0
HAM_0002587,ISIC_0031803,nv,consensus,60.0,female,abdomen,0
HAM_0002588,ISIC_0031452,nv,follow_up,50.0,male,trunk,0
HAM_0002591,ISIC_0028930,mel,histo,55.0,female,lower extremity,1
HAM_0002591,ISIC_0031389,mel,histo,55.0,female,lower extremity,1
HAM_0002593,ISIC_0029935,nv,follow_up,50.0,female,hand,0
HAM_0002594,ISIC_0031047,nv,follow_up,45.0,female,upper extremity,0
HAM_0002599,ISIC_0033143,nv,consensus,25.0,male,unknown,0
HAM_0002600,ISIC_0032588,nv,consensus,25.0,male,unknown,0
HAM_0002602,ISIC_0032798,nv,consensus,25.0,male,unknown,0
HAM_0002604,ISIC_0033656,nv,consensus,25.0,male,unknown,0
HAM_0002605,ISIC_0034164,nv,consensus,25.0,male,unknown,0
HAM_0002606,ISIC_0033228,nv,consensus,25.0,male,unknown,0
HAM_0002607,ISIC_0032744,nv,consensus,25.0,male,unknown,0
HAM_0002608,ISIC_0026484,nv,follow_up,40.0,female,foot,0
HAM_0002609,ISIC_0029318,mel,histo,60.0,female,back,1
HAM_0002609,ISIC_0032070,mel,histo,60.0,female,back,1
HAM_0002612,ISIC_0031180,nv,follow_up,35.0,male,abdomen,0
HAM_0002613,ISIC_0024958,mel,histo,45.0,male,lower extremity,1
HAM_0002613,ISIC_0030604,mel,histo,45.0,male,lower extremity,1
HAM_0002613,ISIC_0030925,mel,histo,45.0,male,lower extremity,1
HAM_0002614,ISIC_0027637,nv,follow_up,75.0,male,trunk,0
HAM_0002617,ISIC_0033393,mel,histo,60.0,male,upper extremity,1
HAM_0002617,ISIC_0033957,mel,histo,60.0,male,upper extremity,1
HAM_0002617,ISIC_0034172,mel,histo,60.0,male,upper extremity,1
HAM_0002618,ISIC_0027705,nv,follow_up,35.0,female,lower extremity,0
HAM_0002619,ISIC_0025435,nv,follow_up,45.0,female,abdomen,0
HAM_0002620,ISIC_0032490,nv,follow_up,45.0,male,back,0
HAM_0002621,ISIC_0028047,nv,follow_up,35.0,female,lower extremity,0
HAM_0002622,ISIC_0030187,mel,histo,35.0,male,upper extremity,1
HAM_0002624,ISIC_0028282,nv,follow_up,50.0,male,foot,0
HAM_0002626,ISIC_0026822,nv,follow_up,45.0,male,lower extremity,0
HAM_0002628,ISIC_0030652,nv,histo,50.0,male,lower extremity,0
HAM_0002628,ISIC_0030852,nv,histo,50.0,male,lower extremity,0
HAM_0002628,ISIC_0031204,nv,histo,50.0,male,lower extremity,0
HAM_0002629,ISIC_0024551,nv,follow_up,50.0,male,abdomen,0
HAM_0002630,ISIC_0026257,nv,follow_up,60.0,male,back,0
HAM_0002631,ISIC_0028048,nv,follow_up,55.0,female,trunk,0
HAM_0002632,ISIC_0029943,nv,follow_up,50.0,female,genital,0
HAM_0002635,ISIC_0029364,nv,follow_up,70.0,male,lower extremity,0
HAM_0002637,ISIC_0029376,nv,follow_up,30.0,male,upper extremity,0
HAM_0002640,ISIC_0030337,nv,follow_up,40.0,female,trunk,0
HAM_0002641,ISIC_0032676,nv,histo,40.0,female,back,0
HAM_0002641,ISIC_0034077,nv,histo,40.0,female,back,0
HAM_0002641,ISIC_0034111,nv,histo,40.0,female,back,0
HAM_0002643,ISIC_0030017,nv,follow_up,80.0,male,trunk,0
HAM_0002649,ISIC_0026235,nv,follow_up,55.0,female,trunk,0
HAM_0002651,ISIC_0028682,nv,follow_up,25.0,female,trunk,0
HAM_0002652,ISIC_0024934,nv,histo,25.0,male,lower extremity,0
HAM_0002652,ISIC_0025442,nv,histo,25.0,male,lower extremity,0
HAM_0002653,ISIC_0026817,nv,follow_up,45.0,male,lower extremity,0
HAM_0002656,ISIC_0027116,nv,follow_up,45.0,female,trunk,0
HAM_0002657,ISIC_0031046,nv,histo,50.0,male,back,0
HAM_0002658,ISIC_0025907,nv,histo,55.0,male,abdomen,0
HAM_0002658,ISIC_0027113,nv,histo,55.0,male,abdomen,0
HAM_0002659,ISIC_0026448,nv,follow_up,60.0,female,trunk,0
HAM_0002661,ISIC_0025665,nv,histo,55.0,female,lower extremity,0
HAM_0002661,ISIC_0026692,nv,histo,55.0,female,lower extremity,0
HAM_0002661,ISIC_0030597,nv,histo,55.0,female,lower extremity,0
HAM_0002662,ISIC_0031572,nv,follow_up,45.0,female,abdomen,0
HAM_0002665,ISIC_0032208,nv,follow_up,50.0,male,abdomen,0
HAM_0002670,ISIC_0027734,nv,histo,75.0,male,back,0
HAM_0002670,ISIC_0030426,nv,histo,75.0,male,back,0
HAM_0002673,ISIC_0027686,nv,follow_up,55.0,female,lower extremity,0
HAM_0002675,ISIC_0024969,nv,histo,30.0,female,upper extremity,0
HAM_0002675,ISIC_0029641,nv,histo,30.0,female,upper extremity,0
HAM_0002675,ISIC_0031014,nv,histo,30.0,female,upper extremity,0
HAM_0002678,ISIC_0030739,nv,follow_up,30.0,female,trunk,0
HAM_0002679,ISIC_0029590,nv,follow_up,45.0,female,foot,0
HAM_0002680,ISIC_0031315,nv,follow_up,30.0,male,hand,0
HAM_0002685,ISIC_0030593,nv,histo,30.0,male,chest,0
HAM_0002687,ISIC_0032037,nv,follow_up,60.0,female,back,0
HAM_0002688,ISIC_0025348,nv,follow_up,60.0,male,trunk,0
HAM_0002690,ISIC_0028828,nv,follow_up,70.0,male,trunk,0
HAM_0002693,ISIC_0031550,mel,histo,80.0,female,chest,1
HAM_0002694,ISIC_0030100,nv,follow_up,45.0,male,trunk,0
HAM_0002695,ISIC_0028664,nv,follow_up,45.0,male,back,0
HAM_0002697,ISIC_0028055,nv,follow_up,50.0,female,trunk,0
HAM_0002698,ISIC_0031247,nv,histo,55.0,female,foot,0
HAM_0002698,ISIC_0032023,nv,histo,55.0,female,foot,0
HAM_0002700,ISIC_0025011,nv,follow_up,55.0,female,trunk,0
HAM_0002701,ISIC_0024328,nv,histo,55.0,male,back,0
HAM_0002701,ISIC_0026764,nv,histo,55.0,male,back,0
HAM_0002702,ISIC_0028196,nv,follow_up,35.0,female,face,0
HAM_0002704,ISIC_0031638,nv,follow_up,45.0,female,lower extremity,0
HAM_0002707,ISIC_0030628,nv,follow_up,45.0,female,trunk,0
HAM_0002710,ISIC_0025241,nv,follow_up,70.0,male,lower extremity,0
HAM_0002713,ISIC_0026695,nv,follow_up,55.0,male,abdomen,0
HAM_0002715,ISIC_0024714,nv,histo,70.0,male,back,0
HAM_0002715,ISIC_0028373,nv,histo,70.0,male,back,0
HAM_0002716,ISIC_0030779,nv,follow_up,65.0,male,lower extremity,0
HAM_0002720,ISIC_0025277,mel,histo,75.0,male,ear,1
HAM_0002721,ISIC_0032585,nv,histo,25.0,male,abdomen,0
HAM_0002721,ISIC_0032899,nv,histo,25.0,male,abdomen,0
HAM_0002721,ISIC_0034157,nv,histo,25.0,male,abdomen,0
HAM_0002723,ISIC_0034050,mel,histo,45.0,female,lower extremity,1
HAM_0002723,ISIC_0034243,mel,histo,45.0,female,lower extremity,1
HAM_0002724,ISIC_0032580,nv,consensus,70.0,male,upper extremity,0
HAM_0002724,ISIC_0033692,nv,consensus,70.0,male,upper extremity,0
HAM_0002725,ISIC_0025523,nv,follow_up,30.0,female,trunk,0
HAM_0002726,ISIC_0025473,nv,consensus,5.0,male,foot,0
HAM_0002726,ISIC_0025860,nv,consensus,5.0,male,foot,0
HAM_0002728,ISIC_0026570,nv,follow_up,70.0,female,lower extremity,0
HAM_0002729,ISIC_0026346,nv,histo,20.0,male,foot,0
HAM_0002729,ISIC_0026934,nv,histo,20.0,male,foot,0
HAM_0002732,ISIC_0033017,mel,histo,65.0,male,chest,1
HAM_0002732,ISIC_0033874,mel,histo,65.0,male,chest,1
HAM_0002732,ISIC_0034022,mel,histo,65.0,male,chest,1
HAM_0002735,ISIC_0029992,nv,follow_up,50.0,male,trunk,0
HAM_0002737,ISIC_0029795,nv,follow_up,50.0,male,abdomen,0
HAM_0002738,ISIC_0029438,nv,histo,65.0,female,face,0
HAM_0002739,ISIC_0032452,nv,follow_up,65.0,male,upper extremity,0
HAM_0002740,ISIC_0027246,nv,histo,30.0,male,back,0
HAM_0002741,ISIC_0027939,nv,follow_up,45.0,female,abdomen,0
HAM_0002743,ISIC_0030439,nv,follow_up,40.0,male,abdomen,0
HAM_0002746,ISIC_0031399,nv,histo,60.0,male,back,0
HAM_0002747,ISIC_0025242,nv,follow_up,60.0,female,lower extremity,0
HAM_0002750,ISIC_0033003,nv,histo,60.0,female,back,0
HAM_0002750,ISIC_0033386,nv,histo,60.0,female,back,0
HAM_0002750,ISIC_0034136,nv,histo,60.0,female,back,0
HAM_0002751,ISIC_0026073,nv,follow_up,80.0,male,abdomen,0
HAM_0002752,ISIC_0025748,mel,histo,70.0,male,lower extremity,1
HAM_0002754,ISIC_0025892,nv,histo,40.0,female,lower extremity,0
HAM_0002754,ISIC_0026866,nv,histo,40.0,female,lower extremity,0
HAM_0002755,ISIC_0032523,nv,consensus,65.0,male,abdomen,0
HAM_0002755,ISIC_0033159,nv,consensus,65.0,male,abdomen,0
HAM_0002758,ISIC_0027575,nv,follow_up,45.0,female,upper extremity,0
HAM_0002759,ISIC_0033062,nv,histo,40.0,female,back,0
HAM_0002759,ISIC_0034261,nv,histo,40.0,female,back,0
HAM_0002760,ISIC_0031815,nv,follow_up,35.0,female,back,0
HAM_0002762,ISIC_0029458,nv,follow_up,45.0,male,trunk,0
HAM_0002763,ISIC_0026884,nv,follow_up,80.0,male,back,0
HAM_0002764,ISIC_0030366,mel,histo,60.0,female,back,1
HAM_0002765,ISIC_0024860,nv,follow_up,55.0,male,trunk,0
HAM_0002766,ISIC_0030532,nv,histo,60.0,female,back,0
HAM_0002767,ISIC_0031914,nv,follow_up,55.0,male,upper extremity,0
HAM_0002768,ISIC_0026657,nv,consensus,60.0,female,abdomen,0
HAM_0002768,ISIC_0028067,nv,consensus,60.0,female,abdomen,0
HAM_0002770,ISIC_0025265,mel,histo,30.0,male,back,1
HAM_0002770,ISIC_0025489,mel,histo,30.0,male,back,1
HAM_0002772,ISIC_0026897,mel,histo,75.0,male,back,1
HAM_0002772,ISIC_0031908,mel,histo,75.0,male,back,1
HAM_0002773,ISIC_0028690,nv,follow_up,55.0,male,trunk,0
HAM_0002776,ISIC_0026143,nv,follow_up,45.0,male,trunk,0
HAM_0002777,ISIC_0030228,nv,follow_up,50.0,female,abdomen,0
HAM_0002781,ISIC_0029379,nv,follow_up,40.0,male,back,0
HAM_0002782,ISIC_0030536,nv,follow_up,55.0,male,back,0
HAM_0002783,ISIC_0029507,nv,follow_up,50.0,male,lower extremity,0
HAM_0002784,ISIC_0027712,nv,follow_up,55.0,male,lower extremity,0
HAM_0002786,ISIC_0029258,nv,follow_up,55.0,male,trunk,0
HAM_0002789,ISIC_0030578,nv,follow_up,50.0,male,back,0
HAM_0002790,ISIC_0026721,nv,follow_up,50.0,female,trunk,0
HAM_0002793,ISIC_0029953,nv,histo,10.0,male,genital,0
HAM_0002794,ISIC_0031596,nv,histo,55.0,female,back,0
HAM_0002795,ISIC_0025278,nv,consensus,30.0,female,back,0
HAM_0002795,ISIC_0032312,nv,consensus,30.0,female,back,0
HAM_0002797,ISIC_0026883,nv,histo,20.0,female,abdomen,0
HAM_0002797,ISIC_0031412,nv,histo,20.0,female,abdomen,0
HAM_0002798,ISIC_0025323,nv,consensus,60.0,female,abdomen,0
HAM_0002798,ISIC_0025647,nv,consensus,60.0,female,abdomen,0
HAM_0002799,ISIC_0027975,nv,follow_up,30.0,male,neck,0
HAM_0002800,ISIC_0026239,mel,histo,55.0,male,chest,1
HAM_0002800,ISIC_0027089,mel,histo,55.0,male,chest,1
HAM_0002801,ISIC_0025889,nv,follow_up,55.0,female,abdomen,0
HAM_0002802,ISIC_0029717,nv,follow_up,45.0,female,abdomen,0
HAM_0002803,ISIC_0028110,nv,histo,40.0,female,back,0
HAM_0002805,ISIC_0031722,nv,follow_up,50.0,male,trunk,0
HAM_0002806,ISIC_0029175,nv,follow_up,55.0,female,lower extremity,0
HAM_0002807,ISIC_0025050,nv,follow_up,45.0,male,trunk,0
HAM_0002808,ISIC_0031503,nv,follow_up,45.0,female,trunk,0
HAM_0002813,ISIC_0030751,nv,follow_up,55.0,female,upper extremity,0
HAM_0002814,ISIC_0028140,nv,follow_up,50.0,male,lower extremity,0
HAM_0002816,ISIC_0028405,nv,follow_up,60.0,female,back,0
HAM_0002817,ISIC_0029495,mel,histo,70.0,female,upper extremity,1
HAM_0002817,ISIC_0030255,mel,histo,70.0,female,upper extremity,1
HAM_0002819,ISIC_0024467,nv,follow_up,40.0,male,lower extremity,0
HAM_0002820,ISIC_0028422,nv,follow_up,35.0,male,back,0
HAM_0002823,ISIC_0031354,nv,histo,35.0,female,face,0
HAM_0002826,ISIC_0028334,nv,follow_up,30.0,female,trunk,0
HAM_0002828,ISIC_0030164,nv,follow_up,45.0,female,upper extremity,0
HAM_0002830,ISIC_0025796,nv,follow_up,75.0,male,abdomen,0
HAM_0002831,ISIC_0026977,nv,follow_up,45.0,male,lower extremity,0
HAM_0002832,ISIC_0029091,nv,consensus,5.0,male,trunk,0
HAM_0002832,ISIC_0032026,nv,consensus,5.0,male,trunk,0
HAM_0002834,ISIC_0026500,mel,histo,75.0,female,back,1
HAM_0002834,ISIC_0032110,mel,histo,75.0,female,back,1
HAM_0002835,ISIC_0028510,nv,histo,30.0,female,foot,0
HAM_0002836,ISIC_0030289,nv,follow_up,35.0,male,lower extremity,0
HAM_0002838,ISIC_0030818,mel,histo,65.0,female,lower extremity,1
HAM_0002841,ISIC_0032653,mel,histo,20.0,male,back,1
HAM_0002841,ISIC_0032982,mel,histo,20.0,male,back,1
HAM_0002841,ISIC_0033196,mel,histo,20.0,male,back,1
HAM_0002842,ISIC_0029616,nv,follow_up,45.0,male,lower extremity,0
HAM_0002845,ISIC_0031319,nv,follow_up,55.0,male,abdomen,0
HAM_0002846,ISIC_0028616,nv,follow_up,60.0,female,back,0
HAM_0002850,ISIC_0024638,nv,follow_up,45.0,male,lower extremity,0
HAM_0002851,ISIC_0026915,nv,follow_up,55.0,female,lower extremity,0
HAM_0002852,ISIC_0031530,nv,follow_up,55.0,male,back,0
HAM_0002853,ISIC_0027429,nv,follow_up,55.0,male,foot,0
HAM_0002854,ISIC_0031673,nv,follow_up,30.0,female,back,0
HAM_0002856,ISIC_0028154,nv,histo,70.0,male,upper extremity,0
HAM_0002856,ISIC_0028453,nv,histo,70.0,male,upper extremity,0
HAM_0002857,ISIC_0024528,nv,follow_up,25.0,female,upper extremity,0
HAM_0002859,ISIC_0025119,nv,follow_up,40.0,male,back,0
HAM_0002860,ISIC_0030027,nv,follow_up,20.0,male,lower extremity,0
HAM_0002861,ISIC_0031462,nv,histo,55.0,male,upper extremity,0
HAM_0002864,ISIC_0025176,nv,follow_up,60.0,male,lower extremity,0
HAM_0002866,ISIC_0029411,nv,follow_up,50.0,male,lower extremity,0
HAM_0002868,ISIC_0031998,nv,follow_up,50.0,female,upper extremity,0
HAM_0002869,ISIC_0024313,mel,histo,50.0,female,back,1
HAM_0002869,ISIC_0026694,mel,histo,50.0,female,back,1
HAM_0002870,ISIC_0027267,nv,follow_up,50.0,male,trunk,0
HAM_0002872,ISIC_0026164,nv,follow_up,35.0,female,abdomen,0
HAM_0002873,ISIC_0026412,nv,follow_up,45.0,male,lower extremity,0
HAM_0002875,ISIC_0032050,nv,follow_up,60.0,male,trunk,0
HAM_0002876,ISIC_0033082,nv,consensus,25.0,male,abdomen,0
HAM_0002876,ISIC_0034098,nv,consensus,25.0,male,abdomen,0
HAM_0002877,ISIC_0030435,nv,follow_up,50.0,male,trunk,0
HAM_0002878,ISIC_0032640,nv,histo,45.0,female,back,0
HAM_0002878,ISIC_0033984,nv,histo,45.0,female,back,0
HAM_0002880,ISIC_0029691,nv,follow_up,50.0,female,trunk,0
HAM_0002885,ISIC_0026386,nv,follow_up,45.0,male,upper extremity,0
HAM_0002887,ISIC_0032089,nv,follow_up,60.0,male,trunk,0
HAM_0002890,ISIC_0032704,nv,histo,50.0,male,upper extremity,0
HAM_0002890,ISIC_0033289,nv,histo,50.0,male,upper extremity,0
HAM_0002891,ISIC_0028906,nv,follow_up,65.0,female,lower extremity,0
HAM_0002892,ISIC_0032469,nv,follow_up,30.0,male,back,0
HAM_0002893,ISIC_0025037,nv,follow_up,75.0,male,trunk,0
HAM_0002896,ISIC_0030235,nv,follow_up,35.0,female,lower extremity,0
HAM_0002897,ISIC_0030552,mel,histo,75.0,male,back,1
HAM_0002899,ISIC_0026601,nv,histo,25.0,male,back,0
HAM_0002901,ISIC_0028722,nv,follow_up,40.0,male,trunk,0
HAM_0002904,ISIC_0027213,nv,histo,65.0,male,trunk,0
HAM_0002906,ISIC_0026604,mel,histo,70.0,male,ear,1
HAM_0002906,ISIC_0027517,mel,histo,70.0,male,ear,1
HAM_0002907,ISIC_0029730,nv,histo,30.0,male,trunk,0
HAM_0002908,ISIC_0032650,nv,histo,65.0,male,back,0
HAM_0002908,ISIC_0034182,nv,histo,65.0,male,back,0
HAM_0002913,ISIC_0025070,nv,follow_up,25.0,male,abdomen,0
HAM_0002915,ISIC_0034009,nv,histo,65.0,male,upper extremity,0
HAM_0002915,ISIC_0034097,nv,histo,65.0,male,upper extremity,0
HAM_0002915,ISIC_0034305,nv,histo,65.0,male,upper extremity,0
HAM_0002917,ISIC_0032506,nv,follow_up,60.0,male,abdomen,0
HAM_0002918,ISIC_0031704,nv,follow_up,35.0,female,abdomen,0
HAM_0002920,ISIC_0031205,nv,follow_up,35.0,female,trunk,0
HAM_0002922,ISIC_0027625,nv,follow_up,55.0,female,trunk,0
HAM_0002926,ISIC_0030831,nv,follow_up,40.0,female,abdomen,0
HAM_0002932,ISIC_0027841,nv,follow_up,60.0,male,lower extremity,0
HAM_0002935,ISIC_0024670,nv,follow_up,45.0,male,trunk,0
HAM_0002936,ISIC_0024380,nv,histo,60.0,male,back,0
HAM_0002936,ISIC_0030279,nv,histo,60.0,male,back,0
HAM_0002938,ISIC_0025580,nv,follow_up,50.0,male,upper extremity,0
HAM_0002940,ISIC_0024791,nv,follow_up,50.0,female,abdomen,0
HAM_0002942,ISIC_0027911,nv,histo,50.0,male,lower extremity,0
HAM_0002942,ISIC_0031418,nv,histo,50.0,male,lower extremity,0
HAM_0002943,ISIC_0026054,nv,follow_up,50.0,male,lower extremity,0
HAM_0002944,ISIC_0028135,nv,histo,45.0,female,back,0
HAM_0002947,ISIC_0031589,nv,follow_up,35.0,male,trunk,0
HAM_0002948,ISIC_0030927,nv,follow_up,40.0,female,lower extremity,0
HAM_0002952,ISIC_0033518,mel,histo,80.0,male,upper extremity,1
HAM_0002952,ISIC_0033843,mel,histo,80.0,male,upper extremity,1
HAM_0002956,ISIC_0032637,mel,histo,35.0,female,abdomen,1
HAM_0002956,ISIC_0032993,mel,histo,35.0,female,abdomen,1
HAM_0002963,ISIC_0032435,nv,follow_up,45.0,male,trunk,0
HAM_0002964,ISIC_0024927,nv,follow_up,40.0,male,lower extremity,0
HAM_0002967,ISIC_0025380,nv,follow_up,35.0,male,foot,0
HAM_0002968,ISIC_0027446,nv,follow_up,40.0,male,back,0
HAM_0002969,ISIC_0030913,nv,follow_up,65.0,male,back,0
HAM_0002971,ISIC_0026425,nv,follow_up,45.0,female,lower extremity,0
HAM_0002972,ISIC_0025430,nv,follow_up,40.0,female,genital,0
HAM_0002973,ISIC_0026140,nv,histo,55.0,male,face,0
HAM_0002973,ISIC_0032086,nv,histo,55.0,male,face,0
HAM_0002974,ISIC_0027553,nv,follow_up,80.0,male,upper extremity,0
HAM_0002975,ISIC_0026148,nv,histo,45.0,male,upper extremity,0
HAM_0002975,ISIC_0028810,nv,histo,45.0,male,upper extremity,0
HAM_0002977,ISIC_0025629,nv,follow_up,45.0,male,trunk,0
HAM_0002980,ISIC_0030395,nv,follow_up,40.0,male,trunk,0
HAM_0002981,ISIC_0026664,mel,histo,65.0,female,back,1
HAM_0002981,ISIC_0028087,mel,histo,65.0,female,back,1
HAM_0002989,ISIC_0027378,nv,follow_up,65.0,female,lower extremity,0
HAM_0002990,ISIC_0028437,nv,follow_up,70.0,male,abdomen,0
HAM_0002991,ISIC_0030502,nv,follow_up,45.0,female,lower extremity,0
HAM_0002992,ISIC_0024627,nv,follow_up,75.0,male,trunk,0
HAM_0002993,ISIC_0032547,mel,histo,55.0,male,upper extremity,1
HAM_0002993,ISIC_0033644,mel,histo,55.0,male,upper extremity,1
HAM_0002993,ISIC_0034104,mel,histo,55.0,male,upper extremity,1
HAM_0002994,ISIC_0027836,nv,follow_up,50.0,female,back,0
HAM_0002995,ISIC_0028886,nv,follow_up,60.0,female,back,0
HAM_0002996,ISIC_0025496,nv,follow_up,45.0,female,trunk,0
HAM_0002999,ISIC_0029844,nv,follow_up,40.0,male,back,0
HAM_0003002,ISIC_0032830,nv,histo,40.0,male,lower extremity,0
HAM_0003002,ISIC_0033384,nv,histo,40.0,male,lower extremity,0
HAM_0003003,ISIC_0033343,nv,histo,35.0,female,back,0
HAM_0003003,ISIC_0033502,nv,histo,35.0,female,back,0
HAM_0003004,ISIC_0028889,nv,follow_up,65.0,female,trunk,0
HAM_0003005,ISIC_0028304,nv,histo,60.0,female,back,0
HAM_0003006,ISIC_0032097,nv,follow_up,55.0,male,back,0
HAM_0003009,ISIC_0025569,nv,follow_up,40.0,male,back,0
HAM_0003012,ISIC_0029375,nv,follow_up,55.0,male,abdomen,0
HAM_0003013,ISIC_0026800,nv,follow_up,40.0,male,back,0
HAM_0003016,ISIC_0027097,nv,histo,85.0,male,back,0
HAM_0003016,ISIC_0027670,nv,histo,85.0,male,back,0
HAM_0003017,ISIC_0033535,nv,consensus,,unknown,unknown,0
HAM_0003018,ISIC_0032639,nv,histo,35.0,female,back,0
HAM_0003018,ISIC_0033525,nv,histo,35.0,female,back,0
HAM_0003020,ISIC_0031579,nv,follow_up,75.0,male,back,0
HAM_0003022,ISIC_0025551,nv,follow_up,45.0,female,upper extremity,0
HAM_0003025,ISIC_0027440,nv,follow_up,35.0,female,trunk,0
HAM_0003026,ISIC_0030416,nv,histo,60.0,female,face,0
HAM_0003028,ISIC_0031870,nv,follow_up,55.0,male,trunk,0
HAM_0003029,ISIC_0025685,nv,follow_up,50.0,female,abdomen,0
HAM_0003032,ISIC_0028789,nv,follow_up,45.0,female,trunk,0
HAM_0003034,ISIC_0033187,nv,consensus,,unknown,unknown,0
HAM_0003035,ISIC_0024617,nv,consensus,10.0,female,upper extremity,0
HAM_0003035,ISIC_0025168,nv,consensus,10.0,female,upper extremity,0
HAM_0003036,ISIC_0030917,nv,follow_up,25.0,female,lower extremity,0
HAM_0003038,ISIC_0026036,nv,follow_up,40.0,male,abdomen,0
HAM_0003040,ISIC_0028170,nv,consensus,55.0,female,back,0
HAM_0003044,ISIC_0028544,nv,histo,55.0,male,back,0
HAM_0003045,ISIC_0031071,nv,consensus,45.0,male,back,0
HAM_0003045,ISIC_0031475,nv,consensus,45.0,male,back,0
HAM_0003047,ISIC_0026505,nv,follow_up,40.0,female,trunk,0
HAM_0003052,ISIC_0024796,nv,follow_up,60.0,male,lower extremity,0
HAM_0003053,ISIC_0028824,nv,follow_up,50.0,female,trunk,0
HAM_0003054,ISIC_0027945,nv,histo,35.0,female,back,0
HAM_0003055,ISIC_0032420,mel,histo,65.0,female,neck,1
HAM_0003059,ISIC_0032223,nv,follow_up,45.0,female,lower extremity,0
HAM_0003061,ISIC_0032262,nv,follow_up,65.0,female,upper extremity,0
HAM_0003062,ISIC_0024319,nv,histo,55.0,male,lower extremity,0
HAM_0003065,ISIC_0031879,nv,follow_up,85.0,male,back,0
HAM_0003067,ISIC_0032084,nv,follow_up,60.0,male,abdomen,0
HAM_0003073,ISIC_0032836,mel,histo,50.0,male,abdomen,1
HAM_0003073,ISIC_0033444,mel,histo,50.0,male,abdomen,1
HAM_0003073,ISIC_0034183,mel,histo,50.0,male,abdomen,1
HAM_0003075,ISIC_0028553,nv,follow_up,45.0,female,trunk,0
HAM_0003078,ISIC_0025918,nv,histo,75.0,male,back,0
HAM_0003078,ISIC_0026124,nv,histo,75.0,male,back,0
HAM_0003079,ISIC_0032369,nv,follow_up,50.0,female,upper extremity,0
HAM_0003080,ISIC_0024868,nv,follow_up,55.0,male,trunk,0
HAM_0003082,ISIC_0029579,nv,follow_up,30.0,female,neck,0
HAM_0003083,ISIC_0032604,mel,histo,75.0,male,chest,1
HAM_0003083,ISIC_0033428,mel,histo,75.0,male,chest,1
HAM_0003084,ISIC_0026191,nv,follow_up,45.0,female,upper extremity,0
HAM_0003087,ISIC_0028133,nv,follow_up,75.0,male,chest,0
HAM_0003088,ISIC_0029736,nv,histo,35.0,male,back,0
HAM_0003088,ISIC_0030121,nv,histo,35.0,male,back,0
HAM_0003091,ISIC_0027152,nv,histo,25.0,female,unknown,0
HAM_0003091,ISIC_0027235,nv,histo,25.0,female,unknown,0
HAM_0003092,ISIC_0027301,nv,follow_up,40.0,female,lower extremity,0
HAM_0003095,ISIC_0025755,mel,histo,60.0,female,back,1
HAM_0003096,ISIC_0031793,nv,follow_up,45.0,male,lower extremity,0
HAM_0003097,ISIC_0033181,nv,histo,45.0,male,lower extremity,0
HAM_0003097,ISIC_0033661,nv,histo,45.0,male,lower extremity,0
HAM_0003097,ISIC_0034004,nv,histo,45.0,male,lower extremity,0
HAM_0003099,ISIC_0025734,nv,histo,25.0,male,back,0
HAM_0003100,ISIC_0028976,nv,follow_up,70.0,female,trunk,0
HAM_0003102,ISIC_0025709,mel,histo,65.0,male,face,1
HAM_0003102,ISIC_0032389,mel,histo,65.0,male,face,1
HAM_0003109,ISIC_0028946,nv,follow_up,40.0,male,neck,0
HAM_0003111,ISIC_0030495,nv,follow_up,45.0,female,lower extremity,0
HAM_0003113,ISIC_0024520,nv,histo,60.0,male,trunk,0
HAM_0003113,ISIC_0025170,nv,histo,60.0,male,trunk,0
HAM_0003113,ISIC_0031811,nv,histo,60.0,male,trunk,0
HAM_0003114,ISIC_0032091,nv,follow_up,45.0,female,back,0
HAM_0003116,ISIC_0030453,nv,follow_up,30.0,female,lower extremity,0
HAM_0003118,ISIC_0026483,nv,follow_up,65.0,male,abdomen,0
HAM_0003121,ISIC_0024347,nv,follow_up,25.0,female,upper extremity,0
HAM_0003122,ISIC_0031069,nv,follow_up,40.0,female,genital,0
HAM_0003124,ISIC_0031512,nv,follow_up,75.0,male,abdomen,0
HAM_0003125,ISIC_0025477,nv,histo,55.0,male,chest,0
HAM_0003125,ISIC_0028736,nv,histo,55.0,male,chest,0
HAM_0003127,ISIC_0024658,nv,histo,35.0,male,back,0
HAM_0003127,ISIC_0026272,nv,histo,35.0,male,back,0
HAM_0003127,ISIC_0028957,nv,histo,35.0,male,back,0
HAM_0003128,ISIC_0030660,nv,follow_up,50.0,female,unknown,0
HAM_0003131,ISIC_0025833,nv,follow_up,35.0,female,trunk,0
HAM_0003132,ISIC_0029259,nv,follow_up,35.0,male,abdomen,0
HAM_0003137,ISIC_0032770,nv,histo,40.0,female,lower extremity,0
HAM_0003137,ISIC_0033233,nv,histo,40.0,female,lower extremity,0
HAM_0003137,ISIC_0034184,nv,histo,40.0,female,lower extremity,0
HAM_0003143,ISIC_0033555,nv,histo,70.0,male,back,0
HAM_0003143,ISIC_0033793,nv,histo,70.0,male,back,0
HAM_0003143,ISIC_0033963,nv,histo,70.0,male,back,0
HAM_0003145,ISIC_0026136,nv,follow_up,75.0,male,neck,0
HAM_0003147,ISIC_0029168,nv,follow_up,50.0,female,trunk,0
HAM_0003148,ISIC_0025353,nv,follow_up,55.0,male,trunk,0
HAM_0003150,ISIC_0025213,nv,follow_up,45.0,female,lower extremity,0
HAM_0003151,ISIC_0024556,nv,follow_up,50.0,female,foot,0
HAM_0003154,ISIC_0031075,nv,follow_up,45.0,female,back,0
HAM_0003156,ISIC_0026494,nv,histo,75.0,female,lower extremity,0
HAM_0003158,ISIC_0025456,nv,histo,30.0,male,upper extremity,0
HAM_0003159,ISIC_0026108,nv,histo,30.0,female,back,0
HAM_0003159,ISIC_0028183,nv,histo,30.0,female,back,0
HAM_0003160,ISIC_0029587,nv,follow_up,75.0,female,back,0
HAM_0003168,ISIC_0026228,nv,follow_up,55.0,female,back,0
HAM_0003171,ISIC_0025941,mel,histo,55.0,male,back,1
HAM_0003171,ISIC_0030122,mel,histo,55.0,male,back,1
HAM_0003172,ISIC_0025832,mel,histo,65.0,male,back,1
HAM_0003172,ISIC_0026105,mel,histo,65.0,male,back,1
HAM_0003173,ISIC_0032131,nv,follow_up,35.0,female,upper extremity,0
HAM_0003174,ISIC_0032873,mel,histo,85.0,male,trunk,1
HAM_0003174,ISIC_0033392,mel,histo,85.0,male,trunk,1
HAM_0003175,ISIC_0028145,nv,histo,5.0,male,lower extremity,0
HAM_0003175,ISIC_0030979,nv,histo,5.0,male,lower extremity,0
HAM_0003180,ISIC_0031058,nv,follow_up,40.0,male,upper extremity,0
HAM_0003182,ISIC_0027125,mel,histo,85.0,female,trunk,1
HAM_0003182,ISIC_0029028,mel,histo,85.0,female,trunk,1
HAM_0003184,ISIC_0028844,nv,follow_up,30.0,female,trunk,0
HAM_0003185,ISIC_0030430,nv,follow_up,40.0,male,foot,0
HAM_0003188,ISIC_0024730,nv,histo,30.0,female,abdomen,0
HAM_0003188,ISIC_0030765,nv,histo,30.0,female,abdomen,0
HAM_0003189,ISIC_0027324,nv,follow_up,45.0,female,lower extremity,0
HAM_0003190,ISIC_0030571,nv,follow_up,55.0,female,trunk,0
HAM_0003192,ISIC_0030284,nv,histo,40.0,female,back,0
HAM_0003193,ISIC_0032818,nv,histo,35.0,female,abdomen,0
HAM_0003193,ISIC_0032882,nv,histo,35.0,female,abdomen,0
HAM_0003193,ISIC_0034078,nv,histo,35.0,female,abdomen,0
HAM_0003194,ISIC_0026954,mel,histo,50.0,male,trunk,1
HAM_0003194,ISIC_0032019,mel,histo,50.0,male,trunk,1
HAM_0003197,ISIC_0028668,nv,follow_up,45.0,female,abdomen,0
HAM_0003199,ISIC_0027309,nv,follow_up,55.0,female,lower extremity,0
HAM_0003200,ISIC_0030805,nv,follow_up,45.0,female,lower extremity,0
HAM_0003201,ISIC_0030386,nv,follow_up,50.0,female,trunk,0
HAM_0003203,ISIC_0029421,nv,follow_up,50.0,female,trunk,0
HAM_0003207,ISIC_0024534,nv,follow_up,40.0,male,back,0
HAM_0003208,ISIC_0033572,nv,consensus,35.0,male,unknown,0
HAM_0003208,ISIC_0033596,nv,consensus,35.0,male,unknown,0
HAM_0003213,ISIC_0031747,nv,follow_up,50.0,female,trunk,0
HAM_0003214,ISIC_0028745,nv,follow_up,60.0,female,foot,0
HAM_0003217,ISIC_0029888,nv,follow_up,65.0,female,lower extremity,0
HAM_0003221,ISIC_0029104,nv,histo,40.0,female,lower extremity,0
HAM_0003221,ISIC_0029756,nv,histo,40.0,female,lower extremity,0
HAM_0003221,ISIC_0030520,nv,histo,40.0,female,lower extremity,0
HAM_0003221,ISIC_0032341,nv,histo,40.0,female,lower extremity,0
HAM_0003222,ISIC_0026382,nv,histo,45.0,female,lower extremity,0
HAM_0003222,ISIC_0031720,nv,histo,45.0,female,lower extremity,0
HAM_0003223,ISIC_0024922,nv,histo,60.0,male,upper extremity,0
HAM_0003223,ISIC_0031249,nv,histo,60.0,male,upper extremity,0
HAM_0003226,ISIC_0029225,nv,follow_up,55.0,male,trunk,0
HAM_0003227,ISIC_0029594,nv,follow_up,50.0,male,back,0
HAM_0003228,ISIC_0027369,nv,follow_up,40.0,female,lower extremity,0
HAM_0003230,ISIC_0027640,nv,histo,45.0,male,abdomen,0
HAM_0003230,ISIC_0027839,nv,histo,45.0,male,abdomen,0
HAM_0003233,ISIC_0031571,nv,follow_up,40.0,female,trunk,0
HAM_0003234,ISIC_0032467,nv,follow_up,50.0,female,trunk,0
HAM_0003235,ISIC_0025001,nv,histo,60.0,male,lower extremity,0
HAM_0003235,ISIC_0028800,nv,histo,60.0,male,lower extremity,0
HAM_0003236,ISIC_0033025,nv,consensus,30.0,female,upper extremity,0
HAM_0003236,ISIC_0033053,nv,consensus,30.0,female,upper extremity,0
HAM_0003237,ISIC_0028595,nv,follow_up,65.0,male,lower extremity,0
HAM_0003238,ISIC_0031157,nv,follow_up,45.0,male,trunk,0
HAM_0003239,ISIC_0024533,nv,follow_up,45.0,male,hand,0
HAM_0003240,ISIC_0026387,nv,follow_up,65.0,female,lower extremity,0
HAM_0003241,ISIC_0024908,nv,histo,40.0,male,back,0
HAM_0003241,ISIC_0030079,nv,histo,40.0,male,back,0
HAM_0003242,ISIC_0031242,nv,follow_up,40.0,female,lower extremity,0
HAM_0003243,ISIC_0026279,nv,histo,30.0,female,upper extremity,0
HAM_0003243,ISIC_0031814,nv,histo,30.0,female,upper extremity,0
HAM_0003244,ISIC_0027368,nv,follow_up,60.0,male,abdomen,0
HAM_0003246,ISIC_0029018,nv,histo,0.0,male,ear,0
HAM_0003246,ISIC_0029049,nv,histo,0.0,male,ear,0
HAM_0003247,ISIC_0026707,nv,follow_up,40.0,female,abdomen,0
HAM_0003248,ISIC_0025447,nv,histo,30.0,female,back,0
HAM_0003248,ISIC_0032380,nv,histo,30.0,female,back,0
HAM_0003249,ISIC_0025114,nv,follow_up,35.0,male,back,0
HAM_0003250,ISIC_0031997,nv,follow_up,50.0,female,lower extremity,0
HAM_0003251,ISIC_0025868,nv,follow_up,50.0,female,lower extremity,0
HAM_0003252,ISIC_0029977,nv,follow_up,45.0,female,lower extremity,0
HAM_0003253,ISIC_0028998,nv,histo,35.0,male,back,0
HAM_0003254,ISIC_0032478,nv,histo,40.0,female,back,0
HAM_0003254,ISIC_0032765,nv,histo,40.0,female,back,0
HAM_0003255,ISIC_0026172,nv,follow_up,50.0,female,lower extremity,0
HAM_0003256,ISIC_0028218,mel,histo,60.0,male,back,1
HAM_0003256,ISIC_0032269,mel,histo,60.0,male,back,1
HAM_0003257,ISIC_0024559,nv,follow_up,75.0,male,back,0
HAM_0003258,ISIC_0026187,nv,follow_up,35.0,female,upper extremity,0
HAM_0003259,ISIC_0032895,nv,histo,40.0,male,lower extremity,0
HAM_0003259,ISIC_0033527,nv,histo,40.0,male,lower extremity,0
HAM_0003259,ISIC_0033641,nv,histo,40.0,male,lower extremity,0
HAM_0003261,ISIC_0026031,nv,follow_up,60.0,male,back,0
HAM_0003263,ISIC_0028226,nv,histo,25.0,male,lower extremity,0
HAM_0003263,ISIC_0031599,nv,histo,25.0,male,lower extremity,0
HAM_0003264,ISIC_0027723,nv,follow_up,50.0,male,upper extremity,0
HAM_0003266,ISIC_0029468,nv,follow_up,30.0,male,abdomen,0
HAM_0003268,ISIC_0025572,nv,follow_up,50.0,female,trunk,0
HAM_0003270,ISIC_0025764,nv,follow_up,35.0,male,back,0
HAM_0003272,ISIC_0027979,nv,follow_up,30.0,male,upper extremity,0
HAM_0003273,ISIC_0024536,nv,follow_up,40.0,female,neck,0
HAM_0003276,ISIC_0024975,nv,histo,35.0,female,trunk,0
HAM_0003276,ISIC_0025782,nv,histo,35.0,female,trunk,0
HAM_0003278,ISIC_0026537,nv,follow_up,45.0,female,trunk,0
HAM_0003280,ISIC_0032841,mel,histo,60.0,female,chest,1
HAM_0003280,ISIC_0033275,mel,histo,60.0,female,chest,1
HAM_0003280,ISIC_0033938,mel,histo,60.0,female,chest,1
HAM_0003282,ISIC_0032474,nv,histo,60.0,male,chest,0
HAM_0003283,ISIC_0031469,nv,follow_up,50.0,female,upper extremity,0
HAM_0003285,ISIC_0029907,nv,follow_up,30.0,female,back,0
HAM_0003289,ISIC_0031357,nv,follow_up,45.0,female,abdomen,0
HAM_0003291,ISIC_0029428,nv,follow_up,45.0,female,trunk,0
HAM_0003294,ISIC_0028817,nv,follow_up,60.0,male,abdomen,0
HAM_0003296,ISIC_0024944,nv,follow_up,40.0,male,lower extremity,0
HAM_0003297,ISIC_0024373,nv,follow_up,60.0,male,abdomen,0
HAM_0003299,ISIC_0025547,nv,histo,25.0,female,foot,0
HAM_0003299,ISIC_0026237,nv,histo,25.0,female,foot,0
HAM_0003300,ISIC_0034195,nv,consensus,,unknown,unknown,0
HAM_0003302,ISIC_0032434,nv,follow_up,70.0,male,lower extremity,0
HAM_0003305,ISIC_0025172,nv,histo,25.0,female,lower extremity,0
HAM_0003305,ISIC_0027756,nv,histo,25.0,female,lower extremity,0
HAM_0003305,ISIC_0032125,nv,histo,25.0,female,lower extremity,0
HAM_0003307,ISIC_0031147,nv,follow_up,35.0,female,foot,0
HAM_0003308,ISIC_0024615,nv,histo,35.0,male,face,0
HAM_0003308,ISIC_0025610,nv,histo,35.0,male,face,0
HAM_0003309,ISIC_0028403,nv,follow_up,55.0,male,lower extremity,0
HAM_0003310,ISIC_0032952,nv,histo,60.0,male,abdomen,0
HAM_0003310,ISIC_0034217,nv,histo,60.0,male,abdomen,0
HAM_0003311,ISIC_0026452,nv,histo,55.0,female,back,0
HAM_0003311,ISIC_0027007,nv,histo,55.0,female,back,0
HAM_0003313,ISIC_0032107,nv,histo,70.0,female,back,0
HAM_0003314,ISIC_0026470,nv,follow_up,5.0,male,abdomen,0
HAM_0003315,ISIC_0024481,mel,histo,50.0,female,trunk,1
HAM_0003315,ISIC_0030281,mel,histo,50.0,female,trunk,1
HAM_0003316,ISIC_0031472,nv,follow_up,40.0,female,lower extremity,0
HAM_0003318,ISIC_0031979,nv,follow_up,45.0,female,back,0
HAM_0003320,ISIC_0030367,nv,histo,35.0,male,trunk,0
HAM_0003320,ISIC_0031905,nv,histo,35.0,male,trunk,0
HAM_0003322,ISIC_0028596,nv,consensus,50.0,female,face,0
HAM_0003322,ISIC_0031649,nv,consensus,50.0,female,face,0
HAM_0003323,ISIC_0031297,nv,follow_up,45.0,female,lower extremity,0
HAM_0003324,ISIC_0024650,nv,follow_up,70.0,male,trunk,0
HAM_0003325,ISIC_0034190,nv,histo,20.0,female,neck,0
HAM_0003327,ISIC_0027312,nv,histo,45.0,male,upper extremity,0
HAM_0003327,ISIC_0029430,nv,histo,45.0,male,upper extremity,0
HAM_0003329,ISIC_0031581,nv,follow_up,40.0,female,trunk,0
HAM_0003330,ISIC_0028696,mel,histo,75.0,male,abdomen,1
HAM_0003330,ISIC_0029343,mel,histo,75.0,male,abdomen,1
HAM_0003332,ISIC_0028416,nv,follow_up,50.0,female,lower extremity,0
HAM_0003333,ISIC_0028379,nv,follow_up,35.0,female,back,0
HAM_0003334,ISIC_0030886,nv,follow_up,45.0,female,trunk,0
HAM_0003335,ISIC_0032509,mel,histo,70.0,female,foot,1
HAM_0003335,ISIC_0034068,mel,histo,70.0,female,foot,1
HAM_0003337,ISIC_0024677,nv,follow_up,35.0,male,back,0
HAM_0003340,ISIC_0028507,nv,histo,70.0,female,back,0
HAM_0003340,ISIC_0029773,nv,histo,70.0,female,back,0
HAM_0003341,ISIC_0027212,nv,follow_up,55.0,male,lower extremity,0
HAM_0003343,ISIC_0027861,nv,histo,5.0,female,lower extremity,0
HAM_0003344,ISIC_0026399,nv,follow_up,35.0,female,abdomen,0
HAM_0003349,ISIC_0028917,nv,follow_up,65.0,female,lower extremity,0
HAM_0003350,ISIC_0024310,mel,histo,60.0,male,chest,1
HAM_0003350,ISIC_0027300,mel,histo,60.0,male,chest,1
HAM_0003350,ISIC_0028512,mel,histo,60.0,male,chest,1
HAM_0003351,ISIC_0033878,mel,histo,80.0,female,face,1
HAM_0003352,ISIC_0032599,nv,histo,35.0,unknown,trunk,0
HAM_0003352,ISIC_0032667,nv,histo,35.0,unknown,trunk,0
HAM_0003352,ISIC_0033472,nv,histo,35.0,unknown,trunk,0
HAM_0003353,ISIC_0025162,nv,follow_up,50.0,male,abdomen,0
HAM_0003354,ISIC_0032892,mel,histo,85.0,female,back,1
HAM_0003355,ISIC_0029138,nv,histo,20.0,female,back,0
HAM_0003356,ISIC_0032572,nv,consensus,45.0,female,unknown,0
HAM_0003356,ISIC_0033105,nv,consensus,45.0,female,unknown,0
HAM_0003357,ISIC_0032912,nv,consensus,45.0,female,unknown,0
HAM_0003358,ISIC_0032939,nv,consensus,45.0,female,unknown,0
HAM_0003359,ISIC_0032979,nv,consensus,45.0,female,unknown,0
HAM_0003360,ISIC_0033140,nv,consensus,45.0,female,unknown,0
HAM_0003362,ISIC_0033313,nv,consensus,45.0,female,unknown,0
HAM_0003363,ISIC_0033381,nv,consensus,45.0,female,unknown,0
HAM_0003364,ISIC_0033474,nv,consensus,45.0,female,unknown,0
HAM_0003365,ISIC_0033682,nv,consensus,45.0,female,unknown,0
HAM_0003365,ISIC_0033890,nv,consensus,45.0,female,unknown,0
HAM_0003366,ISIC_0033765,nv,consensus,45.0,female,unknown,0
HAM_0003367,ISIC_0033903,nv,consensus,45.0,female,unknown,0
HAM_0003368,ISIC_0034270,nv,consensus,45.0,female,unknown,0
HAM_0003369,ISIC_0032181,nv,histo,45.0,female,trunk,0
HAM_0003371,ISIC_0030957,nv,follow_up,35.0,female,back,0
HAM_0003374,ISIC_0030265,nv,follow_up,50.0,male,abdomen,0
HAM_0003375,ISIC_0031422,nv,follow_up,50.0,male,trunk,0
HAM_0003376,ISIC_0025394,mel,histo,45.0,male,trunk,1
HAM_0003377,ISIC_0032085,nv,follow_up,55.0,female,back,0
HAM_0003378,ISIC_0027674,nv,follow_up,50.0,male,abdomen,0
HAM_0003379,ISIC_0030619,nv,follow_up,30.0,female,lower extremity,0
HAM_0003382,ISIC_0028862,nv,follow_up,50.0,female,lower extremity,0
HAM_0003385,ISIC_0025839,nv,follow_up,40.0,female,back,0
HAM_0003387,ISIC_0028524,nv,histo,25.0,female,abdomen,0
HAM_0003387,ISIC_0031079,nv,histo,25.0,female,abdomen,0
HAM_0003388,ISIC_0027176,nv,follow_up,30.0,male,abdomen,0
HAM_0003390,ISIC_0024859,nv,follow_up,50.0,male,trunk,0
HAM_0003394,ISIC_0029405,nv,histo,25.0,male,genital,0
HAM_0003395,ISIC_0030392,nv,follow_up,35.0,male,lower extremity,0
HAM_0003399,ISIC_0028398,nv,follow_up,40.0,male,ear,0
HAM_0003404,ISIC_0029797,nv,follow_up,35.0,male,upper extremity,0
HAM_0003405,ISIC_0024580,nv,follow_up,35.0,female,trunk,0
HAM_0003406,ISIC_0030896,nv,follow_up,55.0,male,abdomen,0
HAM_0003407,ISIC_0026971,nv,follow_up,35.0,female,trunk,0
HAM_0003408,ISIC_0031942,nv,histo,65.0,male,back,0
HAM_0003409,ISIC_0025913,nv,follow_up,50.0,male,back,0
HAM_0003412,ISIC_0026241,nv,follow_up,50.0,female,back,0
HAM_0003413,ISIC_0030969,nv,follow_up,40.0,male,upper extremity,0
HAM_0003414,ISIC_0027944,nv,follow_up,45.0,male,back,0
HAM_0003415,ISIC_0027789,nv,histo,45.0,female,lower extremity,0
HAM_0003415,ISIC_0028761,nv,histo,45.0,female,lower extremity,0
HAM_0003415,ISIC_0029191,nv,histo,45.0,female,lower extremity,0
HAM_0003416,ISIC_0030379,nv,follow_up,40.0,male,lower extremity,0
HAM_0003417,ISIC_0027891,nv,follow_up,40.0,male,lower extremity,0
HAM_0003418,ISIC_0033182,nv,histo,50.0,male,back,0
HAM_0003418,ISIC_0033632,nv,histo,50.0,male,back,0
HAM_0003418,ISIC_0034025,nv,histo,50.0,male,back,0
HAM_0003419,ISIC_0026097,nv,histo,5.0,male,upper extremity,0
HAM_0003419,ISIC_0028767,nv,histo,5.0,male,upper extremity,0
HAM_0003421,ISIC_0033470,mel,histo,55.0,female,upper extremity,1
HAM_0003421,ISIC_0033560,mel,histo,55.0,female,upper extremity,1
HAM_0003421,ISIC_0034094,mel,histo,55.0,female,upper extremity,1
HAM_0003423,ISIC_0028344,nv,histo,65.0,male,upper extremity,0
HAM_0003423,ISIC_0031866,nv,histo,65.0,male,upper extremity,0
HAM_0003424,ISIC_0033451,nv,histo,45.0,male,back,0
HAM_0003424,ISIC_0033552,nv,histo,45.0,male,back,0
HAM_0003424,ISIC_0034310,nv,histo,45.0,male,back,0
HAM_0003425,ISIC_0031434,nv,follow_up,65.0,male,back,0
HAM_0003428,ISIC_0024652,mel,histo,85.0,female,upper extremity,1
HAM_0003428,ISIC_0031170,mel,histo,85.0,female,upper extremity,1
HAM_0003430,ISIC_0025271,nv,consensus,65.0,male,back,0
HAM_0003430,ISIC_0027266,nv,consensus,65.0,male,back,0
HAM_0003430,ISIC_0027867,nv,consensus,65.0,male,back,0
HAM_0003432,ISIC_0027962,nv,follow_up,50.0,female,upper extremity,0
HAM_0003433,ISIC_0029483,nv,follow_up,40.0,female,foot,0
HAM_0003434,ISIC_0028608,nv,histo,30.0,female,neck,0
HAM_0003434,ISIC_0031126,nv,histo,30.0,female,neck,0
HAM_0003435,ISIC_0031350,mel,histo,60.0,male,back,1
HAM_0003436,ISIC_0027940,nv,follow_up,40.0,male,back,0
HAM_0003439,ISIC_0033050,mel,histo,75.0,female,back,1
HAM_0003439,ISIC_0033526,mel,histo,75.0,female,back,1
HAM_0003440,ISIC_0026943,nv,follow_up,30.0,female,lower extremity,0
HAM_0003441,ISIC_0032673,nv,histo,55.0,male,chest,0
HAM_0003441,ISIC_0033684,nv,histo,55.0,male,chest,0
HAM_0003441,ISIC_0034069,nv,histo,55.0,male,chest,0
HAM_0003443,ISIC_0032485,nv,follow_up,35.0,female,abdomen,0
HAM_0003447,ISIC_0032703,nv,histo,65.0,male,abdomen,0
HAM_0003447,ISIC_0033142,nv,histo,65.0,male,abdomen,0
HAM_0003447,ISIC_0033168,nv,histo,65.0,male,abdomen,0
HAM_0003448,ISIC_0026158,mel,histo,75.0,male,upper extremity,1
HAM_0003449,ISIC_0027263,mel,histo,85.0,male,back,1
HAM_0003449,ISIC_0029242,mel,histo,85.0,male,back,1
HAM_0003450,ISIC_0027746,nv,follow_up,40.0,male,trunk,0
HAM_0003453,ISIC_0031508,nv,follow_up,55.0,female,abdomen,0
HAM_0003454,ISIC_0031764,nv,follow_up,55.0,female,lower extremity,0
HAM_0003456,ISIC_0025077,nv,follow_up,45.0,female,trunk,0
HAM_0003459,ISIC_0025697,nv,follow_up,50.0,male,upper extremity,0
HAM_0003460,ISIC_0032577,nv,histo,50.0,male,back,0
HAM_0003460,ISIC_0034086,nv,histo,50.0,male,back,0
HAM_0003462,ISIC_0025239,nv,histo,30.0,female,chest,0
HAM_0003463,ISIC_0031388,nv,follow_up,55.0,male,abdomen,0
HAM_0003464,ISIC_0031715,nv,follow_up,65.0,female,lower extremity,0
HAM_0003465,ISIC_0024368,nv,follow_up,65.0,male,trunk,0
HAM_0003467,ISIC_0031089,nv,follow_up,30.0,male,trunk,0
HAM_0003468,ISIC_0025641,nv,histo,60.0,female,lower extremity,0
HAM_0003469,ISIC_0031636,nv,follow_up,75.0,female,lower extremity,0
HAM_0003470,ISIC_0025979,nv,follow_up,35.0,female,lower extremity,0
HAM_0003473,ISIC_0024417,nv,follow_up,75.0,male,trunk,0
HAM_0003474,ISIC_0025212,nv,follow_up,40.0,male,trunk,0
HAM_0003475,ISIC_0029825,nv,histo,70.0,male,back,0
HAM_0003475,ISIC_0030688,nv,histo,70.0,male,back,0
HAM_0003477,ISIC_0029207,nv,follow_up,45.0,female,trunk,0
HAM_0003478,ISIC_0027493,nv,follow_up,35.0,female,back,0
HAM_0003479,ISIC_0030857,nv,follow_up,65.0,male,upper extremity,0
HAM_0003481,ISIC_0029050,nv,follow_up,35.0,female,back,0
HAM_0003482,ISIC_0025150,nv,follow_up,35.0,female,abdomen,0
HAM_0003483,ISIC_0025501,nv,follow_up,45.0,female,lower extremity,0
HAM_0003484,ISIC_0028003,mel,histo,30.0,male,lower extremity,1
HAM_0003486,ISIC_0029494,nv,follow_up,50.0,female,abdomen,0
HAM_0003488,ISIC_0028630,nv,follow_up,30.0,male,abdomen,0
HAM_0003490,ISIC_0031162,nv,follow_up,50.0,male,trunk,0
HAM_0003491,ISIC_0026123,nv,histo,40.0,female,chest,0
HAM_0003492,ISIC_0029228,nv,follow_up,35.0,male,lower extremity,0
HAM_0003493,ISIC_0028322,nv,follow_up,45.0,male,trunk,0
HAM_0003494,ISIC_0031347,nv,follow_up,40.0,female,back,0
HAM_0003495,ISIC_0032869,mel,histo,85.0,male,back,1
HAM_0003495,ISIC_0033524,mel,histo,85.0,male,back,1
HAM_0003496,ISIC_0027308,nv,histo,50.0,male,lower extremity,0
HAM_0003499,ISIC_0031516,nv,follow_up,40.0,male,trunk,0
HAM_0003500,ISIC_0025917,nv,follow_up,30.0,female,trunk,0
HAM_0003505,ISIC_0033032,nv,histo,40.0,male,back,0
HAM_0003505,ISIC_0033563,nv,histo,40.0,male,back,0
HAM_0003505,ISIC_0034227,nv,histo,40.0,male,back,0
HAM_0003506,ISIC_0033336,mel,histo,70.0,male,upper extremity,1
HAM_0003506,ISIC_0033405,mel,histo,70.0,male,upper extremity,1
HAM_0003506,ISIC_0034188,mel,histo,70.0,male,upper extremity,1
HAM_0003507,ISIC_0032710,nv,histo,30.0,male,lower extremity,0
HAM_0003507,ISIC_0032784,nv,histo,30.0,male,lower extremity,0
HAM_0003507,ISIC_0033459,nv,histo,30.0,male,lower extremity,0
HAM_0003509,ISIC_0027832,mel,histo,75.0,male,lower extremity,1
HAM_0003509,ISIC_0031778,mel,histo,75.0,male,lower extremity,1
HAM_0003510,ISIC_0031507,nv,follow_up,65.0,male,trunk,0
HAM_0003512,ISIC_0032609,nv,histo,35.0,male,back,0
HAM_0003512,ISIC_0033155,nv,histo,35.0,male,back,0
HAM_0003512,ISIC_0034300,nv,histo,35.0,male,back,0
HAM_0003516,ISIC_0029540,nv,follow_up,55.0,male,upper extremity,0
HAM_0003517,ISIC_0029798,nv,follow_up,55.0,male,face,0
HAM_0003519,ISIC_0026627,nv,follow_up,55.0,male,lower extremity,0
HAM_0003521,ISIC_0032220,mel,histo,70.0,female,back,1
HAM_0003521,ISIC_0032258,mel,histo,70.0,female,back,1
HAM_0003522,ISIC_0029013,mel,histo,45.0,female,abdomen,1
HAM_0003523,ISIC_0026179,nv,histo,40.0,male,back,0
HAM_0003523,ISIC_0030447,nv,histo,40.0,male,back,0
HAM_0003524,ISIC_0028779,nv,follow_up,65.0,female,abdomen,0
HAM_0003526,ISIC_0027070,nv,follow_up,30.0,male,trunk,0
HAM_0003527,ISIC_0029874,nv,follow_up,45.0,male,lower extremity,0
HAM_0003528,ISIC_0028575,nv,follow_up,55.0,male,trunk,0
HAM_0003529,ISIC_0029871,nv,follow_up,65.0,male,trunk,0
HAM_0003530,ISIC_0030929,mel,histo,55.0,female,upper extremity,1
HAM_0003532,ISIC_0026517,nv,follow_up,65.0,female,back,0
HAM_0003533,ISIC_0030178,nv,follow_up,50.0,male,lower extremity,0
HAM_0003537,ISIC_0029734,nv,follow_up,40.0,female,lower extremity,0
HAM_0003538,ISIC_0031246,nv,follow_up,55.0,female,abdomen,0
HAM_0003539,ISIC_0025897,nv,consensus,75.0,male,back,0
HAM_0003541,ISIC_0028426,nv,follow_up,45.0,male,lower extremity,0
HAM_0003543,ISIC_0030040,nv,follow_up,45.0,female,lower extremity,0
HAM_0003545,ISIC_0029718,nv,follow_up,80.0,male,trunk,0
HAM_0003546,ISIC_0030006,nv,histo,20.0,female,back,0
HAM_0003547,ISIC_0027921,nv,follow_up,50.0,male,lower extremity,0
HAM_0003548,ISIC_0028480,nv,follow_up,55.0,male,back,0
HAM_0003549,ISIC_0028741,nv,follow_up,45.0,male,lower extremity,0
HAM_0003551,ISIC_0031800,nv,follow_up,5.0,male,upper extremity,0
HAM_0003552,ISIC_0029084,nv,follow_up,45.0,male,abdomen,0
HAM_0003553,ISIC_0026469,nv,follow_up,45.0,female,abdomen,0
HAM_0003556,ISIC_0033175,mel,histo,60.0,male,lower extremity,1
HAM_0003556,ISIC_0033485,mel,histo,60.0,male,lower extremity,1
HAM_0003556,ISIC_0033886,mel,histo,60.0,male,lower extremity,1
HAM_0003557,ISIC_0026973,nv,follow_up,75.0,male,trunk,0
HAM_0003558,ISIC_0025303,mel,histo,55.0,male,back,1
HAM_0003558,ISIC_0026989,mel,histo,55.0,male,back,1
HAM_0003558,ISIC_0030129,mel,histo,55.0,male,back,1
HAM_0003560,ISIC_0028136,nv,follow_up,60.0,male,abdomen,0
HAM_0003561,ISIC_0034154,nv,consensus,,unknown,unknown,0
HAM_0003563,ISIC_0030075,nv,follow_up,40.0,female,abdomen,0
HAM_0003564,ISIC_0029294,nv,follow_up,40.0,female,abdomen,0
HAM_0003565,ISIC_0027289,nv,follow_up,40.0,female,abdomen,0
HAM_0003566,ISIC_0032684,mel,histo,50.0,male,abdomen,1
HAM_0003566,ISIC_0033171,mel,histo,50.0,male,abdomen,1
HAM_0003566,ISIC_0034052,mel,histo,50.0,male,abdomen,1
HAM_0003568,ISIC_0030675,nv,histo,55.0,female,foot,0
HAM_0003570,ISIC_0024847,nv,follow_up,45.0,female,upper extremity,0
HAM_0003571,ISIC_0026602,nv,follow_up,50.0,female,trunk,0
HAM_0003572,ISIC_0029817,nv,follow_up,25.0,female,back,0
HAM_0003578,ISIC_0027242,nv,histo,45.0,female,scalp,0
HAM_0003579,ISIC_0028042,nv,consensus,60.0,male,back,0
HAM_0003579,ISIC_0030229,nv,consensus,60.0,male,back,0
HAM_0003581,ISIC_0030051,nv,follow_up,40.0,male,trunk,0
HAM_0003583,ISIC_0026006,nv,histo,40.0,female,face,0
HAM_0003583,ISIC_0026501,nv,histo,40.0,female,face,0
HAM_0003584,ISIC_0029875,nv,follow_up,50.0,female,abdomen,0
HAM_0003585,ISIC_0029583,nv,histo,75.0,male,back,0
HAM_0003587,ISIC_0026870,mel,histo,75.0,female,back,1
HAM_0003588,ISIC_0025232,nv,follow_up,40.0,male,upper extremity,0
HAM_0003591,ISIC_0025788,nv,follow_up,65.0,male,back,0
HAM_0003592,ISIC_0031416,nv,follow_up,50.0,male,trunk,0
HAM_0003598,ISIC_0028725,nv,follow_up,40.0,male,back,0
HAM_0003599,ISIC_0029607,nv,follow_up,50.0,male,lower extremity,0
HAM_0003601,ISIC_0027507,mel,histo,60.0,male,back,1
HAM_0003601,ISIC_0030795,mel,histo,60.0,male,back,1
HAM_0003602,ISIC_0032533,mel,histo,30.0,female,upper extremity,1
HAM_0003602,ISIC_0033004,mel,histo,30.0,female,upper extremity,1
HAM_0003602,ISIC_0033980,mel,histo,30.0,female,upper extremity,1
HAM_0003602,ISIC_0033986,mel,histo,30.0,female,upper extremity,1
HAM_0003603,ISIC_0026795,nv,histo,30.0,male,back,0
HAM_0003603,ISIC_0026974,nv,histo,30.0,male,back,0
HAM_0003604,ISIC_0028125,nv,follow_up,45.0,female,upper extremity,0
HAM_0003607,ISIC_0030648,nv,follow_up,35.0,male,upper extremity,0
HAM_0003608,ISIC_0028228,mel,histo,75.0,female,back,1
HAM_0003609,ISIC_0025729,nv,consensus,30.0,male,foot,0
HAM_0003609,ISIC_0030567,nv,consensus,30.0,male,foot,0
HAM_0003611,ISIC_0031699,nv,follow_up,75.0,male,hand,0
HAM_0003612,ISIC_0024456,nv,follow_up,75.0,female,back,0
HAM_0003614,ISIC_0032560,nv,histo,40.0,male,chest,0
HAM_0003614,ISIC_0032905,nv,histo,40.0,male,chest,0
HAM_0003614,ISIC_0034001,nv,histo,40.0,male,chest,0
HAM_0003616,ISIC_0025291,nv,follow_up,50.0,male,lower extremity,0
HAM_0003618,ISIC_0028234,nv,follow_up,50.0,male,trunk,0
HAM_0003619,ISIC_0025553,nv,consensus,65.0,female,face,0
HAM_0003619,ISIC_0028562,nv,consensus,65.0,female,face,0
HAM_0003620,ISIC_0032511,mel,histo,70.0,male,scalp,1
HAM_0003621,ISIC_0030048,nv,follow_up,30.0,male,abdomen,0
HAM_0003622,ISIC_0027776,mel,histo,70.0,female,face,1
HAM_0003623,ISIC_0032788,nv,histo,50.0,female,back,0
HAM_0003623,ISIC_0033512,nv,histo,50.0,female,back,0
HAM_0003624,ISIC_0025608,nv,follow_up,50.0,female,trunk,0
HAM_0003626,ISIC_0030288,nv,follow_up,55.0,male,trunk,0
HAM_0003628,ISIC_0031324,nv,follow_up,45.0,female,trunk,0
HAM_0003630,ISIC_0030538,nv,follow_up,65.0,female,upper extremity,0
HAM_0003634,ISIC_0033194,nv,histo,45.0,male,lower extremity,0
HAM_0003634,ISIC_0034023,nv,histo,45.0,male,lower extremity,0
HAM_0003634,ISIC_0034258,nv,histo,45.0,male,lower extremity,0
HAM_0003635,ISIC_0024801,nv,follow_up,35.0,male,upper extremity,0
HAM_0003637,ISIC_0029738,nv,follow_up,50.0,female,lower extremity,0
HAM_0003638,ISIC_0031492,nv,follow_up,70.0,male,trunk,0
HAM_0003639,ISIC_0028894,nv,histo,60.0,female,abdomen,0
HAM_0003640,ISIC_0027181,nv,histo,75.0,female,foot,0
HAM_0003640,ISIC_0030635,nv,histo,75.0,female,foot,0
HAM_0003642,ISIC_0027492,nv,consensus,50.0,female,chest,0
HAM_0003642,ISIC_0027528,nv,consensus,50.0,female,chest,0
HAM_0003643,ISIC_0027923,nv,follow_up,50.0,female,back,0
HAM_0003644,ISIC_0030202,nv,follow_up,45.0,female,lower extremity,0
HAM_0003646,ISIC_0026518,nv,follow_up,45.0,male,trunk,0
HAM_0003648,ISIC_0031730,nv,follow_up,55.0,male,lower extremity,0
HAM_0003649,ISIC_0032946,nv,histo,45.0,unknown,abdomen,0
HAM_0003649,ISIC_0033153,nv,histo,45.0,unknown,abdomen,0
HAM_0003651,ISIC_0026252,nv,follow_up,45.0,male,chest,0
HAM_0003653,ISIC_0028534,nv,histo,45.0,male,back,0
HAM_0003653,ISIC_0030139,nv,histo,45.0,male,back,0
HAM_0003654,ISIC_0026283,nv,follow_up,50.0,female,trunk,0
HAM_0003655,ISIC_0031305,nv,follow_up,45.0,male,abdomen,0
HAM_0003658,ISIC_0026379,nv,follow_up,45.0,male,trunk,0
HAM_0003662,ISIC_0028757,nv,histo,75.0,female,back,0
HAM_0003663,ISIC_0026403,nv,histo,25.0,female,genital,0
HAM_0003663,ISIC_0029491,nv,histo,25.0,female,genital,0
HAM_0003665,ISIC_0030573,nv,follow_up,50.0,female,lower extremity,0
HAM_0003667,ISIC_0025695,nv,histo,10.0,male,chest,0
HAM_0003667,ISIC_0026427,nv,histo,10.0,male,chest,0
HAM_0003672,ISIC_0030263,nv,histo,55.0,male,back,0
HAM_0003673,ISIC_0030016,nv,follow_up,35.0,male,lower extremity,0
HAM_0003674,ISIC_0028660,nv,follow_up,45.0,male,lower extremity,0
HAM_0003676,ISIC_0032530,nv,histo,25.0,female,lower extremity,0
HAM_0003676,ISIC_0033249,nv,histo,25.0,female,lower extremity,0
HAM_0003678,ISIC_0026197,nv,follow_up,55.0,female,abdomen,0
HAM_0003679,ISIC_0032840,mel,histo,55.0,male,lower extremity,1
HAM_0003679,ISIC_0033570,mel,histo,55.0,male,lower extremity,1
HAM_0003679,ISIC_0034313,mel,histo,55.0,male,lower extremity,1
HAM_0003681,ISIC_0032907,nv,consensus,20.0,male,back,0
HAM_0003681,ISIC_0033760,nv,consensus,20.0,male,back,0
HAM_0003684,ISIC_0031385,nv,histo,75.0,male,face,0
HAM_0003684,ISIC_0031646,nv,histo,75.0,male,face,0
HAM_0003685,ISIC_0032292,nv,histo,70.0,female,lower extremity,0
HAM_0003686,ISIC_0024870,nv,histo,25.0,male,upper extremity,0
HAM_0003686,ISIC_0025386,nv,histo,25.0,male,upper extremity,0
HAM_0003687,ISIC_0027515,nv,follow_up,40.0,female,foot,0
HAM_0003692,ISIC_0027684,nv,histo,45.0,female,back,0
HAM_0003692,ISIC_0029719,nv,histo,45.0,female,back,0
HAM_0003695,ISIC_0025679,nv,follow_up,30.0,male,abdomen,0
HAM_0003697,ISIC_0025438,nv,follow_up,40.0,male,back,0
HAM_0003698,ISIC_0025518,nv,histo,40.0,female,back,0
HAM_0003698,ISIC_0026101,nv,histo,40.0,female,back,0
HAM_0003699,ISIC_0027397,nv,histo,60.0,male,back,0
HAM_0003700,ISIC_0029606,mel,histo,40.0,female,lower extremity,1
HAM_0003700,ISIC_0033099,mel,histo,40.0,female,lower extremity,1
HAM_0003700,ISIC_0033300,mel,histo,40.0,female,lower extremity,1
HAM_0003700,ISIC_0033616,mel,histo,40.0,female,lower extremity,1
HAM_0003701,ISIC_0027191,nv,follow_up,45.0,female,lower extremity,0
HAM_0003705,ISIC_0025263,nv,follow_up,50.0,male,trunk,0
HAM_0003706,ISIC_0028099,nv,follow_up,50.0,male,trunk,0
HAM_0003707,ISIC_0029528,nv,histo,35.0,male,face,0
HAM_0003708,ISIC_0027232,nv,follow_up,75.0,female,lower extremity,0
HAM_0003710,ISIC_0031611,nv,histo,60.0,male,abdomen,0
HAM_0003710,ISIC_0032074,nv,histo,60.0,male,abdomen,0
HAM_0003712,ISIC_0024513,nv,follow_up,75.0,male,upper extremity,0
HAM_0003713,ISIC_0032885,nv,histo,35.0,male,trunk,0
HAM_0003713,ISIC_0033291,nv,histo,35.0,male,trunk,0
HAM_0003713,ISIC_0034102,nv,histo,35.0,male,trunk,0
HAM_0003714,ISIC_0026064,nv,follow_up,55.0,female,abdomen,0
HAM_0003717,ISIC_0030414,nv,follow_up,80.0,male,back,0
HAM_0003718,ISIC_0025233,nv,follow_up,50.0,male,lower extremity,0
HAM_0003719,ISIC_0028046,nv,follow_up,45.0,male,lower extremity,0
HAM_0003721,ISIC_0029490,nv,follow_up,50.0,female,lower extremity,0
HAM_0003723,ISIC_0025742,nv,histo,60.0,female,ear,0
HAM_0003723,ISIC_0032141,nv,histo,60.0,female,ear,0
HAM_0003729,ISIC_0026234,nv,follow_up,50.0,female,trunk,0
HAM_0003732,ISIC_0026710,nv,follow_up,65.0,female,abdomen,0
HAM_0003733,ISIC_0025448,nv,follow_up,40.0,female,lower extremity,0
HAM_0003734,ISIC_0029767,nv,follow_up,40.0,male,lower extremity,0
HAM_0003735,ISIC_0032512,nv,histo,40.0,female,back,0
HAM_0003735,ISIC_0033800,nv,histo,40.0,female,back,0
HAM_0003735,ISIC_0034149,nv,histo,40.0,female,back,0
HAM_0003736,ISIC_0026373,nv,follow_up,40.0,male,lower extremity,0
HAM_0003740,ISIC_0026568,nv,follow_up,55.0,male,trunk,0
HAM_0003742,ISIC_0027150,nv,histo,20.0,female,back,0
HAM_0003742,ISIC_0031631,nv,histo,20.0,female,back,0
HAM_0003744,ISIC_0032518,nv,histo,5.0,female,foot,0
HAM_0003744,ISIC_0033006,nv,histo,5.0,female,foot,0
HAM_0003744,ISIC_0033548,nv,histo,5.0,female,foot,0
HAM_0003745,ISIC_0029704,nv,histo,30.0,male,abdomen,0
HAM_0003746,ISIC_0030437,nv,follow_up,25.0,male,trunk,0
HAM_0003747,ISIC_0026582,nv,follow_up,50.0,male,trunk,0
HAM_0003748,ISIC_0031051,nv,follow_up,40.0,male,chest,0
HAM_0003749,ISIC_0025268,mel,histo,65.0,male,upper extremity,1
HAM_0003750,ISIC_0028624,nv,follow_up,45.0,male,upper extremity,0
HAM_0003751,ISIC_0026302,nv,follow_up,55.0,female,genital,0
HAM_0003753,ISIC_0031911,nv,follow_up,40.0,male,back,0
HAM_0003755,ISIC_0033489,nv,consensus,35.0,male,unknown,0
HAM_0003755,ISIC_0034212,nv,consensus,35.0,male,unknown,0
HAM_0003756,ISIC_0030832,nv,follow_up,45.0,male,back,0
HAM_0003758,ISIC_0028581,nv,histo,25.0,female,lower extremity,0
HAM_0003759,ISIC_0032630,mel,histo,70.0,male,back,1
HAM_0003759,ISIC_0033399,mel,histo,70.0,male,back,1
HAM_0003760,ISIC_0032145,nv,histo,40.0,male,back,0
HAM_0003761,ISIC_0025316,mel,histo,45.0,female,lower extremity,1
HAM_0003762,ISIC_0024736,nv,follow_up,40.0,male,trunk,0
HAM_0003763,ISIC_0029709,nv,follow_up,60.0,male,trunk,0
HAM_0003767,ISIC_0024604,nv,histo,60.0,male,upper extremity,0
HAM_0003767,ISIC_0027358,nv,histo,60.0,male,upper extremity,0
HAM_0003767,ISIC_0030247,nv,histo,60.0,male,upper extremity,0
HAM_0003769,ISIC_0027692,nv,follow_up,50.0,female,trunk,0
HAM_0003772,ISIC_0024379,nv,follow_up,35.0,female,foot,0
HAM_0003773,ISIC_0027952,nv,follow_up,30.0,female,lower extremity,0
HAM_0003774,ISIC_0033144,nv,consensus,85.0,male,back,0
HAM_0003774,ISIC_0033588,nv,consensus,85.0,male,back,0
HAM_0003776,ISIC_0025347,nv,follow_up,35.0,female,trunk,0
HAM_0003779,ISIC_0024656,nv,follow_up,65.0,male,lower extremity,0
HAM_0003780,ISIC_0027123,nv,follow_up,30.0,female,back,0
HAM_0003781,ISIC_0026225,nv,follow_up,55.0,male,trunk,0
HAM_0003782,ISIC_0027102,mel,histo,35.0,female,abdomen,1
HAM_0003782,ISIC_0029744,mel,histo,35.0,female,abdomen,1
HAM_0003782,ISIC_0031410,mel,histo,35.0,female,abdomen,1
HAM_0003783,ISIC_0024488,nv,follow_up,55.0,female,trunk,0
HAM_0003784,ISIC_0027965,nv,follow_up,50.0,male,back,0
HAM_0003785,ISIC_0025776,nv,histo,65.0,male,back,0
HAM_0003785,ISIC_0025908,nv,histo,65.0,male,back,0
HAM_0003786,ISIC_0031590,nv,follow_up,50.0,male,back,0
HAM_0003788,ISIC_0026246,nv,follow_up,45.0,female,lower extremity,0
HAM_0003790,ISIC_0028131,nv,histo,65.0,male,chest,0
HAM_0003792,ISIC_0029069,nv,follow_up,30.0,female,abdomen,0
HAM_0003793,ISIC_0025382,nv,follow_up,50.0,female,back,0
HAM_0003795,ISIC_0028811,nv,follow_up,40.0,female,abdomen,0
HAM_0003797,ISIC_0024639,nv,follow_up,60.0,male,back,0
HAM_0003798,ISIC_0030307,nv,follow_up,60.0,female,scalp,0
HAM_0003799,ISIC_0031954,nv,follow_up,55.0,female,back,0
HAM_0003801,ISIC_0033718,nv,histo,45.0,male,face,0
HAM_0003801,ISIC_0033914,nv,histo,45.0,male,face,0
HAM_0003801,ISIC_0033978,nv,histo,45.0,male,face,0
HAM_0003803,ISIC_0033083,nv,histo,5.0,female,lower extremity,0
HAM_0003803,ISIC_0033133,nv,histo,5.0,female,lower extremity,0
HAM_0003803,ISIC_0033352,nv,histo,5.0,female,lower extremity,0
HAM_0003804,ISIC_0026617,nv,follow_up,40.0,female,trunk,0
HAM_0003806,ISIC_0028667,nv,follow_up,45.0,female,lower extremity,0
HAM_0003809,ISIC_0032402,nv,consensus,40.0,male,unknown,0
HAM_0003810,ISIC_0034309,nv,consensus,40.0,male,unknown,0
HAM_0003811,ISIC_0032900,nv,consensus,40.0,male,unknown,0
HAM_0003813,ISIC_0033173,nv,consensus,40.0,male,unknown,0
HAM_0003814,ISIC_0032647,nv,consensus,40.0,male,unknown,0
HAM_0003815,ISIC_0024715,nv,consensus,40.0,male,unknown,0
HAM_0003816,ISIC_0029152,nv,consensus,40.0,male,unknown,0
HAM_0003818,ISIC_0033622,nv,consensus,40.0,male,unknown,0
HAM_0003820,ISIC_0029109,nv,histo,20.0,female,back,0
HAM_0003821,ISIC_0026588,nv,histo,60.0,male,back,0
HAM_0003824,ISIC_0032971,nv,histo,15.0,female,lower extremity,0
HAM_0003824,ISIC_0033091,nv,histo,15.0,female,lower extremity,0
HAM_0003824,ISIC_0034138,nv,histo,15.0,female,lower extremity,0
HAM_0003828,ISIC_0029865,nv,histo,35.0,female,abdomen,0
HAM_0003828,ISIC_0030077,nv,histo,35.0,female,abdomen,0
HAM_0003828,ISIC_0031657,nv,histo,35.0,female,abdomen,0
HAM_0003831,ISIC_0026724,nv,follow_up,40.0,male,abdomen,0
HAM_0003832,ISIC_0024586,mel,histo,60.0,female,lower extremity,1
HAM_0003832,ISIC_0025450,mel,histo,60.0,female,lower extremity,1
HAM_0003833,ISIC_0025945,nv,histo,75.0,female,lower extremity,0
HAM_0003833,ISIC_0026841,nv,histo,75.0,female,lower extremity,0
HAM_0003833,ISIC_0031149,nv,histo,75.0,female,lower extremity,0
HAM_0003836,ISIC_0031802,nv,histo,55.0,male,unknown,0
HAM_0003842,ISIC_0027217,nv,follow_up,55.0,female,abdomen,0
HAM_0003843,ISIC_0034036,mel,histo,35.0,male,abdomen,1
HAM_0003843,ISIC_0034216,mel,histo,35.0,male,abdomen,1
HAM_0003844,ISIC_0027169,nv,follow_up,50.0,male,back,0
HAM_0003848,ISIC_0027077,nv,histo,55.0,female,abdomen,0
HAM_0003848,ISIC_0032096,nv,histo,55.0,female,abdomen,0
HAM_0003849,ISIC_0027185,nv,follow_up,50.0,male,abdomen,0
HAM_0003852,ISIC_0032542,nv,histo,30.0,female,back,0
HAM_0003852,ISIC_0034224,nv,histo,30.0,female,back,0
HAM_0003855,ISIC_0028801,nv,follow_up,50.0,male,abdomen,0
HAM_0003858,ISIC_0031356,nv,follow_up,50.0,female,trunk,0
HAM_0003861,ISIC_0026951,nv,follow_up,40.0,female,back,0
HAM_0003863,ISIC_0027879,nv,follow_up,40.0,female,lower extremity,0
HAM_0003864,ISIC_0029586,nv,follow_up,60.0,female,upper extremity,0
HAM_0003867,ISIC_0028425,nv,histo,25.0,female,unknown,0
HAM_0003869,ISIC_0025766,mel,histo,50.0,male,lower extremity,1
HAM_0003869,ISIC_0032152,mel,histo,50.0,male,lower extremity,1
HAM_0003870,ISIC_0024852,nv,follow_up,70.0,male,trunk,0
HAM_0003871,ISIC_0031664,nv,follow_up,35.0,female,back,0
HAM_0003874,ISIC_0024809,nv,histo,40.0,female,scalp,0
HAM_0003874,ISIC_0026786,nv,histo,40.0,female,scalp,0
HAM_0003874,ISIC_0028578,nv,histo,40.0,female,scalp,0
HAM_0003875,ISIC_0028955,nv,follow_up,35.0,male,back,0
HAM_0003876,ISIC_0030481,nv,follow_up,55.0,female,lower extremity,0
HAM_0003878,ISIC_0031072,nv,follow_up,30.0,female,foot,0
HAM_0003879,ISIC_0024894,nv,follow_up,55.0,female,trunk,0
HAM_0003880,ISIC_0027508,nv,follow_up,45.0,female,trunk,0
HAM_0003882,ISIC_0028266,nv,follow_up,50.0,male,lower extremity,0
HAM_0003884,ISIC_0033605,nv,histo,35.0,female,back,0
HAM_0003884,ISIC_0033702,nv,histo,35.0,female,back,0
HAM_0003884,ISIC_0033961,nv,histo,35.0,female,back,0
HAM_0003885,ISIC_0027560,mel,histo,25.0,female,face,1
HAM_0003889,ISIC_0026005,nv,follow_up,45.0,male,back,0
HAM_0003890,ISIC_0028940,nv,follow_up,55.0,female,trunk,0
HAM_0003891,ISIC_0028487,nv,histo,35.0,male,back,0
HAM_0003892,ISIC_0028045,nv,histo,25.0,female,lower extremity,0
HAM_0003894,ISIC_0025560,nv,follow_up,35.0,female,trunk,0
HAM_0003896,ISIC_0030952,nv,follow_up,35.0,male,abdomen,0
HAM_0003898,ISIC_0028713,nv,follow_up,45.0,male,foot,0
HAM_0003900,ISIC_0027868,nv,follow_up,55.0,male,lower extremity,0
HAM_0003901,ISIC_0026931,nv,follow_up,50.0,female,upper extremity,0
HAM_0003903,ISIC_0028536,nv,follow_up,40.0,male,trunk,0
HAM_0003904,ISIC_0025871,nv,histo,50.0,male,back,0
HAM_0003904,ISIC_0031988,nv,histo,50.0,male,back,0
HAM_0003905,ISIC_0029275,nv,follow_up,35.0,male,upper extremity,0
HAM_0003906,ISIC_0029955,nv,follow_up,40.0,female,back,0
HAM_0003907,ISIC_0027587,nv,follow_up,60.0,male,upper extremity,0
HAM_0003908,ISIC_0030854,nv,follow_up,30.0,male,trunk,0
HAM_0003914,ISIC_0029300,nv,follow_up,45.0,male,genital,0
HAM_0003916,ISIC_0032370,nv,follow_up,45.0,male,lower extremity,0
HAM_0003921,ISIC_0025728,nv,follow_up,50.0,male,trunk,0
HAM_0003923,ISIC_0025282,nv,follow_up,35.0,male,trunk,0
HAM_0003924,ISIC_0030569,nv,follow_up,80.0,male,trunk,0
HAM_0003928,ISIC_0031755,nv,follow_up,60.0,male,back,0
HAM_0003930,ISIC_0028221,nv,follow_up,50.0,male,abdomen,0
HAM_0003931,ISIC_0026007,nv,follow_up,65.0,male,trunk,0
HAM_0003932,ISIC_0026151,nv,histo,55.0,male,back,0
HAM_0003932,ISIC_0029119,nv,histo,55.0,male,back,0
HAM_0003932,ISIC_0032471,nv,histo,55.0,male,back,0
HAM_0003933,ISIC_0029854,nv,histo,55.0,female,upper extremity,0
HAM_0003933,ISIC_0031515,nv,histo,55.0,female,upper extremity,0
HAM_0003935,ISIC_0033782,nv,consensus,,unknown,unknown,0
HAM_0003936,ISIC_0024576,nv,follow_up,35.0,female,lower extremity,0
HAM_0003937,ISIC_0025309,nv,histo,30.0,female,back,0
HAM_0003937,ISIC_0027250,nv,histo,30.0,female,back,0
HAM_0003940,ISIC_0029803,nv,histo,25.0,female,back,0
HAM_0003940,ISIC_0031754,nv,histo,25.0,female,back,0
HAM_0003942,ISIC_0029024,nv,follow_up,45.0,male,abdomen,0
HAM_0003945,ISIC_0032528,nv,consensus,30.0,male,back,0
HAM_0003946,ISIC_0026991,nv,histo,45.0,female,foot,0
HAM_0003950,ISIC_0026474,nv,follow_up,40.0,male,lower extremity,0
HAM_0003951,ISIC_0024317,nv,histo,35.0,female,abdomen,0
HAM_0003951,ISIC_0025555,nv,histo,35.0,female,abdomen,0
HAM_0003951,ISIC_0032242,nv,histo,35.0,female,abdomen,0
HAM_0003954,ISIC_0031382,nv,follow_up,45.0,female,genital,0
HAM_0003957,ISIC_0030653,mel,histo,65.0,female,back,1
HAM_0003957,ISIC_0031821,mel,histo,65.0,female,back,1
HAM_0003960,ISIC_0026256,nv,follow_up,45.0,male,back,0
HAM_0003961,ISIC_0026624,nv,follow_up,60.0,male,lower extremity,0
HAM_0003963,ISIC_0027448,nv,follow_up,45.0,female,lower extremity,0
HAM_0003964,ISIC_0029111,nv,follow_up,45.0,female,back,0
HAM_0003965,ISIC_0025652,nv,consensus,15.0,female,back,0
HAM_0003965,ISIC_0028380,nv,consensus,15.0,female,back,0
HAM_0003966,ISIC_0032584,nv,histo,35.0,female,foot,0
HAM_0003966,ISIC_0032644,nv,histo,35.0,female,foot,0
HAM_0003966,ISIC_0033731,nv,histo,35.0,female,foot,0
HAM_0003968,ISIC_0032796,nv,consensus,35.0,female,back,0
HAM_0003968,ISIC_0033161,nv,consensus,35.0,female,back,0
HAM_0003968,ISIC_0033495,nv,consensus,35.0,female,back,0
HAM_0003969,ISIC_0032627,nv,histo,15.0,female,chest,0
HAM_0003969,ISIC_0033564,nv,histo,15.0,female,chest,0
HAM_0003970,ISIC_0025093,nv,follow_up,40.0,female,lower extremity,0
HAM_0003972,ISIC_0029706,nv,follow_up,40.0,female,trunk,0
HAM_0003976,ISIC_0029469,nv,follow_up,35.0,male,lower extremity,0
HAM_0003984,ISIC_0032228,nv,follow_up,30.0,male,back,0
HAM_0003985,ISIC_0025570,nv,follow_up,40.0,male,lower extremity,0
HAM_0003986,ISIC_0030020,nv,follow_up,30.0,female,trunk,0
HAM_0003988,ISIC_0024427,nv,follow_up,65.0,male,abdomen,0
HAM_0003990,ISIC_0025996,mel,histo,60.0,male,back,1
HAM_0003990,ISIC_0026360,mel,histo,60.0,male,back,1
HAM_0003994,ISIC_0026648,nv,follow_up,55.0,female,lower extremity,0
HAM_0003995,ISIC_0029799,nv,follow_up,65.0,male,trunk,0
HAM_0003997,ISIC_0030537,nv,histo,45.0,female,unknown,0
HAM_0003998,ISIC_0033809,nv,consensus,,unknown,unknown,0
HAM_0004000,ISIC_0032594,nv,histo,35.0,female,upper extremity,0
HAM_0004000,ISIC_0032762,nv,histo,35.0,female,upper extremity,0
HAM_0004000,ISIC_0033147,nv,histo,35.0,female,upper extremity,0
HAM_0004001,ISIC_0029996,nv,follow_up,60.0,male,lower extremity,0
HAM_0004002,ISIC_0027628,nv,follow_up,55.0,male,foot,0
HAM_0004003,ISIC_0031097,nv,follow_up,65.0,female,upper extremity,0
HAM_0004006,ISIC_0031653,nv,follow_up,55.0,male,lower extremity,0
HAM_0004008,ISIC_0027997,nv,histo,70.0,female,back,0
HAM_0004011,ISIC_0033023,mel,histo,80.0,male,upper extremity,1
HAM_0004011,ISIC_0033258,mel,histo,80.0,male,upper extremity,1
HAM_0004013,ISIC_0026021,nv,follow_up,35.0,female,lower extremity,0
HAM_0004015,ISIC_0027892,nv,follow_up,50.0,female,lower extremity,0
HAM_0004017,ISIC_0030351,nv,follow_up,50.0,female,upper extremity,0
HAM_0004022,ISIC_0028134,nv,follow_up,35.0,female,lower extremity,0
HAM_0004023,ISIC_0029766,nv,follow_up,40.0,female,lower extremity,0
HAM_0004024,ISIC_0032338,nv,histo,65.0,female,back,0
HAM_0004024,ISIC_0034067,nv,histo,65.0,female,back,0
HAM_0004025,ISIC_0025983,nv,histo,20.0,female,abdomen,0
HAM_0004028,ISIC_0028526,nv,follow_up,30.0,female,lower extremity,0
HAM_0004030,ISIC_0029926,nv,histo,50.0,male,hand,0
HAM_0004031,ISIC_0029517,nv,follow_up,60.0,female,lower extremity,0
HAM_0004032,ISIC_0032403,nv,follow_up,50.0,male,lower extremity,0
HAM_0004037,ISIC_0027383,nv,follow_up,75.0,male,lower extremity,0
HAM_0004039,ISIC_0026383,nv,follow_up,80.0,male,back,0
HAM_0004040,ISIC_0029042,nv,follow_up,35.0,male,trunk,0
HAM_0004041,ISIC_0026375,nv,follow_up,50.0,female,foot,0
HAM_0004043,ISIC_0030492,nv,histo,65.0,female,back,0
HAM_0004043,ISIC_0033792,nv,histo,65.0,female,back,0
HAM_0004043,ISIC_0033926,nv,histo,65.0,female,back,0
HAM_0004044,ISIC_0028606,nv,follow_up,30.0,female,upper extremity,0
HAM_0004047,ISIC_0025500,mel,histo,55.0,female,upper extremity,1
HAM_0004047,ISIC_0030277,mel,histo,55.0,female,upper extremity,1
HAM_0004048,ISIC_0025203,nv,follow_up,55.0,male,abdomen,0
HAM_0004049,ISIC_0030924,nv,follow_up,50.0,male,upper extremity,0
HAM_0004051,ISIC_0028049,nv,follow_up,55.0,female,back,0
HAM_0004053,ISIC_0027067,mel,histo,80.0,male,lower extremity,1
HAM_0004053,ISIC_0027126,mel,histo,80.0,male,lower extremity,1
HAM_0004054,ISIC_0031756,nv,histo,70.0,male,hand,0
HAM_0004055,ISIC_0030287,nv,follow_up,45.0,female,trunk,0
HAM_0004056,ISIC_0033377,mel,histo,55.0,female,upper extremity,1
HAM_0004056,ISIC_0034051,mel,histo,55.0,female,upper extremity,1
HAM_0004061,ISIC_0029925,nv,follow_up,40.0,female,abdomen,0
HAM_0004062,ISIC_0028742,nv,follow_up,50.0,male,lower extremity,0
HAM_0004064,ISIC_0024399,nv,follow_up,50.0,female,back,0
HAM_0004066,ISIC_0026390,nv,follow_up,30.0,female,back,0
HAM_0004067,ISIC_0029065,nv,follow_up,40.0,female,trunk,0
HAM_0004068,ISIC_0027853,nv,histo,30.0,female,abdomen,0
HAM_0004068,ISIC_0028545,nv,histo,30.0,female,abdomen,0
HAM_0004068,ISIC_0032492,nv,histo,30.0,female,abdomen,0
HAM_0004070,ISIC_0027657,nv,follow_up,40.0,male,trunk,0
HAM_0004071,ISIC_0032607,nv,consensus,45.0,male,abdomen,0
HAM_0004071,ISIC_0033098,nv,consensus,45.0,male,abdomen,0
HAM_0004073,ISIC_0028093,nv,follow_up,35.0,male,trunk,0
HAM_0004074,ISIC_0030599,nv,follow_up,45.0,female,back,0
HAM_0004079,ISIC_0031182,nv,follow_up,45.0,female,trunk,0
HAM_0004080,ISIC_0028613,nv,follow_up,35.0,male,lower extremity,0
HAM_0004082,ISIC_0025676,nv,follow_up,40.0,male,back,0
HAM_0004088,ISIC_0034215,nv,histo,20.0,female,lower extremity,0
HAM_0004092,ISIC_0028300,nv,follow_up,55.0,female,back,0
HAM_0004093,ISIC_0030562,nv,follow_up,50.0,female,upper extremity,0
HAM_0004094,ISIC_0031313,nv,follow_up,40.0,male,lower extremity,0
HAM_0004096,ISIC_0028541,nv,follow_up,50.0,female,lower extremity,0
HAM_0004099,ISIC_0033010,nv,histo,55.0,female,lower extremity,0
HAM_0004099,ISIC_0033350,nv,histo,55.0,female,lower extremity,0
HAM_0004099,ISIC_0034293,nv,histo,55.0,female,lower extremity,0
HAM_0004100,ISIC_0031106,nv,follow_up,40.0,male,abdomen,0
HAM_0004101,ISIC_0030881,nv,follow_up,55.0,male,abdomen,0
HAM_0004104,ISIC_0032483,nv,follow_up,45.0,female,trunk,0
HAM_0004110,ISIC_0030195,nv,follow_up,35.0,female,lower extremity,0
HAM_0004111,ISIC_0028138,nv,follow_up,55.0,male,abdomen,0
HAM_0004112,ISIC_0030363,nv,follow_up,40.0,female,lower extremity,0
HAM_0004115,ISIC_0027676,nv,follow_up,50.0,female,lower extremity,0
HAM_0004117,ISIC_0024354,nv,follow_up,40.0,female,abdomen,0
HAM_0004118,ISIC_0032593,nv,histo,30.0,female,trunk,0
HAM_0004118,ISIC_0033443,nv,histo,30.0,female,trunk,0
HAM_0004118,ISIC_0033935,nv,histo,30.0,female,trunk,0
HAM_0004119,ISIC_0025015,nv,follow_up,40.0,female,trunk,0
HAM_0004120,ISIC_0034266,nv,consensus,,unknown,unknown,0
HAM_0004121,ISIC_0025324,mel,histo,45.0,female,lower extremity,1
HAM_0004121,ISIC_0026996,mel,histo,45.0,female,lower extremity,1
HAM_0004122,ISIC_0031102,nv,follow_up,40.0,female,back,0
HAM_0004123,ISIC_0032216,nv,follow_up,45.0,male,trunk,0
HAM_0004124,ISIC_0029153,nv,follow_up,55.0,male,lower extremity,0
HAM_0004126,ISIC_0030060,mel,histo,80.0,female,back,1
HAM_0004126,ISIC_0030211,mel,histo,80.0,female,back,1
HAM_0004127,ISIC_0027073,nv,histo,55.0,male,back,0
HAM_0004127,ISIC_0031700,nv,histo,55.0,male,back,0
HAM_0004128,ISIC_0027072,nv,histo,20.0,male,lower extremity,0
HAM_0004128,ISIC_0030378,nv,histo,20.0,male,lower extremity,0
HAM_0004129,ISIC_0032624,mel,histo,70.0,female,upper extremity,1
HAM_0004129,ISIC_0033977,mel,histo,70.0,female,upper extremity,1
HAM_0004129,ISIC_0034002,mel,histo,70.0,female,upper extremity,1
HAM_0004132,ISIC_0025801,nv,follow_up,50.0,female,abdomen,0
HAM_0004133,ISIC_0024941,nv,histo,40.0,female,lower extremity,0
HAM_0004133,ISIC_0026028,nv,histo,40.0,female,lower extremity,0
HAM_0004134,ISIC_0026075,nv,follow_up,30.0,male,back,0
HAM_0004137,ISIC_0024966,nv,follow_up,45.0,female,abdomen,0
HAM_0004138,ISIC_0025905,nv,histo,45.0,male,abdomen,0
HAM_0004138,ISIC_0030184,nv,histo,45.0,male,abdomen,0
HAM_0004139,ISIC_0027496,nv,follow_up,60.0,female,lower extremity,0
HAM_0004140,ISIC_0028298,nv,follow_up,45.0,male,upper extremity,0
HAM_0004146,ISIC_0027450,nv,follow_up,50.0,male,back,0
HAM_0004149,ISIC_0032755,nv,histo,45.0,female,foot,0
HAM_0004149,ISIC_0033880,nv,histo,45.0,female,foot,0
HAM_0004149,ISIC_0033994,nv,histo,45.0,female,foot,0
HAM_0004152,ISIC_0025137,nv,follow_up,50.0,female,abdomen,0
HAM_0004153,ISIC_0026489,mel,histo,80.0,male,foot,1
HAM_0004153,ISIC_0029216,mel,histo,80.0,male,foot,1
HAM_0004154,ISIC_0031471,nv,follow_up,45.0,female,lower extremity,0
HAM_0004155,ISIC_0025269,nv,follow_up,60.0,male,abdomen,0
HAM_0004156,ISIC_0024387,nv,histo,65.0,female,lower extremity,0
HAM_0004156,ISIC_0025863,nv,histo,65.0,female,lower extremity,0
HAM_0004157,ISIC_0031610,nv,follow_up,40.0,male,lower extremity,0
HAM_0004159,ISIC_0031086,nv,follow_up,50.0,female,upper extremity,0
HAM_0004160,ISIC_0029066,nv,follow_up,35.0,male,trunk,0
HAM_0004162,ISIC_0031944,nv,follow_up,65.0,male,back,0
HAM_0004165,ISIC_0033346,nv,consensus,75.0,male,back,0
HAM_0004165,ISIC_0034219,nv,consensus,75.0,male,back,0
HAM_0004167,ISIC_0033753,nv,histo,15.0,female,back,0
HAM_0004168,ISIC_0029477,nv,follow_up,85.0,male,trunk,0
HAM_0004169,ISIC_0028482,nv,follow_up,55.0,male,abdomen,0
HAM_0004170,ISIC_0029046,nv,histo,65.0,male,abdomen,0
HAM_0004170,ISIC_0031476,nv,histo,65.0,male,abdomen,0
HAM_0004175,ISIC_0028806,nv,follow_up,50.0,female,abdomen,0
HAM_0004176,ISIC_0033373,nv,histo,0.0,male,upper extremity,0
HAM_0004176,ISIC_0034286,nv,histo,0.0,male,upper extremity,0
HAM_0004177,ISIC_0031907,nv,follow_up,45.0,female,abdomen,0
HAM_0004181,ISIC_0032571,nv,consensus,40.0,female,unknown,0
HAM_0004182,ISIC_0032591,nv,consensus,40.0,female,unknown,0
HAM_0004183,ISIC_0032606,nv,consensus,40.0,female,unknown,0
HAM_0004184,ISIC_0032634,nv,consensus,40.0,female,unknown,0
HAM_0004186,ISIC_0032759,nv,consensus,40.0,female,unknown,0
HAM_0004187,ISIC_0032956,nv,consensus,40.0,female,unknown,0
HAM_0004189,ISIC_0033036,nv,histo,40.0,female,unknown,0
HAM_0004191,ISIC_0032562,nv,consensus,40.0,female,unknown,0
HAM_0004192,ISIC_0033066,nv,consensus,40.0,female,unknown,0
HAM_0004195,ISIC_0033383,nv,consensus,40.0,female,unknown,0
HAM_0004196,ISIC_0033421,nv,consensus,40.0,female,unknown,0
HAM_0004199,ISIC_0033556,nv,consensus,40.0,female,unknown,0
HAM_0004200,ISIC_0033567,nv,consensus,40.0,female,unknown,0
HAM_0004201,ISIC_0033602,nv,consensus,40.0,female,unknown,0
HAM_0004202,ISIC_0033623,nv,consensus,40.0,female,unknown,0
HAM_0004203,ISIC_0033647,nv,consensus,40.0,female,unknown,0
HAM_0004204,ISIC_0033772,nv,consensus,40.0,female,unknown,0
HAM_0004206,ISIC_0033826,nv,consensus,40.0,female,unknown,0
HAM_0004207,ISIC_0033858,nv,consensus,40.0,female,unknown,0
HAM_0004208,ISIC_0033892,nv,consensus,40.0,female,unknown,0
HAM_0004210,ISIC_0034081,nv,consensus,40.0,female,unknown,0
HAM_0004213,ISIC_0034228,nv,consensus,40.0,female,unknown,0
HAM_0004214,ISIC_0034248,nv,consensus,40.0,female,unknown,0
HAM_0004215,ISIC_0034302,nv,consensus,40.0,female,unknown,0
HAM_0004216,ISIC_0034312,nv,consensus,40.0,female,unknown,0
HAM_0004217,ISIC_0031116,nv,follow_up,50.0,male,trunk,0
HAM_0004218,ISIC_0028256,nv,follow_up,60.0,male,trunk,0
HAM_0004221,ISIC_0033163,nv,histo,35.0,female,chest,0
HAM_0004221,ISIC_0033887,nv,histo,35.0,female,chest,0
HAM_0004222,ISIC_0030899,nv,histo,15.0,female,abdomen,0
HAM_0004222,ISIC_0031757,nv,histo,15.0,female,abdomen,0
HAM_0004223,ISIC_0025632,nv,follow_up,40.0,female,trunk,0
HAM_0004225,ISIC_0026029,nv,histo,25.0,female,lower extremity,0
HAM_0004226,ISIC_0032494,nv,histo,25.0,female,trunk,0
HAM_0004226,ISIC_0032760,nv,histo,25.0,female,trunk,0
HAM_0004226,ISIC_0034128,nv,histo,25.0,female,trunk,0
HAM_0004227,ISIC_0029628,nv,follow_up,65.0,female,upper extremity,0
HAM_0004229,ISIC_0029593,nv,follow_up,40.0,male,trunk,0
HAM_0004233,ISIC_0029979,nv,follow_up,45.0,female,back,0
HAM_0004236,ISIC_0032180,nv,follow_up,55.0,female,back,0
HAM_0004237,ISIC_0033877,nv,consensus,,unknown,unknown,0
HAM_0004238,ISIC_0024903,nv,follow_up,45.0,female,upper extremity,0
HAM_0004239,ISIC_0024928,nv,histo,75.0,female,lower extremity,0
HAM_0004239,ISIC_0027887,nv,histo,75.0,female,lower extremity,0
HAM_0004239,ISIC_0029450,nv,histo,75.0,female,lower extremity,0
HAM_0004240,ISIC_0032517,mel,histo,50.0,male,back,1
HAM_0004240,ISIC_0033663,mel,histo,50.0,male,back,1
HAM_0004240,ISIC_0034284,mel,histo,50.0,male,back,1
HAM_0004241,ISIC_0024616,nv,follow_up,35.0,male,lower extremity,0
HAM_0004242,ISIC_0028769,nv,follow_up,65.0,male,back,0
HAM_0004244,ISIC_0032352,nv,follow_up,60.0,female,lower extremity,0
HAM_0004247,ISIC_0031532,nv,follow_up,65.0,male,trunk,0
HAM_0004248,ISIC_0028812,nv,follow_up,45.0,female,foot,0
HAM_0004250,ISIC_0032499,nv,follow_up,45.0,male,lower extremity,0
HAM_0004253,ISIC_0031035,nv,follow_up,60.0,male,lower extremity,0
HAM_0004260,ISIC_0025525,nv,histo,65.0,male,back,0
HAM_0004260,ISIC_0025786,nv,histo,65.0,male,back,0
HAM_0004261,ISIC_0027075,nv,follow_up,40.0,male,upper extremity,0
HAM_0004263,ISIC_0031781,nv,follow_up,40.0,male,trunk,0
HAM_0004264,ISIC_0031671,nv,follow_up,55.0,male,lower extremity,0
HAM_0004265,ISIC_0025018,mel,histo,45.0,male,unknown,1
HAM_0004265,ISIC_0026296,mel,histo,45.0,male,unknown,1
HAM_0004266,ISIC_0024483,nv,follow_up,25.0,female,upper extremity,0
HAM_0004271,ISIC_0025474,nv,follow_up,55.0,female,trunk,0
HAM_0004272,ISIC_0032957,nv,histo,30.0,male,upper extremity,0
HAM_0004272,ISIC_0033334,nv,histo,30.0,male,upper extremity,0
HAM_0004272,ISIC_0034308,nv,histo,30.0,male,upper extremity,0
HAM_0004275,ISIC_0026921,nv,histo,70.0,female,back,0
HAM_0004277,ISIC_0026472,nv,follow_up,50.0,female,trunk,0
HAM_0004281,ISIC_0028965,mel,histo,50.0,male,trunk,1
HAM_0004283,ISIC_0028357,nv,histo,50.0,female,back,0
HAM_0004287,ISIC_0031128,nv,follow_up,60.0,male,trunk,0
HAM_0004291,ISIC_0031932,nv,histo,25.0,male,abdomen,0
HAM_0004292,ISIC_0029625,nv,follow_up,65.0,male,trunk,0
HAM_0004294,ISIC_0028153,nv,follow_up,50.0,female,foot,0
HAM_0004295,ISIC_0029292,nv,follow_up,45.0,male,lower extremity,0
HAM_0004296,ISIC_0033739,nv,histo,35.0,female,abdomen,0
HAM_0004296,ISIC_0034152,nv,histo,35.0,female,abdomen,0
HAM_0004296,ISIC_0034281,nv,histo,35.0,female,abdomen,0
HAM_0004298,ISIC_0025648,nv,follow_up,40.0,male,upper extremity,0
HAM_0004299,ISIC_0031307,nv,follow_up,65.0,male,abdomen,0
HAM_0004302,ISIC_0028582,mel,histo,60.0,male,abdomen,1
HAM_0004302,ISIC_0033029,mel,histo,60.0,male,abdomen,1
HAM_0004305,ISIC_0026392,nv,follow_up,40.0,male,lower extremity,0
HAM_0004306,ISIC_0032056,nv,follow_up,65.0,female,lower extremity,0
HAM_0004307,ISIC_0031714,nv,follow_up,70.0,male,face,0
HAM_0004310,ISIC_0027871,nv,follow_up,40.0,female,lower extremity,0
HAM_0004313,ISIC_0026924,nv,follow_up,50.0,female,abdomen,0
HAM_0004314,ISIC_0029758,nv,follow_up,60.0,female,trunk,0
HAM_0004315,ISIC_0029244,nv,follow_up,45.0,female,upper extremity,0
HAM_0004316,ISIC_0025116,nv,follow_up,45.0,male,trunk,0
HAM_0004318,ISIC_0031678,nv,histo,45.0,female,back,0
HAM_0004318,ISIC_0032158,nv,histo,45.0,female,back,0
HAM_0004319,ISIC_0026686,nv,follow_up,50.0,male,abdomen,0
HAM_0004320,ISIC_0027901,nv,follow_up,50.0,female,abdomen,0
HAM_0004321,ISIC_0033479,mel,histo,40.0,female,back,1
HAM_0004321,ISIC_0033522,mel,histo,40.0,female,back,1
HAM_0004324,ISIC_0029898,nv,histo,80.0,male,abdomen,0
HAM_0004326,ISIC_0030883,mel,histo,75.0,female,back,1
HAM_0004333,ISIC_0032259,nv,follow_up,50.0,male,trunk,0
HAM_0004334,ISIC_0032077,nv,follow_up,30.0,female,upper extremity,0
HAM_0004335,ISIC_0025187,nv,follow_up,60.0,female,back,0
HAM_0004336,ISIC_0031760,nv,follow_up,45.0,male,abdomen,0
HAM_0004337,ISIC_0031981,nv,histo,40.0,male,chest,0
HAM_0004337,ISIC_0032140,nv,histo,40.0,male,chest,0
HAM_0004339,ISIC_0026332,nv,follow_up,75.0,male,lower extremity,0
HAM_0004340,ISIC_0024506,nv,follow_up,55.0,female,back,0
HAM_0004346,ISIC_0033577,nv,consensus,40.0,female,unknown,0
HAM_0004347,ISIC_0033690,nv,consensus,40.0,female,unknown,0
HAM_0004348,ISIC_0033895,nv,consensus,40.0,female,unknown,0
HAM_0004349,ISIC_0033896,nv,consensus,40.0,female,unknown,0
HAM_0004351,ISIC_0034193,nv,consensus,40.0,female,unknown,0
HAM_0004352,ISIC_0034250,nv,consensus,40.0,female,unknown,0
HAM_0004353,ISIC_0029262,nv,follow_up,55.0,female,face,0
HAM_0004354,ISIC_0026877,mel,histo,70.0,male,abdomen,1
HAM_0004354,ISIC_0028773,mel,histo,70.0,male,abdomen,1
HAM_0004356,ISIC_0025214,nv,histo,45.0,male,back,0
HAM_0004358,ISIC_0025393,nv,follow_up,25.0,female,face,0
HAM_0004359,ISIC_0025087,nv,follow_up,50.0,female,neck,0
HAM_0004362,ISIC_0031873,nv,follow_up,45.0,female,lower extremity,0
HAM_0004364,ISIC_0026697,mel,histo,75.0,male,face,1
HAM_0004364,ISIC_0027721,mel,histo,75.0,male,face,1
HAM_0004367,ISIC_0033396,nv,histo,80.0,male,back,0
HAM_0004367,ISIC_0033723,nv,histo,80.0,male,back,0
HAM_0004368,ISIC_0030236,nv,follow_up,40.0,male,lower extremity,0
HAM_0004369,ISIC_0025969,nv,histo,40.0,male,trunk,0
HAM_0004372,ISIC_0026964,nv,histo,65.0,male,scalp,0
HAM_0004372,ISIC_0030167,nv,histo,65.0,male,scalp,0
HAM_0004374,ISIC_0030651,nv,follow_up,35.0,male,back,0
HAM_0004375,ISIC_0033102,nv,histo,35.0,male,back,0
HAM_0004375,ISIC_0034278,nv,histo,35.0,male,back,0
HAM_0004378,ISIC_0025738,nv,follow_up,5.0,male,trunk,0
HAM_0004380,ISIC_0026251,nv,histo,30.0,female,face,0
HAM_0004380,ISIC_0029072,nv,histo,30.0,female,face,0
HAM_0004381,ISIC_0027426,nv,follow_up,45.0,female,abdomen,0
HAM_0004391,ISIC_0030290,nv,follow_up,60.0,male,lower extremity,0
HAM_0004392,ISIC_0033095,nv,consensus,20.0,female,lower extremity,0
HAM_0004392,ISIC_0033355,nv,consensus,20.0,female,lower extremity,0
HAM_0004392,ISIC_0033395,nv,consensus,20.0,female,lower extremity,0
HAM_0004395,ISIC_0025206,nv,follow_up,50.0,female,trunk,0
HAM_0004397,ISIC_0025589,mel,histo,55.0,female,neck,1
HAM_0004397,ISIC_0027327,mel,histo,55.0,female,neck,1
HAM_0004397,ISIC_0030681,mel,histo,55.0,female,neck,1
HAM_0004399,ISIC_0028905,nv,histo,20.0,female,face,0
HAM_0004402,ISIC_0025397,nv,follow_up,45.0,female,upper extremity,0
HAM_0004405,ISIC_0032532,mel,histo,80.0,male,back,1
HAM_0004405,ISIC_0033500,mel,histo,80.0,male,back,1
HAM_0004407,ISIC_0024555,nv,follow_up,50.0,female,hand,0
HAM_0004410,ISIC_0032342,nv,histo,60.0,male,lower extremity,0
HAM_0004410,ISIC_0032428,nv,histo,60.0,male,lower extremity,0
HAM_0004411,ISIC_0032524,nv,histo,55.0,male,back,0
HAM_0004411,ISIC_0033376,nv,histo,55.0,male,back,0
HAM_0004411,ISIC_0033796,nv,histo,55.0,male,back,0
HAM_0004412,ISIC_0029531,nv,histo,35.0,female,abdomen,0
HAM_0004412,ISIC_0030961,nv,histo,35.0,female,abdomen,0
HAM_0004414,ISIC_0030576,nv,follow_up,45.0,female,lower extremity,0
HAM_0004415,ISIC_0024532,nv,follow_up,40.0,male,abdomen,0
HAM_0004417,ISIC_0028566,nv,follow_up,35.0,female,trunk,0
HAM_0004418,ISIC_0026376,nv,histo,30.0,male,back,0
HAM_0004418,ISIC_0031293,nv,histo,30.0,male,back,0
HAM_0004419,ISIC_0031331,nv,follow_up,50.0,female,trunk,0
HAM_0004424,ISIC_0033557,nv,histo,60.0,male,back,0
HAM_0004424,ISIC_0033688,nv,histo,60.0,male,back,0
HAM_0004425,ISIC_0025147,nv,follow_up,40.0,female,lower extremity,0
HAM_0004428,ISIC_0025317,mel,histo,80.0,male,upper extremity,1
HAM_0004428,ISIC_0026420,mel,histo,80.0,male,upper extremity,1
HAM_0004430,ISIC_0032789,nv,consensus,,unknown,unknown,0
HAM_0004431,ISIC_0024335,nv,follow_up,45.0,female,lower extremity,0
HAM_0004432,ISIC_0024529,nv,histo,25.0,male,abdomen,0
HAM_0004432,ISIC_0030466,nv,histo,25.0,male,abdomen,0
HAM_0004434,ISIC_0024744,nv,follow_up,50.0,female,back,0
HAM_0004436,ISIC_0030042,nv,follow_up,45.0,female,abdomen,0
HAM_0004437,ISIC_0027316,nv,follow_up,45.0,female,trunk,0
HAM_0004444,ISIC_0032769,nv,histo,55.0,male,upper extremity,0
HAM_0004444,ISIC_0033108,nv,histo,55.0,male,upper extremity,0
HAM_0004444,ISIC_0033922,nv,histo,55.0,male,upper extremity,0
HAM_0004445,ISIC_0030551,nv,follow_up,60.0,female,lower extremity,0
HAM_0004449,ISIC_0032332,nv,follow_up,35.0,female,lower extremity,0
HAM_0004451,ISIC_0027992,nv,follow_up,55.0,female,trunk,0
HAM_0004452,ISIC_0027381,nv,follow_up,35.0,male,trunk,0
HAM_0004456,ISIC_0026306,nv,follow_up,50.0,male,back,0
HAM_0004459,ISIC_0029971,nv,follow_up,55.0,male,back,0
HAM_0004461,ISIC_0031817,nv,histo,20.0,female,lower extremity,0
HAM_0004461,ISIC_0032421,nv,histo,20.0,female,lower extremity,0
HAM_0004464,ISIC_0025720,nv,follow_up,40.0,male,lower extremity,0
HAM_0004465,ISIC_0024500,nv,follow_up,45.0,male,abdomen,0
HAM_0004467,ISIC_0027687,nv,follow_up,50.0,female,lower extremity,0
HAM_0004468,ISIC_0030480,nv,follow_up,45.0,female,lower extremity,0
HAM_0004470,ISIC_0028387,nv,follow_up,55.0,female,lower extremity,0
HAM_0004473,ISIC_0027881,nv,follow_up,40.0,female,upper extremity,0
HAM_0004475,ISIC_0029920,nv,consensus,85.0,female,back,0
HAM_0004475,ISIC_0031188,nv,consensus,85.0,female,back,0
HAM_0004478,ISIC_0026793,nv,follow_up,40.0,male,abdomen,0
HAM_0004479,ISIC_0025027,nv,histo,45.0,female,ear,0
HAM_0004479,ISIC_0032090,nv,histo,45.0,female,ear,0
HAM_0004481,ISIC_0032391,nv,follow_up,45.0,female,lower extremity,0
HAM_0004482,ISIC_0025449,nv,follow_up,60.0,male,trunk,0
HAM_0004483,ISIC_0027487,mel,histo,35.0,female,lower extremity,1
HAM_0004484,ISIC_0025124,nv,follow_up,45.0,male,trunk,0
HAM_0004485,ISIC_0029814,nv,histo,35.0,female,lower extremity,0
HAM_0004485,ISIC_0031481,nv,histo,35.0,female,lower extremity,0
HAM_0004486,ISIC_0031448,nv,follow_up,45.0,male,upper extremity,0
HAM_0004488,ISIC_0030601,nv,follow_up,45.0,male,trunk,0
HAM_0004490,ISIC_0031788,nv,follow_up,70.0,male,lower extremity,0
HAM_0004497,ISIC_0025625,nv,follow_up,40.0,female,trunk,0
HAM_0004498,ISIC_0025586,nv,follow_up,35.0,male,upper extremity,0
HAM_0004499,ISIC_0027331,nv,follow_up,40.0,male,neck,0
HAM_0004502,ISIC_0024541,nv,follow_up,65.0,male,lower extremity,0
HAM_0004504,ISIC_0029415,nv,follow_up,65.0,male,abdomen,0
HAM_0004505,ISIC_0029369,nv,histo,45.0,male,back,0
HAM_0004507,ISIC_0024554,mel,histo,65.0,female,face,1
HAM_0004507,ISIC_0029958,mel,histo,65.0,female,face,1
HAM_0004508,ISIC_0033628,nv,consensus,,unknown,unknown,0
HAM_0004509,ISIC_0028028,nv,follow_up,45.0,male,trunk,0
HAM_0004510,ISIC_0031110,nv,follow_up,60.0,male,back,0
HAM_0004512,ISIC_0027977,nv,follow_up,55.0,male,abdomen,0
HAM_0004513,ISIC_0026011,nv,follow_up,45.0,male,trunk,0
HAM_0004516,ISIC_0025775,nv,follow_up,45.0,female,neck,0
HAM_0004517,ISIC_0025359,nv,follow_up,5.0,male,lower extremity,0
HAM_0004518,ISIC_0024578,nv,histo,35.0,female,upper extremity,0
HAM_0004518,ISIC_0025967,nv,histo,35.0,female,upper extremity,0
HAM_0004518,ISIC_0031960,nv,histo,35.0,female,upper extremity,0
HAM_0004520,ISIC_0027259,nv,follow_up,60.0,male,trunk,0
HAM_0004524,ISIC_0027406,nv,histo,75.0,female,upper extremity,0
HAM_0004524,ISIC_0030273,nv,histo,75.0,female,upper extremity,0
HAM_0004526,ISIC_0032106,nv,follow_up,45.0,male,back,0
HAM_0004527,ISIC_0027638,nv,follow_up,55.0,female,trunk,0
HAM_0004528,ISIC_0031969,nv,follow_up,75.0,female,back,0
HAM_0004529,ISIC_0029245,nv,follow_up,65.0,male,trunk,0
HAM_0004530,ISIC_0030667,nv,follow_up,45.0,male,lower extremity,0
HAM_0004532,ISIC_0026706,nv,histo,40.0,female,back,0
HAM_0004533,ISIC_0030871,nv,follow_up,40.0,female,abdomen,0
HAM_0004534,ISIC_0024363,nv,histo,40.0,male,back,0
HAM_0004534,ISIC_0030210,nv,histo,40.0,male,back,0
HAM_0004535,ISIC_0024364,nv,follow_up,45.0,male,upper extremity,0
HAM_0004537,ISIC_0026361,nv,follow_up,60.0,male,abdomen,0
HAM_0004538,ISIC_0029273,nv,follow_up,50.0,female,upper extremity,0
HAM_0004541,ISIC_0028838,nv,follow_up,65.0,male,trunk,0
HAM_0004546,ISIC_0026561,nv,histo,45.0,female,upper extremity,0
HAM_0004546,ISIC_0027812,nv,histo,45.0,female,upper extremity,0
HAM_0004547,ISIC_0031303,mel,histo,65.0,male,face,1
HAM_0004548,ISIC_0032520,nv,histo,45.0,female,upper extremity,0
HAM_0004548,ISIC_0032832,nv,histo,45.0,female,upper extremity,0
HAM_0004548,ISIC_0033917,nv,histo,45.0,female,upper extremity,0
HAM_0004550,ISIC_0032728,nv,histo,35.0,female,abdomen,0
HAM_0004550,ISIC_0033138,nv,histo,35.0,female,abdomen,0
HAM_0004550,ISIC_0034105,nv,histo,35.0,female,abdomen,0
HAM_0004551,ISIC_0031763,nv,follow_up,50.0,female,lower extremity,0
HAM_0004552,ISIC_0027593,nv,follow_up,70.0,female,abdomen,0
HAM_0004553,ISIC_0028673,nv,histo,45.0,female,lower extremity,0
HAM_0004554,ISIC_0026065,nv,follow_up,65.0,male,trunk,0
HAM_0004560,ISIC_0030738,nv,follow_up,65.0,female,back,0
HAM_0004567,ISIC_0027372,nv,follow_up,70.0,male,trunk,0
HAM_0004571,ISIC_0033578,mel,histo,65.0,male,face,1
HAM_0004571,ISIC_0034100,mel,histo,65.0,male,face,1
HAM_0004572,ISIC_0032868,nv,consensus,30.0,male,back,0
HAM_0004573,ISIC_0024849,nv,follow_up,55.0,female,trunk,0
HAM_0004574,ISIC_0032566,nv,histo,70.0,female,back,0
HAM_0004574,ISIC_0032671,nv,histo,70.0,female,back,0
HAM_0004574,ISIC_0033850,nv,histo,70.0,female,back,0
HAM_0004575,ISIC_0024789,nv,histo,50.0,female,ear,0
HAM_0004575,ISIC_0029389,nv,histo,50.0,female,ear,0
HAM_0004577,ISIC_0027134,nv,follow_up,65.0,male,trunk,0
HAM_0004578,ISIC_0034239,mel,histo,85.0,male,lower extremity,1
HAM_0004578,ISIC_0034287,mel,histo,85.0,male,lower extremity,1
HAM_0004579,ISIC_0025603,mel,histo,75.0,male,trunk,1
HAM_0004580,ISIC_0030872,nv,follow_up,80.0,male,back,0
HAM_0004582,ISIC_0033875,nv,consensus,55.0,male,unknown,0
HAM_0004583,ISIC_0034200,nv,consensus,55.0,male,unknown,0
HAM_0004584,ISIC_0034249,nv,consensus,55.0,male,unknown,0
HAM_0004585,ISIC_0032881,nv,consensus,55.0,male,unknown,0
HAM_0004586,ISIC_0033329,nv,consensus,55.0,male,unknown,0
HAM_0004588,ISIC_0033277,nv,consensus,55.0,male,unknown,0
HAM_0004593,ISIC_0024900,mel,histo,65.0,female,back,1
HAM_0004593,ISIC_0032072,mel,histo,65.0,female,back,1
HAM_0004594,ISIC_0032418,nv,follow_up,55.0,female,back,0
HAM_0004596,ISIC_0027187,mel,histo,65.0,male,upper extremity,1
HAM_0004596,ISIC_0031087,mel,histo,65.0,male,upper extremity,1
HAM_0004598,ISIC_0030345,nv,follow_up,50.0,female,abdomen,0
HAM_0004599,ISIC_0033861,nv,histo,30.0,female,back,0
HAM_0004599,ISIC_0034124,nv,histo,30.0,female,back,0
HAM_0004601,ISIC_0028443,nv,follow_up,45.0,male,abdomen,0
HAM_0004602,ISIC_0031240,nv,follow_up,55.0,female,trunk,0
HAM_0004605,ISIC_0032267,nv,follow_up,45.0,female,upper extremity,0
HAM_0004606,ISIC_0027273,nv,follow_up,70.0,male,neck,0
HAM_0004608,ISIC_0028979,nv,follow_up,40.0,male,lower extremity,0
HAM_0004611,ISIC_0027716,nv,follow_up,50.0,male,trunk,0
HAM_0004612,ISIC_0031333,nv,follow_up,50.0,female,hand,0
HAM_0004614,ISIC_0030151,nv,histo,65.0,female,upper extremity,0
HAM_0004620,ISIC_0033122,mel,histo,55.0,male,trunk,1
HAM_0004620,ISIC_0033713,mel,histo,55.0,male,trunk,1
HAM_0004622,ISIC_0028666,mel,histo,75.0,male,upper extremity,1
HAM_0004625,ISIC_0029346,nv,follow_up,40.0,male,upper extremity,0
HAM_0004628,ISIC_0027405,nv,follow_up,45.0,male,foot,0
HAM_0004629,ISIC_0027019,nv,follow_up,45.0,female,abdomen,0
HAM_0004637,ISIC_0032036,mel,histo,65.0,female,lower extremity,1
HAM_0004639,ISIC_0025635,nv,follow_up,40.0,female,abdomen,0
HAM_0004640,ISIC_0031834,nv,follow_up,55.0,female,lower extremity,0
HAM_0004642,ISIC_0025121,mel,histo,50.0,female,upper extremity,1
HAM_0004642,ISIC_0025524,mel,histo,50.0,female,upper extremity,1
HAM_0004642,ISIC_0025963,mel,histo,50.0,female,upper extremity,1
HAM_0004643,ISIC_0029651,mel,histo,65.0,male,back,1
HAM_0004643,ISIC_0032044,mel,histo,65.0,male,back,1
HAM_0004644,ISIC_0031232,nv,follow_up,35.0,female,trunk,0
HAM_0004645,ISIC_0030028,nv,follow_up,40.0,female,upper extremity,0
HAM_0004646,ISIC_0029140,nv,consensus,25.0,male,back,0
HAM_0004646,ISIC_0030557,nv,consensus,25.0,male,back,0
HAM_0004647,ISIC_0025639,nv,follow_up,60.0,female,trunk,0
HAM_0004649,ISIC_0031373,nv,follow_up,60.0,female,trunk,0
HAM_0004650,ISIC_0028149,nv,follow_up,35.0,female,lower extremity,0
HAM_0004651,ISIC_0027328,mel,histo,65.0,male,face,1
HAM_0004652,ISIC_0024583,nv,follow_up,45.0,male,back,0
HAM_0004656,ISIC_0027475,nv,histo,45.0,female,abdomen,0
HAM_0004656,ISIC_0029771,nv,histo,45.0,female,abdomen,0
HAM_0004657,ISIC_0024369,nv,follow_up,60.0,male,trunk,0
HAM_0004659,ISIC_0027993,nv,follow_up,60.0,female,abdomen,0
HAM_0004664,ISIC_0027566,nv,follow_up,5.0,male,abdomen,0
HAM_0004666,ISIC_0029165,nv,follow_up,55.0,male,upper extremity,0
HAM_0004668,ISIC_0027272,nv,follow_up,45.0,female,lower extremity,0
HAM_0004669,ISIC_0028543,mel,histo,55.0,female,upper extremity,1
HAM_0004670,ISIC_0033190,nv,consensus,,unknown,unknown,0
HAM_0004674,ISIC_0027252,nv,follow_up,45.0,male,lower extremity,0
HAM_0004675,ISIC_0031411,nv,histo,55.0,female,lower extremity,0
HAM_0004676,ISIC_0026247,mel,histo,85.0,male,back,1
HAM_0004676,ISIC_0028467,mel,histo,85.0,male,back,1
HAM_0004678,ISIC_0025952,nv,follow_up,50.0,male,lower extremity,0
HAM_0004679,ISIC_0030985,nv,follow_up,40.0,male,back,0
HAM_0004680,ISIC_0024876,nv,histo,40.0,female,abdomen,0
HAM_0004683,ISIC_0026079,nv,follow_up,35.0,female,back,0
HAM_0004684,ISIC_0028394,nv,follow_up,50.0,female,trunk,0
HAM_0004688,ISIC_0032000,nv,follow_up,60.0,male,upper extremity,0
HAM_0004689,ISIC_0029158,nv,follow_up,45.0,female,trunk,0
HAM_0004693,ISIC_0025283,nv,follow_up,50.0,female,foot,0
HAM_0004697,ISIC_0026856,nv,follow_up,50.0,male,upper extremity,0
HAM_0004698,ISIC_0030127,nv,histo,60.0,male,upper extremity,0
HAM_0004699,ISIC_0027497,nv,histo,10.0,female,hand,0
HAM_0004699,ISIC_0028255,nv,histo,10.0,female,hand,0
HAM_0004700,ISIC_0024727,nv,follow_up,75.0,male,trunk,0
HAM_0004702,ISIC_0028462,nv,follow_up,45.0,female,trunk,0
HAM_0004703,ISIC_0028658,nv,consensus,10.0,male,abdomen,0
HAM_0004704,ISIC_0026093,nv,follow_up,50.0,male,trunk,0
HAM_0004706,ISIC_0033308,nv,histo,30.0,female,abdomen,0
HAM_0004706,ISIC_0034234,nv,histo,30.0,female,abdomen,0
HAM_0004706,ISIC_0034274,nv,histo,30.0,female,abdomen,0
HAM_0004707,ISIC_0029386,nv,follow_up,60.0,male,trunk,0
HAM_0004712,ISIC_0030101,nv,follow_up,55.0,female,lower extremity,0
HAM_0004714,ISIC_0032651,nv,histo,30.0,female,upper extremity,0
HAM_0004714,ISIC_0033699,nv,histo,30.0,female,upper extremity,0
HAM_0004714,ISIC_0033915,nv,histo,30.0,female,upper extremity,0
HAM_0004715,ISIC_0030494,nv,follow_up,50.0,female,lower extremity,0
HAM_0004716,ISIC_0032729,nv,histo,40.0,female,upper extremity,0
HAM_0004716,ISIC_0033076,nv,histo,40.0,female,upper extremity,0
HAM_0004716,ISIC_0033282,nv,histo,40.0,female,upper extremity,0
HAM_0004717,ISIC_0025227,nv,histo,50.0,male,back,0
HAM_0004717,ISIC_0030268,nv,histo,50.0,male,back,0
HAM_0004718,ISIC_0027589,nv,follow_up,50.0,female,abdomen,0
HAM_0004720,ISIC_0027277,mel,histo,40.0,male,lower extremity,1
HAM_0004720,ISIC_0028642,mel,histo,40.0,male,lower extremity,1
HAM_0004723,ISIC_0032413,nv,follow_up,60.0,female,genital,0
HAM_0004725,ISIC_0032507,nv,follow_up,45.0,female,trunk,0
HAM_0004726,ISIC_0027579,nv,follow_up,45.0,female,abdomen,0
HAM_0004727,ISIC_0028250,nv,follow_up,45.0,female,lower extremity,0
HAM_0004728,ISIC_0026779,nv,follow_up,45.0,male,trunk,0
HAM_0004730,ISIC_0032297,nv,follow_up,75.0,male,trunk,0
HAM_0004731,ISIC_0031248,nv,follow_up,50.0,female,upper extremity,0
HAM_0004732,ISIC_0024858,nv,follow_up,40.0,male,trunk,0
HAM_0004733,ISIC_0027565,nv,follow_up,45.0,male,trunk,0
HAM_0004734,ISIC_0026396,nv,follow_up,50.0,female,trunk,0
HAM_0004735,ISIC_0030000,nv,follow_up,45.0,male,back,0
HAM_0004736,ISIC_0031990,nv,follow_up,55.0,male,lower extremity,0
HAM_0004739,ISIC_0025234,mel,histo,70.0,male,back,1
HAM_0004740,ISIC_0024992,nv,follow_up,40.0,male,abdomen,0
HAM_0004741,ISIC_0031687,nv,follow_up,65.0,male,upper extremity,0
HAM_0004742,ISIC_0028338,nv,consensus,50.0,female,back,0
HAM_0004742,ISIC_0031791,nv,consensus,50.0,female,back,0
HAM_0004746,ISIC_0028764,mel,histo,65.0,female,back,1
HAM_0004746,ISIC_0029021,mel,histo,65.0,female,back,1
HAM_0004747,ISIC_0031435,nv,histo,55.0,female,unknown,0
HAM_0004747,ISIC_0031705,nv,histo,55.0,female,unknown,0
HAM_0004749,ISIC_0024543,nv,follow_up,45.0,male,lower extremity,0
HAM_0004750,ISIC_0029266,nv,follow_up,45.0,female,trunk,0
HAM_0004751,ISIC_0026776,nv,follow_up,55.0,male,lower extremity,0
HAM_0004753,ISIC_0031884,nv,follow_up,50.0,female,back,0
HAM_0004755,ISIC_0029151,nv,follow_up,55.0,female,back,0
HAM_0004758,ISIC_0028491,nv,follow_up,45.0,female,trunk,0
HAM_0004759,ISIC_0030467,nv,follow_up,45.0,female,lower extremity,0
HAM_0004762,ISIC_0026080,nv,histo,45.0,male,back,0
HAM_0004762,ISIC_0030312,nv,histo,45.0,male,back,0
HAM_0004763,ISIC_0024891,nv,histo,55.0,female,scalp,0
HAM_0004763,ISIC_0029985,nv,histo,55.0,female,scalp,0
HAM_0004764,ISIC_0025270,nv,follow_up,60.0,male,abdomen,0
HAM_0004766,ISIC_0030462,nv,histo,40.0,male,trunk,0
HAM_0004767,ISIC_0025531,mel,histo,80.0,male,face,1
HAM_0004767,ISIC_0028285,mel,histo,80.0,male,face,1
HAM_0004770,ISIC_0032495,nv,follow_up,50.0,male,lower extremity,0
HAM_0004771,ISIC_0024622,nv,follow_up,55.0,male,trunk,0
HAM_0004775,ISIC_0027293,nv,histo,15.0,female,face,0
HAM_0004777,ISIC_0026749,nv,consensus,25.0,female,foot,0
HAM_0004777,ISIC_0029895,nv,consensus,25.0,female,foot,0
HAM_0004778,ISIC_0028432,nv,follow_up,45.0,female,trunk,0
HAM_0004779,ISIC_0024823,mel,histo,35.0,male,back,1
HAM_0004779,ISIC_0024962,mel,histo,35.0,male,back,1
HAM_0004782,ISIC_0026264,nv,follow_up,75.0,male,upper extremity,0
HAM_0004783,ISIC_0025671,nv,histo,30.0,female,foot,0
HAM_0004783,ISIC_0028793,nv,histo,30.0,female,foot,0
HAM_0004784,ISIC_0027872,mel,histo,55.0,female,foot,1
HAM_0004784,ISIC_0029512,mel,histo,55.0,female,foot,1
HAM_0004785,ISIC_0030788,nv,follow_up,60.0,male,back,0
HAM_0004786,ISIC_0029751,nv,follow_up,75.0,male,back,0
HAM_0004790,ISIC_0030902,nv,follow_up,35.0,female,trunk,0
HAM_0004795,ISIC_0026595,nv,follow_up,35.0,male,lower extremity,0
HAM_0004796,ISIC_0032143,nv,follow_up,60.0,female,back,0
HAM_0004797,ISIC_0024895,nv,follow_up,50.0,female,back,0
HAM_0004798,ISIC_0029103,nv,follow_up,40.0,female,trunk,0
HAM_0004799,ISIC_0030807,nv,follow_up,35.0,female,lower extremity,0
HAM_0004802,ISIC_0024596,nv,histo,45.0,female,back,0
HAM_0004802,ISIC_0026551,nv,histo,45.0,female,back,0
HAM_0004802,ISIC_0030966,nv,histo,45.0,female,back,0
HAM_0004803,ISIC_0030880,nv,follow_up,55.0,male,lower extremity,0
HAM_0004804,ISIC_0030497,nv,follow_up,25.0,female,back,0
HAM_0004805,ISIC_0028641,nv,follow_up,45.0,male,back,0
HAM_0004806,ISIC_0031031,nv,histo,80.0,male,back,0
HAM_0004806,ISIC_0032327,nv,histo,80.0,male,back,0
HAM_0004808,ISIC_0029078,nv,follow_up,60.0,male,trunk,0
HAM_0004810,ISIC_0030220,nv,follow_up,45.0,male,trunk,0
HAM_0004812,ISIC_0025682,nv,follow_up,35.0,female,trunk,0
HAM_0004813,ISIC_0027063,mel,histo,80.0,male,abdomen,1
HAM_0004813,ISIC_0032331,mel,histo,80.0,male,abdomen,1
HAM_0004814,ISIC_0032702,nv,histo,65.0,male,lower extremity,0
HAM_0004814,ISIC_0033107,nv,histo,65.0,male,lower extremity,0
HAM_0004814,ISIC_0033667,nv,histo,65.0,male,lower extremity,0
HAM_0004815,ISIC_0031342,nv,follow_up,60.0,male,abdomen,0
HAM_0004816,ISIC_0031608,nv,follow_up,50.0,male,lower extremity,0
HAM_0004818,ISIC_0030736,nv,follow_up,50.0,female,abdomen,0
HAM_0004819,ISIC_0028975,nv,follow_up,40.0,female,trunk,0
HAM_0004823,ISIC_0032108,nv,follow_up,50.0,female,lower extremity,0
HAM_0004824,ISIC_0026698,nv,histo,60.0,male,lower extremity,0
HAM_0004828,ISIC_0028848,nv,follow_up,50.0,female,lower extremity,0
HAM_0004833,ISIC_0026133,nv,histo,75.0,male,back,0
HAM_0004833,ISIC_0030069,nv,histo,75.0,male,back,0
HAM_0004835,ISIC_0031809,nv,histo,60.0,female,lower extremity,0
HAM_0004836,ISIC_0025533,nv,histo,35.0,male,lower extremity,0
HAM_0004836,ISIC_0026674,nv,histo,35.0,male,lower extremity,0
HAM_0004839,ISIC_0024599,nv,histo,55.0,male,back,0
HAM_0004839,ISIC_0028450,nv,histo,55.0,male,back,0
HAM_0004840,ISIC_0025273,nv,follow_up,45.0,male,upper extremity,0
HAM_0004842,ISIC_0026854,nv,follow_up,60.0,male,back,0
HAM_0004844,ISIC_0033394,mel,histo,50.0,male,trunk,1
HAM_0004844,ISIC_0034233,mel,histo,50.0,male,trunk,1
HAM_0004845,ISIC_0026486,nv,follow_up,50.0,male,trunk,0
HAM_0004847,ISIC_0030906,nv,follow_up,45.0,female,back,0
HAM_0004850,ISIC_0026438,mel,histo,30.0,female,trunk,1
HAM_0004850,ISIC_0028126,mel,histo,30.0,female,trunk,1
HAM_0004854,ISIC_0033078,nv,consensus,40.0,female,lower extremity,0
HAM_0004854,ISIC_0033777,nv,consensus,40.0,female,lower extremity,0
HAM_0004854,ISIC_0034055,nv,consensus,40.0,female,lower extremity,0
HAM_0004855,ISIC_0026642,nv,follow_up,50.0,male,back,0
HAM_0004856,ISIC_0026299,nv,follow_up,45.0,male,lower extremity,0
HAM_0004857,ISIC_0029038,nv,consensus,70.0,male,lower extremity,0
HAM_0004857,ISIC_0031222,nv,consensus,70.0,male,lower extremity,0
HAM_0004858,ISIC_0032239,nv,follow_up,50.0,female,trunk,0
HAM_0004859,ISIC_0033653,mel,histo,70.0,female,neck,1
HAM_0004859,ISIC_0033812,mel,histo,70.0,female,neck,1
HAM_0004860,ISIC_0031732,nv,follow_up,30.0,male,lower extremity,0
HAM_0004864,ISIC_0024682,nv,histo,20.0,female,upper extremity,0
HAM_0004865,ISIC_0028157,nv,follow_up,75.0,female,lower extremity,0
HAM_0004866,ISIC_0032184,nv,histo,70.0,female,back,0
HAM_0004868,ISIC_0031538,nv,follow_up,60.0,female,abdomen,0
HAM_0004870,ISIC_0024751,nv,follow_up,45.0,male,lower extremity,0
HAM_0004872,ISIC_0033202,nv,histo,35.0,female,foot,0
HAM_0004872,ISIC_0033867,nv,histo,35.0,female,foot,0
HAM_0004874,ISIC_0032160,nv,follow_up,65.0,male,upper extremity,0
HAM_0004876,ISIC_0029356,nv,follow_up,35.0,male,lower extremity,0
HAM_0004878,ISIC_0026802,mel,histo,85.0,male,back,1
HAM_0004878,ISIC_0029056,mel,histo,85.0,male,back,1
HAM_0004878,ISIC_0032232,mel,histo,85.0,male,back,1
HAM_0004879,ISIC_0032419,nv,follow_up,45.0,female,trunk,0
HAM_0004881,ISIC_0032913,mel,histo,85.0,male,abdomen,1
HAM_0004881,ISIC_0033806,mel,histo,85.0,male,abdomen,1
HAM_0004885,ISIC_0030570,nv,follow_up,5.0,male,abdomen,0
HAM_0004887,ISIC_0024717,nv,follow_up,35.0,female,back,0
HAM_0004888,ISIC_0030107,mel,histo,20.0,female,scalp,1
HAM_0004890,ISIC_0028054,nv,follow_up,50.0,male,trunk,0
HAM_0004891,ISIC_0027943,nv,follow_up,55.0,female,lower extremity,0
HAM_0004892,ISIC_0025228,nv,histo,50.0,female,back,0
HAM_0004893,ISIC_0031906,nv,follow_up,50.0,male,abdomen,0
HAM_0004894,ISIC_0030643,nv,follow_up,50.0,male,trunk,0
HAM_0004896,ISIC_0025369,nv,follow_up,40.0,male,abdomen,0
HAM_0004897,ISIC_0024352,nv,histo,30.0,female,lower extremity,0
HAM_0004897,ISIC_0026293,nv,histo,30.0,female,lower extremity,0
HAM_0004898,ISIC_0024932,mel,histo,55.0,female,lower extremity,1
HAM_0004898,ISIC_0029480,mel,histo,55.0,female,lower extremity,1
HAM_0004900,ISIC_0027860,nv,follow_up,35.0,male,abdomen,0
HAM_0004901,ISIC_0025361,nv,follow_up,35.0,female,back,0
HAM_0004902,ISIC_0030823,nv,follow_up,40.0,male,trunk,0
HAM_0004904,ISIC_0032381,nv,follow_up,55.0,male,lower extremity,0
HAM_0004906,ISIC_0028522,nv,follow_up,35.0,male,lower extremity,0
HAM_0004907,ISIC_0026001,nv,follow_up,55.0,male,trunk,0
HAM_0004909,ISIC_0025118,nv,histo,30.0,male,back,0
HAM_0004910,ISIC_0026115,mel,histo,70.0,male,chest,1
HAM_0004910,ISIC_0026281,mel,histo,70.0,male,chest,1
HAM_0004913,ISIC_0025770,nv,follow_up,45.0,female,lower extremity,0
HAM_0004915,ISIC_0025272,nv,follow_up,55.0,female,lower extremity,0
HAM_0004918,ISIC_0026317,nv,follow_up,40.0,male,trunk,0
HAM_0004919,ISIC_0025226,nv,histo,40.0,male,upper extremity,0
HAM_0004920,ISIC_0030983,nv,follow_up,65.0,male,back,0
HAM_0004922,ISIC_0027108,nv,follow_up,50.0,male,abdomen,0
HAM_0004923,ISIC_0030444,nv,histo,20.0,male,back,0
HAM_0004923,ISIC_0030973,nv,histo,20.0,male,back,0
HAM_0004924,ISIC_0027040,nv,histo,,female,trunk,0
HAM_0004925,ISIC_0024873,nv,follow_up,35.0,male,back,0
HAM_0004927,ISIC_0032921,mel,histo,70.0,male,abdomen,1
HAM_0004927,ISIC_0033415,mel,histo,70.0,male,abdomen,1
HAM_0004927,ISIC_0034117,mel,histo,70.0,male,abdomen,1
HAM_0004929,ISIC_0029044,nv,follow_up,50.0,male,abdomen,0
HAM_0004931,ISIC_0026428,nv,follow_up,50.0,male,lower extremity,0
HAM_0004933,ISIC_0025558,nv,follow_up,45.0,female,lower extremity,0
HAM_0004935,ISIC_0030629,nv,histo,20.0,male,back,0
HAM_0004935,ISIC_0031178,nv,histo,20.0,male,back,0
HAM_0004936,ISIC_0025573,mel,histo,80.0,male,chest,1
HAM_0004936,ISIC_0029705,mel,histo,80.0,male,chest,1
HAM_0004938,ISIC_0027214,nv,follow_up,50.0,female,trunk,0
HAM_0004939,ISIC_0026521,nv,follow_up,60.0,male,abdomen,0
HAM_0004944,ISIC_0030559,nv,follow_up,75.0,male,trunk,0
HAM_0004948,ISIC_0025736,nv,follow_up,50.0,female,lower extremity,0
HAM_0004950,ISIC_0031878,nv,follow_up,70.0,male,trunk,0
HAM_0004951,ISIC_0026339,nv,follow_up,50.0,female,trunk,0
HAM_0004952,ISIC_0028111,nv,follow_up,55.0,male,trunk,0
HAM_0004954,ISIC_0030156,nv,histo,35.0,female,lower extremity,0
HAM_0004955,ISIC_0027128,nv,follow_up,45.0,male,trunk,0
HAM_0004959,ISIC_0028262,nv,follow_up,50.0,male,lower extremity,0
HAM_0004961,ISIC_0025705,nv,follow_up,55.0,female,back,0
HAM_0004963,ISIC_0032563,nv,histo,45.0,male,upper extremity,0
HAM_0004963,ISIC_0032785,nv,histo,45.0,male,upper extremity,0
HAM_0004963,ISIC_0033071,nv,histo,45.0,male,upper extremity,0
HAM_0004965,ISIC_0025287,nv,follow_up,50.0,female,lower extremity,0
HAM_0004966,ISIC_0029508,nv,follow_up,65.0,male,trunk,0
HAM_0004969,ISIC_0025521,nv,follow_up,55.0,female,lower extremity,0
HAM_0004972,ISIC_0026997,nv,follow_up,50.0,male,lower extremity,0
HAM_0004973,ISIC_0025872,nv,follow_up,45.0,male,trunk,0
HAM_0004974,ISIC_0028959,nv,follow_up,45.0,male,abdomen,0
HAM_0004977,ISIC_0028740,nv,follow_up,65.0,male,upper extremity,0
HAM_0004978,ISIC_0032101,nv,follow_up,35.0,female,lower extremity,0
HAM_0004981,ISIC_0030493,nv,follow_up,65.0,female,lower extremity,0
HAM_0004982,ISIC_0025192,nv,follow_up,35.0,male,upper extremity,0
HAM_0004983,ISIC_0030291,nv,follow_up,55.0,female,foot,0
HAM_0004984,ISIC_0032879,mel,histo,80.0,male,face,1
HAM_0004984,ISIC_0033630,mel,histo,80.0,male,face,1
HAM_0004985,ISIC_0024518,nv,histo,35.0,female,back,0
HAM_0004986,ISIC_0025598,nv,histo,65.0,female,upper extremity,0
HAM_0004989,ISIC_0028669,nv,follow_up,45.0,male,trunk,0
HAM_0004990,ISIC_0028433,nv,follow_up,40.0,male,trunk,0
HAM_0004991,ISIC_0028809,nv,histo,65.0,male,back,0
HAM_0004991,ISIC_0032279,nv,histo,65.0,male,back,0
HAM_0004993,ISIC_0031736,nv,follow_up,50.0,male,back,0
HAM_0004994,ISIC_0028839,nv,follow_up,40.0,female,abdomen,0
HAM_0004996,ISIC_0028909,nv,consensus,25.0,female,lower extremity,0
HAM_0004996,ISIC_0029231,nv,consensus,25.0,female,lower extremity,0
HAM_0004996,ISIC_0030144,nv,consensus,25.0,female,lower extremity,0
HAM_0004997,ISIC_0027305,nv,histo,35.0,male,back,0
HAM_0004997,ISIC_0027718,nv,histo,35.0,male,back,0
HAM_0004998,ISIC_0033304,mel,histo,60.0,female,lower extremity,1
HAM_0004998,ISIC_0033651,mel,histo,60.0,female,lower extremity,1
HAM_0004999,ISIC_0027690,nv,follow_up,40.0,male,trunk,0
HAM_0005000,ISIC_0031312,nv,follow_up,50.0,male,back,0
HAM_0005001,ISIC_0031438,nv,follow_up,55.0,male,lower extremity,0
HAM_0005002,ISIC_0031869,nv,follow_up,35.0,male,back,0
HAM_0005003,ISIC_0026689,nv,follow_up,35.0,male,trunk,0
HAM_0005005,ISIC_0031920,nv,follow_up,50.0,male,lower extremity,0
HAM_0005009,ISIC_0027569,nv,histo,20.0,male,back,0
HAM_0005010,ISIC_0033180,mel,histo,30.0,female,upper extremity,1
HAM_0005010,ISIC_0033603,mel,histo,30.0,female,upper extremity,1
HAM_0005010,ISIC_0033962,mel,histo,30.0,female,upper extremity,1
HAM_0005012,ISIC_0031251,nv,follow_up,45.0,female,back,0
HAM_0005013,ISIC_0030448,nv,follow_up,45.0,female,back,0
HAM_0005014,ISIC_0030504,nv,histo,60.0,male,neck,0
HAM_0005015,ISIC_0026355,nv,follow_up,60.0,male,trunk,0
HAM_0005021,ISIC_0033454,mel,histo,75.0,male,face,1
HAM_0005021,ISIC_0034173,mel,histo,75.0,male,face,1
HAM_0005029,ISIC_0031514,nv,follow_up,50.0,male,trunk,0
HAM_0005031,ISIC_0025109,nv,follow_up,65.0,male,abdomen,0
HAM_0005032,ISIC_0027376,nv,follow_up,45.0,male,abdomen,0
HAM_0005033,ISIC_0032224,nv,follow_up,45.0,female,trunk,0
HAM_0005035,ISIC_0025536,nv,follow_up,35.0,female,trunk,0
HAM_0005036,ISIC_0025815,nv,follow_up,50.0,female,trunk,0
HAM_0005039,ISIC_0024320,nv,follow_up,65.0,male,trunk,0
HAM_0005040,ISIC_0033302,mel,histo,40.0,female,upper extremity,1
HAM_0005040,ISIC_0033638,mel,histo,40.0,female,upper extremity,1
HAM_0005040,ISIC_0033805,mel,histo,40.0,female,upper extremity,1
HAM_0005041,ISIC_0028019,nv,follow_up,35.0,male,lower extremity,0
HAM_0005042,ISIC_0026220,nv,follow_up,60.0,female,lower extremity,0
HAM_0005044,ISIC_0032169,nv,follow_up,45.0,female,lower extremity,0
HAM_0005045,ISIC_0030701,nv,follow_up,40.0,female,trunk,0
HAM_0005047,ISIC_0029105,nv,follow_up,45.0,female,face,0
HAM_0005050,ISIC_0025949,nv,follow_up,60.0,male,back,0
HAM_0005056,ISIC_0031094,nv,histo,55.0,male,upper extremity,0
HAM_0005056,ISIC_0032345,nv,histo,55.0,male,upper extremity,0
HAM_0005057,ISIC_0027711,nv,histo,40.0,male,back,0
HAM_0005059,ISIC_0034027,nv,consensus,70.0,male,upper extremity,0
HAM_0005061,ISIC_0032466,mel,histo,60.0,male,lower extremity,1
HAM_0005063,ISIC_0030419,nv,follow_up,60.0,male,upper extremity,0
HAM_0005064,ISIC_0027144,mel,histo,40.0,female,back,1
HAM_0005064,ISIC_0028198,mel,histo,40.0,female,back,1
HAM_0005065,ISIC_0031256,nv,follow_up,30.0,male,lower extremity,0
HAM_0005066,ISIC_0030787,nv,follow_up,45.0,male,lower extremity,0
HAM_0005069,ISIC_0028301,nv,follow_up,60.0,female,lower extremity,0
HAM_0005071,ISIC_0029987,nv,follow_up,40.0,female,trunk,0
HAM_0005076,ISIC_0024404,nv,follow_up,45.0,female,lower extremity,0
HAM_0005078,ISIC_0030784,mel,histo,85.0,male,upper extremity,1
HAM_0005078,ISIC_0032081,mel,histo,85.0,male,upper extremity,1
HAM_0005079,ISIC_0028420,nv,histo,80.0,male,back,0
HAM_0005081,ISIC_0029326,nv,follow_up,30.0,male,abdomen,0
HAM_0005083,ISIC_0031482,nv,histo,55.0,female,lower extremity,0
HAM_0005083,ISIC_0032944,nv,histo,55.0,female,lower extremity,0
HAM_0005083,ISIC_0033516,nv,histo,55.0,female,lower extremity,0
HAM_0005085,ISIC_0029257,nv,histo,70.0,male,back,0
HAM_0005085,ISIC_0030225,nv,histo,70.0,male,back,0
HAM_0005087,ISIC_0024765,nv,follow_up,45.0,female,foot,0
HAM_0005088,ISIC_0031647,nv,follow_up,50.0,female,trunk,0
HAM_0005089,ISIC_0025673,nv,follow_up,45.0,male,upper extremity,0
HAM_0005090,ISIC_0029162,nv,histo,50.0,female,back,0
HAM_0005090,ISIC_0031564,nv,histo,50.0,female,back,0
HAM_0005091,ISIC_0027345,nv,consensus,50.0,female,chest,0
HAM_0005091,ISIC_0031148,nv,consensus,50.0,female,chest,0
HAM_0005092,ISIC_0030232,nv,histo,20.0,female,lower extremity,0
HAM_0005093,ISIC_0030517,nv,follow_up,55.0,male,back,0
HAM_0005097,ISIC_0031018,nv,follow_up,75.0,male,lower extremity,0
HAM_0005098,ISIC_0024728,nv,follow_up,30.0,female,lower extremity,0
HAM_0005099,ISIC_0029648,nv,follow_up,45.0,male,abdomen,0
HAM_0005103,ISIC_0025079,nv,follow_up,55.0,male,foot,0
HAM_0005105,ISIC_0027377,nv,follow_up,45.0,female,lower extremity,0
HAM_0005107,ISIC_0026502,nv,histo,55.0,female,back,0
HAM_0005107,ISIC_0032082,nv,histo,55.0,female,back,0
HAM_0005108,ISIC_0026078,nv,follow_up,50.0,female,lower extremity,0
HAM_0005110,ISIC_0025412,nv,histo,20.0,female,back,0
HAM_0005110,ISIC_0025785,nv,histo,20.0,female,back,0
HAM_0005110,ISIC_0028494,nv,histo,20.0,female,back,0
HAM_0005111,ISIC_0030911,nv,follow_up,40.0,female,trunk,0
HAM_0005113,ISIC_0028516,nv,follow_up,70.0,female,trunk,0
HAM_0005114,ISIC_0028038,nv,follow_up,45.0,male,lower extremity,0
HAM_0005115,ISIC_0033008,nv,consensus,35.0,male,upper extremity,0
HAM_0005115,ISIC_0033766,nv,consensus,35.0,male,upper extremity,0
HAM_0005119,ISIC_0029335,nv,follow_up,50.0,female,back,0
HAM_0005121,ISIC_0029591,mel,histo,65.0,female,upper extremity,1
HAM_0005121,ISIC_0030423,mel,histo,65.0,female,upper extremity,1
HAM_0005122,ISIC_0034265,nv,consensus,70.0,male,trunk,0
HAM_0005123,ISIC_0025877,nv,follow_up,55.0,female,lower extremity,0
HAM_0005124,ISIC_0030150,mel,histo,80.0,female,neck,1
HAM_0005127,ISIC_0026384,nv,histo,55.0,female,chest,0
HAM_0005127,ISIC_0028436,nv,histo,55.0,female,chest,0
HAM_0005128,ISIC_0025549,nv,follow_up,55.0,female,back,0
HAM_0005129,ISIC_0027870,nv,follow_up,40.0,male,trunk,0
HAM_0005130,ISIC_0032002,nv,follow_up,45.0,male,back,0
HAM_0005134,ISIC_0029523,nv,follow_up,45.0,female,back,0
HAM_0005138,ISIC_0027207,nv,follow_up,45.0,female,trunk,0
HAM_0005139,ISIC_0028260,nv,follow_up,55.0,male,lower extremity,0
HAM_0005140,ISIC_0026662,nv,follow_up,45.0,male,lower extremity,0
HAM_0005141,ISIC_0033217,mel,histo,70.0,male,back,1
HAM_0005141,ISIC_0034034,mel,histo,70.0,male,back,1
HAM_0005142,ISIC_0031701,nv,follow_up,75.0,male,trunk,0
HAM_0005147,ISIC_0029076,nv,follow_up,80.0,male,trunk,0
HAM_0005148,ISIC_0026969,nv,follow_up,35.0,female,back,0
HAM_0005150,ISIC_0028161,nv,follow_up,45.0,female,lower extremity,0
HAM_0005151,ISIC_0030992,nv,follow_up,65.0,male,abdomen,0
HAM_0005152,ISIC_0030112,nv,follow_up,40.0,male,abdomen,0
HAM_0005153,ISIC_0030847,nv,histo,65.0,male,lower extremity,0
HAM_0005154,ISIC_0024762,nv,consensus,55.0,male,back,0
HAM_0005154,ISIC_0030977,nv,consensus,55.0,male,back,0
HAM_0005159,ISIC_0025352,nv,histo,50.0,male,back,0
HAM_0005159,ISIC_0029826,nv,histo,50.0,male,back,0
HAM_0005161,ISIC_0030472,nv,follow_up,65.0,male,trunk,0
HAM_0005162,ISIC_0025568,nv,histo,50.0,female,back,0
HAM_0005162,ISIC_0025943,nv,histo,50.0,female,back,0
HAM_0005162,ISIC_0026887,nv,histo,50.0,female,back,0
HAM_0005163,ISIC_0026888,nv,histo,50.0,female,lower extremity,0
HAM_0005166,ISIC_0024815,nv,follow_up,25.0,female,abdomen,0
HAM_0005168,ISIC_0028277,nv,follow_up,55.0,female,back,0
HAM_0005169,ISIC_0027557,nv,follow_up,50.0,female,trunk,0
HAM_0005170,ISIC_0026253,nv,follow_up,80.0,male,trunk,0
HAM_0005171,ISIC_0029380,nv,follow_up,40.0,male,trunk,0
HAM_0005173,ISIC_0025400,nv,histo,85.0,male,back,0
HAM_0005173,ISIC_0030937,nv,histo,85.0,male,back,0
HAM_0005174,ISIC_0032276,nv,follow_up,35.0,male,trunk,0
HAM_0005175,ISIC_0029479,nv,histo,60.0,female,back,0
HAM_0005175,ISIC_0032278,nv,histo,60.0,female,back,0
HAM_0005176,ISIC_0031117,nv,histo,70.0,male,back,0
HAM_0005177,ISIC_0029423,nv,follow_up,40.0,female,lower extremity,0
HAM_0005178,ISIC_0030285,nv,follow_up,45.0,female,foot,0
HAM_0005179,ISIC_0024957,nv,follow_up,80.0,male,lower extremity,0
HAM_0005181,ISIC_0027483,nv,follow_up,60.0,female,lower extremity,0
HAM_0005182,ISIC_0031288,nv,follow_up,35.0,female,lower extremity,0
HAM_0005185,ISIC_0033412,nv,histo,40.0,female,lower extremity,0
HAM_0005185,ISIC_0033514,nv,histo,40.0,female,lower extremity,0
HAM_0005185,ISIC_0033876,nv,histo,40.0,female,lower extremity,0
HAM_0005186,ISIC_0026993,mel,histo,45.0,female,lower extremity,1
HAM_0005191,ISIC_0031177,mel,histo,40.0,female,back,1
HAM_0005192,ISIC_0031858,nv,follow_up,40.0,male,lower extremity,0
HAM_0005194,ISIC_0032561,nv,histo,55.0,male,lower extremity,0
HAM_0005194,ISIC_0033839,nv,histo,55.0,male,lower extremity,0
HAM_0005194,ISIC_0034213,nv,histo,55.0,male,lower extremity,0
HAM_0005197,ISIC_0030922,nv,histo,75.0,male,trunk,0
HAM_0005198,ISIC_0032920,nv,histo,60.0,male,lower extremity,0
HAM_0005198,ISIC_0033673,nv,histo,60.0,male,lower extremity,0
HAM_0005201,ISIC_0028855,nv,follow_up,40.0,male,lower extremity,0
HAM_0005202,ISIC_0028974,nv,follow_up,55.0,male,abdomen,0
HAM_0005203,ISIC_0027742,mel,histo,60.0,male,back,1
HAM_0005204,ISIC_0024749,nv,follow_up,70.0,female,trunk,0
HAM_0005205,ISIC_0027581,nv,follow_up,35.0,female,foot,0
HAM_0005206,ISIC_0032521,nv,histo,50.0,male,lower extremity,0
HAM_0005206,ISIC_0032674,nv,histo,50.0,male,lower extremity,0
HAM_0005206,ISIC_0033958,nv,histo,50.0,male,lower extremity,0
HAM_0005208,ISIC_0028781,nv,follow_up,45.0,male,abdomen,0
HAM_0005210,ISIC_0025965,nv,follow_up,50.0,male,trunk,0
HAM_0005213,ISIC_0033356,nv,histo,30.0,female,chest,0
HAM_0005213,ISIC_0033998,nv,histo,30.0,female,chest,0
HAM_0005214,ISIC_0031114,nv,follow_up,75.0,female,lower extremity,0
HAM_0005216,ISIC_0032161,nv,follow_up,70.0,male,back,0
HAM_0005217,ISIC_0025057,nv,follow_up,45.0,female,trunk,0
HAM_0005218,ISIC_0028939,nv,follow_up,55.0,female,lower extremity,0
HAM_0005220,ISIC_0025479,nv,follow_up,35.0,male,back,0
HAM_0005221,ISIC_0029019,nv,follow_up,40.0,male,trunk,0
HAM_0005223,ISIC_0029536,nv,follow_up,70.0,female,trunk,0
HAM_0005224,ISIC_0026929,nv,follow_up,50.0,female,upper extremity,0
HAM_0005227,ISIC_0027410,nv,histo,75.0,male,face,0
HAM_0005227,ISIC_0027768,nv,histo,75.0,male,face,0
HAM_0005229,ISIC_0030003,nv,follow_up,35.0,male,lower extremity,0
HAM_0005230,ISIC_0027127,nv,histo,55.0,female,lower extremity,0
HAM_0005230,ISIC_0028849,nv,histo,55.0,female,lower extremity,0
HAM_0005232,ISIC_0025993,nv,histo,25.0,female,chest,0
HAM_0005234,ISIC_0027347,nv,follow_up,45.0,female,genital,0
HAM_0005235,ISIC_0029437,nv,follow_up,55.0,male,back,0
HAM_0005237,ISIC_0027240,nv,histo,70.0,male,hand,0
HAM_0005237,ISIC_0031733,nv,histo,70.0,male,hand,0
HAM_0005240,ISIC_0030169,nv,follow_up,65.0,male,abdomen,0
HAM_0005241,ISIC_0029699,nv,follow_up,30.0,male,trunk,0
HAM_0005242,ISIC_0027597,nv,follow_up,45.0,female,back,0
HAM_0005244,ISIC_0030473,nv,histo,60.0,male,abdomen,0
HAM_0005246,ISIC_0030059,nv,consensus,0.0,male,scalp,0
HAM_0005247,ISIC_0024687,nv,follow_up,50.0,female,lower extremity,0
HAM_0005248,ISIC_0032902,nv,histo,45.0,female,upper extremity,0
HAM_0005248,ISIC_0032948,nv,histo,45.0,female,upper extremity,0
HAM_0005248,ISIC_0034264,nv,histo,45.0,female,upper extremity,0
HAM_0005250,ISIC_0029792,nv,histo,40.0,female,foot,0
HAM_0005251,ISIC_0026868,mel,histo,75.0,male,lower extremity,1
HAM_0005252,ISIC_0028185,nv,follow_up,55.0,male,lower extremity,0
HAM_0005254,ISIC_0026820,nv,consensus,5.0,female,face,0
HAM_0005254,ISIC_0031036,nv,consensus,5.0,female,face,0
HAM_0005256,ISIC_0033728,mel,histo,80.0,male,back,1
HAM_0005257,ISIC_0033751,nv,consensus,,unknown,unknown,0
HAM_0005261,ISIC_0027390,nv,histo,35.0,female,abdomen,0
HAM_0005266,ISIC_0027605,nv,follow_up,60.0,male,lower extremity,0
HAM_0005269,ISIC_0025649,nv,follow_up,50.0,female,abdomen,0
HAM_0005271,ISIC_0025306,nv,follow_up,45.0,female,back,0
HAM_0005273,ISIC_0025065,nv,consensus,30.0,female,abdomen,0
HAM_0005273,ISIC_0027319,nv,consensus,30.0,female,abdomen,0
HAM_0005274,ISIC_0032766,mel,histo,55.0,male,upper extremity,1
HAM_0005274,ISIC_0033141,mel,histo,55.0,male,upper extremity,1
HAM_0005274,ISIC_0033261,mel,histo,55.0,male,upper extremity,1
HAM_0005277,ISIC_0030750,nv,follow_up,40.0,male,back,0
HAM_0005281,ISIC_0028908,nv,follow_up,60.0,female,lower extremity,0
HAM_0005283,ISIC_0030418,nv,follow_up,40.0,female,abdomen,0
HAM_0005284,ISIC_0027707,nv,histo,20.0,male,back,0
HAM_0005284,ISIC_0029640,nv,histo,20.0,male,back,0
HAM_0005284,ISIC_0029724,nv,histo,20.0,male,back,0
HAM_0005285,ISIC_0025167,nv,follow_up,50.0,female,trunk,0
HAM_0005286,ISIC_0025999,nv,follow_up,50.0,female,foot,0
HAM_0005288,ISIC_0026354,nv,follow_up,60.0,male,trunk,0
HAM_0005290,ISIC_0026703,nv,follow_up,65.0,male,trunk,0
HAM_0005292,ISIC_0030974,nv,follow_up,45.0,female,lower extremity,0
HAM_0005294,ISIC_0027055,nv,follow_up,40.0,female,lower extremity,0
HAM_0005296,ISIC_0029484,nv,follow_up,50.0,male,back,0
HAM_0005298,ISIC_0029662,nv,histo,50.0,female,foot,0
HAM_0005298,ISIC_0030582,nv,histo,50.0,female,foot,0
HAM_0005300,ISIC_0033625,nv,histo,35.0,female,lower extremity,0
HAM_0005300,ISIC_0033755,nv,histo,35.0,female,lower extremity,0
HAM_0005300,ISIC_0033767,nv,histo,35.0,female,lower extremity,0
HAM_0005303,ISIC_0032522,mel,histo,70.0,male,scalp,1
HAM_0005303,ISIC_0032782,mel,histo,70.0,male,scalp,1
HAM_0005303,ISIC_0033240,mel,histo,70.0,male,scalp,1
HAM_0005305,ISIC_0028771,nv,follow_up,80.0,male,trunk,0
HAM_0005306,ISIC_0027056,nv,follow_up,60.0,male,back,0
HAM_0005307,ISIC_0027765,nv,follow_up,40.0,female,trunk,0
HAM_0005308,ISIC_0032828,nv,consensus,20.0,male,back,0
HAM_0005311,ISIC_0025556,nv,follow_up,50.0,female,abdomen,0
HAM_0005312,ISIC_0034033,nv,histo,20.0,female,back,0
HAM_0005312,ISIC_0034231,nv,histo,20.0,female,back,0
HAM_0005314,ISIC_0030693,nv,consensus,40.0,male,neck,0
HAM_0005315,ISIC_0029319,mel,histo,85.0,male,back,1
HAM_0005315,ISIC_0032219,mel,histo,85.0,male,back,1
HAM_0005316,ISIC_0033139,nv,consensus,35.0,male,unknown,0
HAM_0005316,ISIC_0033907,nv,consensus,35.0,male,unknown,0
HAM_0005317,ISIC_0030415,nv,follow_up,50.0,female,abdomen,0
HAM_0005318,ISIC_0026347,nv,histo,75.0,male,back,0
HAM_0005318,ISIC_0029812,nv,histo,75.0,male,back,0
HAM_0005320,ISIC_0025356,nv,follow_up,35.0,female,back,0
HAM_0005321,ISIC_0031816,nv,follow_up,35.0,female,trunk,0
HAM_0005322,ISIC_0030068,nv,follow_up,45.0,male,trunk,0
HAM_0005323,ISIC_0027456,nv,follow_up,35.0,female,trunk,0
HAM_0005326,ISIC_0026145,nv,follow_up,45.0,female,trunk,0
HAM_0005327,ISIC_0031703,nv,histo,30.0,female,abdomen,0
HAM_0005328,ISIC_0028969,mel,histo,75.0,male,abdomen,1
HAM_0005328,ISIC_0032441,mel,histo,75.0,male,abdomen,1
HAM_0005329,ISIC_0028686,nv,histo,45.0,female,chest,0
HAM_0005332,ISIC_0027389,nv,follow_up,45.0,female,abdomen,0
HAM_0005336,ISIC_0033154,mel,histo,30.0,male,trunk,1
HAM_0005336,ISIC_0033192,mel,histo,30.0,male,trunk,1
HAM_0005337,ISIC_0025098,nv,follow_up,55.0,male,trunk,0
HAM_0005339,ISIC_0025428,nv,histo,35.0,male,back,0
HAM_0005339,ISIC_0031618,nv,histo,35.0,male,back,0
HAM_0005340,ISIC_0031830,nv,follow_up,55.0,female,abdomen,0
HAM_0005341,ISIC_0031882,nv,follow_up,60.0,male,trunk,0
HAM_0005342,ISIC_0028401,nv,histo,35.0,female,unknown,0
HAM_0005342,ISIC_0030371,nv,histo,35.0,female,unknown,0
HAM_0005343,ISIC_0027380,nv,follow_up,65.0,female,foot,0
HAM_0005344,ISIC_0029383,nv,follow_up,45.0,male,upper extremity,0
HAM_0005347,ISIC_0025653,nv,consensus,55.0,female,chest,0
HAM_0005347,ISIC_0027265,nv,consensus,55.0,female,chest,0
HAM_0005349,ISIC_0027375,nv,follow_up,45.0,male,abdomen,0
HAM_0005350,ISIC_0032054,nv,follow_up,35.0,female,upper extremity,0
HAM_0005352,ISIC_0027100,mel,histo,75.0,male,face,1
HAM_0005353,ISIC_0032923,nv,consensus,30.0,male,back,0
HAM_0005353,ISIC_0033842,nv,consensus,30.0,male,back,0
HAM_0005355,ISIC_0031731,nv,follow_up,35.0,female,lower extremity,0
HAM_0005360,ISIC_0027264,nv,histo,50.0,female,upper extremity,0
HAM_0005360,ISIC_0028413,nv,histo,50.0,female,upper extremity,0
HAM_0005363,ISIC_0032717,nv,histo,60.0,male,trunk,0
HAM_0005363,ISIC_0033652,nv,histo,60.0,male,trunk,0
HAM_0005363,ISIC_0033944,nv,histo,60.0,male,trunk,0
HAM_0005364,ISIC_0032525,nv,histo,40.0,male,back,0
HAM_0005364,ISIC_0033035,nv,histo,40.0,male,back,0
HAM_0005364,ISIC_0033231,nv,histo,40.0,male,back,0
HAM_0005366,ISIC_0026211,nv,follow_up,50.0,male,abdomen,0
HAM_0005367,ISIC_0029743,nv,follow_up,45.0,male,trunk,0
HAM_0005368,ISIC_0032722,mel,histo,45.0,male,chest,1
HAM_0005368,ISIC_0033074,mel,histo,45.0,male,chest,1
HAM_0005368,ISIC_0034087,mel,histo,45.0,male,chest,1
HAM_0005369,ISIC_0026799,nv,follow_up,45.0,male,trunk,0
HAM_0005370,ISIC_0025923,nv,follow_up,50.0,male,lower extremity,0
HAM_0005372,ISIC_0030476,nv,follow_up,55.0,female,unknown,0
HAM_0005373,ISIC_0030718,nv,follow_up,45.0,female,trunk,0
HAM_0005374,ISIC_0032871,nv,histo,60.0,female,upper extremity,0
HAM_0005374,ISIC_0033327,nv,histo,60.0,female,upper extremity,0
HAM_0005374,ISIC_0034079,nv,histo,60.0,female,upper extremity,0
HAM_0005381,ISIC_0025153,mel,histo,45.0,female,lower extremity,1
HAM_0005381,ISIC_0031598,mel,histo,45.0,female,lower extremity,1
HAM_0005391,ISIC_0030633,nv,follow_up,45.0,male,back,0
HAM_0005393,ISIC_0025506,nv,histo,35.0,female,lower extremity,0
HAM_0005395,ISIC_0027471,nv,histo,75.0,female,lower extremity,0
HAM_0005395,ISIC_0028557,nv,histo,75.0,female,lower extremity,0
HAM_0005398,ISIC_0028374,nv,follow_up,45.0,female,lower extremity,0
HAM_0005400,ISIC_0029363,mel,histo,80.0,male,back,1
HAM_0005401,ISIC_0029998,nv,follow_up,75.0,male,abdomen,0
HAM_0005402,ISIC_0031695,nv,follow_up,45.0,female,upper extremity,0
HAM_0005403,ISIC_0026086,mel,histo,55.0,male,upper extremity,1
HAM_0005406,ISIC_0027807,nv,follow_up,45.0,female,upper extremity,0
HAM_0005407,ISIC_0028090,nv,follow_up,55.0,male,lower extremity,0
HAM_0005408,ISIC_0031613,nv,histo,65.0,female,lower extremity,0
HAM_0005409,ISIC_0032531,mel,histo,45.0,male,back,1
HAM_0005409,ISIC_0032970,mel,histo,45.0,male,back,1
HAM_0005412,ISIC_0030548,nv,follow_up,45.0,male,abdomen,0
HAM_0005414,ISIC_0027054,nv,follow_up,40.0,female,trunk,0
HAM_0005416,ISIC_0029136,nv,follow_up,55.0,male,upper extremity,0
HAM_0005422,ISIC_0030554,nv,follow_up,65.0,female,lower extremity,0
HAM_0005424,ISIC_0025052,nv,follow_up,45.0,female,lower extremity,0
HAM_0005425,ISIC_0029698,mel,histo,70.0,female,lower extremity,1
HAM_0005426,ISIC_0028902,nv,follow_up,40.0,female,lower extremity,0
HAM_0005429,ISIC_0028261,nv,histo,60.0,female,upper extremity,0
HAM_0005429,ISIC_0029452,nv,histo,60.0,female,upper extremity,0
HAM_0005430,ISIC_0024990,nv,follow_up,60.0,female,trunk,0
HAM_0005431,ISIC_0026413,nv,follow_up,65.0,male,lower extremity,0
HAM_0005432,ISIC_0031902,nv,follow_up,45.0,male,abdomen,0
HAM_0005433,ISIC_0033298,nv,histo,55.0,female,trunk,0
HAM_0005433,ISIC_0033906,nv,histo,55.0,female,trunk,0
HAM_0005433,ISIC_0034210,nv,histo,55.0,female,trunk,0
HAM_0005437,ISIC_0030029,nv,follow_up,45.0,male,foot,0
HAM_0005439,ISIC_0033597,nv,consensus,,unknown,unknown,0
HAM_0005441,ISIC_0031804,nv,follow_up,55.0,male,back,0
HAM_0005445,ISIC_0027695,nv,follow_up,40.0,female,trunk,0
HAM_0005446,ISIC_0031868,nv,follow_up,55.0,male,abdomen,0
HAM_0005449,ISIC_0030102,nv,follow_up,55.0,male,trunk,0
HAM_0005450,ISIC_0029286,nv,histo,40.0,female,lower extremity,0
HAM_0005450,ISIC_0030176,nv,histo,40.0,female,lower extremity,0
HAM_0005451,ISIC_0029643,nv,follow_up,35.0,female,lower extremity,0
HAM_0005453,ISIC_0027022,nv,follow_up,50.0,male,lower extremity,0
HAM_0005454,ISIC_0029184,nv,follow_up,45.0,female,trunk,0
HAM_0005455,ISIC_0029416,nv,follow_up,40.0,female,back,0
HAM_0005456,ISIC_0026960,nv,follow_up,55.0,male,trunk,0
HAM_0005457,ISIC_0025039,nv,histo,75.0,male,back,0
HAM_0005458,ISIC_0030584,nv,follow_up,55.0,female,lower extremity,0
HAM_0005460,ISIC_0028199,nv,follow_up,50.0,female,lower extremity,0
HAM_0005461,ISIC_0027699,nv,follow_up,65.0,female,lower extremity,0
HAM_0005466,ISIC_0024721,nv,histo,35.0,male,chest,0
HAM_0005467,ISIC_0024640,mel,histo,55.0,female,back,1
HAM_0005468,ISIC_0029785,nv,follow_up,70.0,male,abdomen,0
HAM_0005470,ISIC_0028286,nv,follow_up,30.0,female,trunk,0
HAM_0005474,ISIC_0031398,nv,follow_up,45.0,female,lower extremity,0
HAM_0005477,ISIC_0029552,nv,follow_up,75.0,male,lower extremity,0
HAM_0005481,ISIC_0025955,mel,histo,45.0,male,lower extremity,1
HAM_0005481,ISIC_0029000,mel,histo,45.0,male,lower extremity,1
HAM_0005481,ISIC_0030356,mel,histo,45.0,male,lower extremity,1
HAM_0005485,ISIC_0029635,nv,follow_up,40.0,male,foot,0
HAM_0005486,ISIC_0024565,nv,follow_up,45.0,male,lower extremity,0
HAM_0005489,ISIC_0033851,nv,histo,60.0,male,trunk,0
HAM_0005491,ISIC_0032083,nv,follow_up,55.0,female,trunk,0
HAM_0005493,ISIC_0028535,nv,follow_up,40.0,female,back,0
HAM_0005495,ISIC_0028775,nv,follow_up,50.0,male,trunk,0
HAM_0005497,ISIC_0029506,nv,follow_up,60.0,male,abdomen,0
HAM_0005500,ISIC_0033636,mel,histo,75.0,male,trunk,1
HAM_0005502,ISIC_0029605,nv,follow_up,55.0,female,lower extremity,0
HAM_0005503,ISIC_0029692,nv,follow_up,50.0,female,back,0
HAM_0005504,ISIC_0027480,mel,histo,55.0,female,foot,1
HAM_0005504,ISIC_0032433,mel,histo,55.0,female,foot,1
HAM_0005507,ISIC_0029159,nv,follow_up,35.0,male,trunk,0
HAM_0005511,ISIC_0031807,nv,follow_up,40.0,female,trunk,0
HAM_0005512,ISIC_0025194,nv,follow_up,35.0,female,abdomen,0
HAM_0005513,ISIC_0033214,nv,histo,5.0,female,back,0
HAM_0005513,ISIC_0033229,nv,histo,5.0,female,back,0
HAM_0005513,ISIC_0033255,nv,histo,5.0,female,back,0
HAM_0005515,ISIC_0031020,nv,follow_up,50.0,female,back,0
HAM_0005517,ISIC_0028561,nv,follow_up,50.0,male,abdomen,0
HAM_0005520,ISIC_0031255,nv,follow_up,65.0,male,back,0
HAM_0005521,ISIC_0031963,nv,follow_up,65.0,male,lower extremity,0
HAM_0005523,ISIC_0027087,nv,histo,25.0,male,lower extremity,0
HAM_0005525,ISIC_0026162,nv,follow_up,40.0,male,abdomen,0
HAM_0005528,ISIC_0028391,nv,follow_up,55.0,female,lower extremity,0
HAM_0005531,ISIC_0024577,nv,consensus,45.0,male,lower extremity,0
HAM_0005531,ISIC_0028477,nv,consensus,45.0,male,lower extremity,0
HAM_0005534,ISIC_0032075,nv,follow_up,50.0,male,back,0
HAM_0005535,ISIC_0025391,mel,histo,55.0,male,back,1
HAM_0005535,ISIC_0029632,mel,histo,55.0,male,back,1
HAM_0005537,ISIC_0024657,nv,histo,60.0,male,back,0
HAM_0005537,ISIC_0028643,nv,histo,60.0,male,back,0
HAM_0005538,ISIC_0028246,nv,follow_up,45.0,male,abdomen,0
HAM_0005540,ISIC_0024525,mel,histo,65.0,male,upper extremity,1
HAM_0005543,ISIC_0024444,nv,follow_up,55.0,female,lower extremity,0
HAM_0005544,ISIC_0027791,nv,follow_up,55.0,male,lower extremity,0
HAM_0005545,ISIC_0033881,mel,histo,40.0,female,face,1
HAM_0005545,ISIC_0033947,mel,histo,40.0,female,face,1
HAM_0005548,ISIC_0027632,nv,follow_up,50.0,male,abdomen,0
HAM_0005549,ISIC_0028802,nv,follow_up,50.0,female,trunk,0
HAM_0005552,ISIC_0025723,nv,follow_up,35.0,male,back,0
HAM_0005554,ISIC_0027521,nv,follow_up,55.0,male,abdomen,0
HAM_0005556,ISIC_0028383,nv,follow_up,50.0,male,back,0
HAM_0005557,ISIC_0028215,mel,histo,75.0,female,lower extremity,1
HAM_0005557,ISIC_0030119,mel,histo,75.0,female,lower extremity,1
HAM_0005561,ISIC_0028961,nv,histo,30.0,female,abdomen,0
HAM_0005561,ISIC_0031080,nv,histo,30.0,female,abdomen,0
HAM_0005562,ISIC_0025901,nv,follow_up,55.0,female,lower extremity,0
HAM_0005563,ISIC_0029784,nv,follow_up,50.0,male,abdomen,0
HAM_0005564,ISIC_0026320,nv,follow_up,45.0,female,abdomen,0
HAM_0005565,ISIC_0027384,nv,follow_up,60.0,male,upper extremity,0
HAM_0005567,ISIC_0028485,nv,follow_up,40.0,male,upper extremity,0
HAM_0005568,ISIC_0032047,nv,histo,50.0,female,unknown,0
HAM_0005569,ISIC_0027932,nv,follow_up,55.0,male,lower extremity,0
HAM_0005571,ISIC_0032803,nv,histo,35.0,male,neck,0
HAM_0005571,ISIC_0032825,nv,histo,35.0,male,neck,0
HAM_0005571,ISIC_0033648,nv,histo,35.0,male,neck,0
HAM_0005573,ISIC_0033382,nv,histo,45.0,female,trunk,0
HAM_0005573,ISIC_0033411,nv,histo,45.0,female,trunk,0
HAM_0005573,ISIC_0034096,nv,histo,45.0,female,trunk,0
HAM_0005574,ISIC_0027823,nv,follow_up,35.0,female,trunk,0
HAM_0005576,ISIC_0026479,nv,follow_up,50.0,female,lower extremity,0
HAM_0005577,ISIC_0028320,nv,follow_up,40.0,male,trunk,0
HAM_0005578,ISIC_0032496,nv,histo,25.0,male,back,0
HAM_0005581,ISIC_0033337,mel,histo,50.0,male,back,1
HAM_0005581,ISIC_0033594,mel,histo,50.0,male,back,1
HAM_0005583,ISIC_0025574,nv,follow_up,50.0,male,abdomen,0
HAM_0005586,ISIC_0024415,nv,follow_up,45.0,female,back,0
HAM_0005589,ISIC_0026224,nv,follow_up,45.0,male,foot,0
HAM_0005592,ISIC_0026077,nv,follow_up,50.0,male,foot,0
HAM_0005593,ISIC_0029658,nv,follow_up,45.0,male,back,0
HAM_0005594,ISIC_0033703,nv,histo,40.0,female,neck,0
HAM_0005594,ISIC_0034245,nv,histo,40.0,female,neck,0
HAM_0005595,ISIC_0029180,nv,follow_up,70.0,male,trunk,0
HAM_0005598,ISIC_0029023,nv,follow_up,45.0,male,abdomen,0
HAM_0005600,ISIC_0025520,mel,histo,65.0,male,back,1
HAM_0005602,ISIC_0027532,nv,follow_up,30.0,male,trunk,0
HAM_0005608,ISIC_0032685,mel,histo,75.0,male,back,1
HAM_0005608,ISIC_0032903,mel,histo,75.0,male,back,1
HAM_0005608,ISIC_0033323,mel,histo,75.0,male,back,1
HAM_0005611,ISIC_0025850,nv,histo,35.0,female,lower extremity,0
HAM_0005611,ISIC_0029187,nv,histo,35.0,female,lower extremity,0
HAM_0005613,ISIC_0030564,mel,histo,45.0,male,face,1
HAM_0005614,ISIC_0030397,nv,histo,35.0,female,trunk,0
HAM_0005615,ISIC_0031067,nv,follow_up,45.0,female,trunk,0
HAM_0005620,ISIC_0024963,nv,histo,35.0,male,ear,0
HAM_0005622,ISIC_0030213,nv,follow_up,45.0,male,lower extremity,0
HAM_0005623,ISIC_0030616,mel,histo,80.0,female,upper extremity,1
HAM_0005624,ISIC_0028565,mel,histo,55.0,female,upper extremity,1
HAM_0005624,ISIC_0030760,mel,histo,55.0,female,upper extremity,1
HAM_0005625,ISIC_0031623,nv,histo,35.0,female,back,0
HAM_0005627,ISIC_0033568,mel,histo,45.0,male,back,1
HAM_0005627,ISIC_0033607,mel,histo,45.0,male,back,1
HAM_0005628,ISIC_0032940,mel,histo,70.0,male,scalp,1
HAM_0005630,ISIC_0025864,nv,follow_up,45.0,female,lower extremity,0
HAM_0005633,ISIC_0029218,nv,follow_up,70.0,female,upper extremity,0
HAM_0005634,ISIC_0025944,nv,follow_up,40.0,male,lower extremity,0
HAM_0005635,ISIC_0024878,nv,follow_up,80.0,male,trunk,0
HAM_0005636,ISIC_0032984,mel,histo,70.0,male,back,1
HAM_0005636,ISIC_0034140,mel,histo,70.0,male,back,1
HAM_0005636,ISIC_0034256,mel,histo,70.0,male,back,1
HAM_0005637,ISIC_0028078,nv,follow_up,40.0,female,trunk,0
HAM_0005638,ISIC_0030201,nv,follow_up,50.0,female,lower extremity,0
HAM_0005639,ISIC_0030657,nv,follow_up,45.0,female,trunk,0
HAM_0005640,ISIC_0030382,mel,histo,60.0,male,neck,1
HAM_0005642,ISIC_0027659,mel,histo,70.0,male,back,1
HAM_0005642,ISIC_0030223,mel,histo,70.0,male,back,1
HAM_0005643,ISIC_0032015,nv,histo,50.0,female,back,0
HAM_0005644,ISIC_0027899,nv,follow_up,45.0,male,back,0
HAM_0005646,ISIC_0029753,nv,follow_up,55.0,female,upper extremity,0
HAM_0005651,ISIC_0028863,nv,histo,45.0,male,back,0
HAM_0005651,ISIC_0030126,nv,histo,45.0,male,back,0
HAM_0005653,ISIC_0027701,nv,follow_up,45.0,female,upper extremity,0
HAM_0005654,ISIC_0032039,nv,follow_up,45.0,male,trunk,0
HAM_0005655,ISIC_0029618,nv,follow_up,35.0,male,trunk,0
HAM_0005659,ISIC_0028896,nv,follow_up,35.0,male,lower extremity,0
HAM_0005666,ISIC_0025171,nv,histo,30.0,female,hand,0
HAM_0005666,ISIC_0028355,nv,histo,30.0,female,hand,0
HAM_0005670,ISIC_0028648,nv,histo,20.0,female,upper extremity,0
HAM_0005670,ISIC_0030253,nv,histo,20.0,female,upper extremity,0
HAM_0005673,ISIC_0033487,mel,histo,60.0,male,back,1
HAM_0005673,ISIC_0033995,mel,histo,60.0,male,back,1
HAM_0005675,ISIC_0030814,nv,follow_up,45.0,female,lower extremity,0
HAM_0005676,ISIC_0024357,nv,follow_up,45.0,female,trunk,0
HAM_0005678,ISIC_0028086,mel,histo,60.0,male,chest,1
HAM_0005678,ISIC_0031023,mel,histo,60.0,male,chest,1
HAM_0005680,ISIC_0027177,nv,follow_up,25.0,male,trunk,0
HAM_0005681,ISIC_0027234,mel,histo,65.0,male,upper extremity,1
HAM_0005682,ISIC_0028770,nv,follow_up,50.0,female,lower extremity,0
HAM_0005683,ISIC_0025416,nv,follow_up,50.0,female,trunk,0
HAM_0005685,ISIC_0031490,nv,follow_up,55.0,female,unknown,0
HAM_0005686,ISIC_0033112,nv,histo,25.0,male,back,0
HAM_0005686,ISIC_0033745,nv,histo,25.0,male,back,0
HAM_0005687,ISIC_0027880,nv,follow_up,65.0,male,upper extremity,0
HAM_0005688,ISIC_0027186,nv,follow_up,45.0,female,trunk,0
HAM_0005689,ISIC_0028066,nv,consensus,20.0,male,back,0
HAM_0005689,ISIC_0034229,nv,consensus,20.0,male,back,0
HAM_0005690,ISIC_0025487,nv,follow_up,50.0,female,lower extremity,0
HAM_0005691,ISIC_0032457,nv,follow_up,35.0,female,lower extremity,0
HAM_0005692,ISIC_0031931,mel,histo,70.0,female,face,1
HAM_0005695,ISIC_0030198,nv,histo,45.0,female,foot,0
HAM_0005696,ISIC_0025499,nv,consensus,30.0,male,back,0
HAM_0005696,ISIC_0028014,nv,consensus,30.0,male,back,0
HAM_0005698,ISIC_0028907,nv,follow_up,40.0,female,abdomen,0
HAM_0005699,ISIC_0028547,nv,follow_up,60.0,male,back,0
HAM_0005700,ISIC_0031904,nv,histo,45.0,female,abdomen,0
HAM_0005703,ISIC_0030519,nv,follow_up,55.0,male,upper extremity,0
HAM_0005706,ISIC_0027205,nv,follow_up,40.0,female,lower extremity,0
HAM_0005707,ISIC_0029821,nv,follow_up,50.0,male,abdomen,0
HAM_0005709,ISIC_0028569,nv,follow_up,70.0,male,lower extremity,0
HAM_0005711,ISIC_0032638,mel,histo,35.0,male,back,1
HAM_0005711,ISIC_0033779,mel,histo,35.0,male,back,1
HAM_0005711,ISIC_0033911,mel,histo,35.0,male,back,1
HAM_0005712,ISIC_0025101,nv,consensus,5.0,female,foot,0
HAM_0005712,ISIC_0026451,nv,consensus,5.0,female,foot,0
HAM_0005712,ISIC_0029970,nv,consensus,5.0,female,foot,0
HAM_0005712,ISIC_0032385,nv,consensus,5.0,female,foot,0
HAM_0005715,ISIC_0032519,nv,histo,65.0,male,back,0
HAM_0005715,ISIC_0034090,nv,histo,65.0,male,back,0
HAM_0005716,ISIC_0031841,nv,follow_up,50.0,male,back,0
HAM_0005717,ISIC_0032658,nv,consensus,30.0,male,back,0
HAM_0005719,ISIC_0029453,mel,histo,40.0,female,upper extremity,1
HAM_0005719,ISIC_0029562,mel,histo,40.0,female,upper extremity,1
HAM_0005720,ISIC_0027714,nv,consensus,50.0,female,back,0
HAM_0005720,ISIC_0030585,nv,consensus,50.0,female,back,0
HAM_0005724,ISIC_0024805,mel,histo,75.0,male,upper extremity,1
HAM_0005724,ISIC_0030032,mel,histo,75.0,male,upper extremity,1
HAM_0005725,ISIC_0027634,nv,follow_up,60.0,female,abdomen,0
HAM_0005726,ISIC_0026898,nv,follow_up,75.0,male,lower extremity,0
HAM_0005729,ISIC_0030113,nv,follow_up,40.0,male,back,0
HAM_0005730,ISIC_0028923,nv,histo,65.0,male,chest,0
HAM_0005730,ISIC_0031710,nv,histo,65.0,male,chest,0
HAM_0005733,ISIC_0030434,nv,histo,25.0,female,back,0
HAM_0005734,ISIC_0025048,nv,follow_up,50.0,male,trunk,0
HAM_0005735,ISIC_0025543,mel,histo,85.0,female,face,1
HAM_0005737,ISIC_0033885,mel,histo,60.0,female,lower extremity,1
HAM_0005738,ISIC_0027683,nv,follow_up,55.0,female,trunk,0
HAM_0005739,ISIC_0029763,nv,follow_up,35.0,male,lower extremity,0
HAM_0005741,ISIC_0027222,nv,follow_up,40.0,male,trunk,0
HAM_0005744,ISIC_0025880,nv,follow_up,50.0,male,abdomen,0
HAM_0005745,ISIC_0028447,nv,histo,45.0,male,abdomen,0
HAM_0005745,ISIC_0030873,nv,histo,45.0,male,abdomen,0
HAM_0005746,ISIC_0030002,mel,histo,65.0,male,back,1
HAM_0005746,ISIC_0030083,mel,histo,65.0,male,back,1
HAM_0005752,ISIC_0028317,mel,histo,65.0,female,face,1
HAM_0005752,ISIC_0031013,mel,histo,65.0,female,face,1
HAM_0005754,ISIC_0029684,nv,follow_up,35.0,male,trunk,0
HAM_0005755,ISIC_0024566,nv,histo,50.0,male,face,0
HAM_0005755,ISIC_0025112,nv,histo,50.0,male,face,0
HAM_0005755,ISIC_0026226,nv,histo,50.0,male,face,0
HAM_0005755,ISIC_0028174,nv,histo,50.0,male,face,0
HAM_0005756,ISIC_0030090,nv,follow_up,45.0,male,trunk,0
HAM_0005759,ISIC_0033263,nv,histo,50.0,female,back,0
HAM_0005759,ISIC_0033815,nv,histo,50.0,female,back,0
HAM_0005759,ISIC_0034194,nv,histo,50.0,female,back,0
HAM_0005760,ISIC_0032621,nv,histo,45.0,female,lower extremity,0
HAM_0005760,ISIC_0033328,nv,histo,45.0,female,lower extremity,0
HAM_0005761,ISIC_0029493,nv,histo,30.0,male,lower extremity,0
HAM_0005762,ISIC_0025179,nv,histo,65.0,female,lower extremity,0
HAM_0005762,ISIC_0026216,nv,histo,65.0,female,lower extremity,0
HAM_0005762,ISIC_0026297,nv,histo,65.0,female,lower extremity,0
HAM_0005765,ISIC_0028031,nv,follow_up,45.0,male,lower extremity,0
HAM_0005768,ISIC_0029330,nv,follow_up,50.0,female,back,0
HAM_0005769,ISIC_0028472,nv,histo,60.0,male,abdomen,0
HAM_0005770,ISIC_0026052,nv,histo,15.0,female,back,0
HAM_0005771,ISIC_0030799,nv,follow_up,50.0,female,trunk,0
HAM_0005773,ISIC_0031096,nv,follow_up,45.0,female,lower extremity,0
HAM_0005774,ISIC_0031137,nv,follow_up,50.0,female,lower extremity,0
HAM_0005775,ISIC_0027725,nv,follow_up,45.0,male,abdomen,0
HAM_0005778,ISIC_0028001,nv,follow_up,50.0,male,back,0
HAM_0005780,ISIC_0024625,nv,follow_up,40.0,female,trunk,0
HAM_0005782,ISIC_0026906,nv,follow_up,55.0,female,abdomen,0
HAM_0005783,ISIC_0029271,mel,histo,60.0,female,upper extremity,1
HAM_0005784,ISIC_0030679,nv,follow_up,65.0,female,trunk,0
HAM_0005785,ISIC_0026236,mel,histo,70.0,male,upper extremity,1
HAM_0005785,ISIC_0028489,mel,histo,70.0,male,upper extremity,1
HAM_0005786,ISIC_0026491,nv,histo,50.0,female,upper extremity,0
HAM_0005788,ISIC_0031828,nv,follow_up,55.0,female,trunk,0
HAM_0005789,ISIC_0028033,mel,histo,55.0,male,chest,1
HAM_0005789,ISIC_0032095,mel,histo,55.0,male,chest,1
HAM_0005789,ISIC_0032204,mel,histo,55.0,male,chest,1
HAM_0005792,ISIC_0031966,nv,follow_up,45.0,female,lower extremity,0
HAM_0005793,ISIC_0024629,nv,follow_up,65.0,male,trunk,0
HAM_0005794,ISIC_0027574,nv,histo,30.0,female,upper extremity,0
HAM_0005794,ISIC_0030058,nv,histo,30.0,female,upper extremity,0
HAM_0005795,ISIC_0030296,nv,histo,60.0,male,back,0
HAM_0005796,ISIC_0030078,nv,follow_up,50.0,female,upper extremity,0
HAM_0005797,ISIC_0027220,nv,follow_up,60.0,male,abdomen,0
HAM_0005799,ISIC_0025827,nv,follow_up,50.0,male,abdomen,0
HAM_0005800,ISIC_0028864,nv,follow_up,40.0,female,upper extremity,0
HAM_0005802,ISIC_0031173,nv,follow_up,5.0,male,lower extremity,0
HAM_0005803,ISIC_0028717,nv,follow_up,55.0,male,abdomen,0
HAM_0005805,ISIC_0027505,nv,histo,20.0,female,chest,0
HAM_0005807,ISIC_0026508,nv,follow_up,60.0,male,lower extremity,0
HAM_0005809,ISIC_0033368,mel,histo,40.0,female,chest,1
HAM_0005809,ISIC_0034107,mel,histo,40.0,female,chest,1
HAM_0005810,ISIC_0030469,nv,follow_up,45.0,female,back,0
HAM_0005812,ISIC_0031250,nv,follow_up,45.0,male,lower extremity,0
HAM_0005814,ISIC_0032701,nv,histo,35.0,female,back,0
HAM_0005814,ISIC_0033110,nv,histo,35.0,female,back,0
HAM_0005816,ISIC_0027257,nv,follow_up,50.0,female,trunk,0
HAM_0005817,ISIC_0028384,nv,consensus,0.0,male,upper extremity,0
HAM_0005817,ISIC_0030155,nv,consensus,0.0,male,upper extremity,0
HAM_0005818,ISIC_0032427,nv,histo,50.0,male,back,0
HAM_0005820,ISIC_0033265,nv,histo,35.0,female,back,0
HAM_0005820,ISIC_0033342,nv,histo,35.0,female,back,0
HAM_0005820,ISIC_0033904,nv,histo,35.0,female,back,0
HAM_0005822,ISIC_0029054,nv,histo,45.0,male,upper extremity,0
HAM_0005823,ISIC_0024872,nv,follow_up,55.0,male,upper extremity,0
HAM_0005824,ISIC_0029873,nv,follow_up,45.0,male,upper extremity,0
HAM_0005825,ISIC_0027304,nv,follow_up,50.0,female,lower extremity,0
HAM_0005826,ISIC_0031077,mel,histo,65.0,female,trunk,1
HAM_0005827,ISIC_0026119,nv,follow_up,60.0,female,abdomen,0
HAM_0005829,ISIC_0030091,nv,consensus,50.0,female,scalp,0
HAM_0005829,ISIC_0030589,nv,consensus,50.0,female,scalp,0
HAM_0005831,ISIC_0026418,nv,follow_up,50.0,female,trunk,0
HAM_0005832,ISIC_0027286,nv,follow_up,75.0,male,abdomen,0
HAM_0005833,ISIC_0030431,nv,follow_up,35.0,female,foot,0
HAM_0005838,ISIC_0030888,nv,follow_up,45.0,female,abdomen,0
HAM_0005839,ISIC_0027366,nv,follow_up,45.0,male,back,0
HAM_0005841,ISIC_0027804,nv,follow_up,50.0,female,trunk,0
HAM_0005843,ISIC_0024820,nv,follow_up,50.0,female,trunk,0
HAM_0005844,ISIC_0027918,nv,follow_up,45.0,male,foot,0
HAM_0005846,ISIC_0024459,mel,histo,80.0,male,back,1
HAM_0005849,ISIC_0028647,nv,follow_up,40.0,female,lower extremity,0
HAM_0005850,ISIC_0026708,nv,follow_up,50.0,female,back,0
HAM_0005851,ISIC_0029804,nv,follow_up,35.0,female,back,0
HAM_0005853,ISIC_0029569,nv,follow_up,55.0,male,lower extremity,0
HAM_0005854,ISIC_0025926,nv,histo,60.0,female,back,0
HAM_0005857,ISIC_0030132,nv,follow_up,60.0,male,trunk,0
HAM_0005858,ISIC_0028879,nv,follow_up,55.0,male,back,0
HAM_0005859,ISIC_0025367,nv,histo,35.0,female,trunk,0
HAM_0005859,ISIC_0030829,nv,histo,35.0,female,trunk,0
HAM_0005860,ISIC_0024641,nv,follow_up,45.0,male,lower extremity,0
HAM_0005864,ISIC_0025054,nv,follow_up,75.0,male,trunk,0
HAM_0005866,ISIC_0029422,nv,histo,75.0,male,back,0
HAM_0005867,ISIC_0032387,nv,follow_up,65.0,female,trunk,0
HAM_0005872,ISIC_0030518,nv,follow_up,65.0,female,lower extremity,0
HAM_0005873,ISIC_0031612,nv,histo,45.0,male,back,0
HAM_0005875,ISIC_0032250,nv,follow_up,45.0,male,back,0
HAM_0005876,ISIC_0026980,nv,follow_up,60.0,male,foot,0
HAM_0005879,ISIC_0025262,nv,histo,80.0,male,lower extremity,0
HAM_0005879,ISIC_0026084,nv,histo,80.0,male,lower extremity,0
HAM_0005881,ISIC_0030967,nv,histo,60.0,female,foot,0
HAM_0005882,ISIC_0025666,nv,follow_up,50.0,male,upper extremity,0
HAM_0005884,ISIC_0027469,nv,histo,30.0,male,back,0
HAM_0005886,ISIC_0029982,nv,histo,50.0,female,upper extremity,0
HAM_0005886,ISIC_0031622,nv,histo,50.0,female,upper extremity,0
HAM_0005888,ISIC_0032355,nv,histo,65.0,female,trunk,0
HAM_0005893,ISIC_0032833,mel,histo,55.0,male,trunk,1
HAM_0005893,ISIC_0033432,mel,histo,55.0,male,trunk,1
HAM_0005893,ISIC_0034236,mel,histo,55.0,male,trunk,1
HAM_0005894,ISIC_0025579,nv,histo,45.0,female,back,0
HAM_0005897,ISIC_0027511,nv,follow_up,50.0,male,lower extremity,0
HAM_0005899,ISIC_0031767,nv,follow_up,60.0,male,lower extremity,0
HAM_0005900,ISIC_0028726,nv,follow_up,40.0,male,back,0
HAM_0005902,ISIC_0027285,nv,histo,40.0,female,foot,0
HAM_0005904,ISIC_0024956,nv,follow_up,60.0,male,trunk,0
HAM_0005906,ISIC_0025609,nv,follow_up,40.0,male,trunk,0
HAM_0005908,ISIC_0029150,nv,follow_up,50.0,female,trunk,0
HAM_0005911,ISIC_0028127,mel,histo,70.0,female,back,1
HAM_0005911,ISIC_0030165,mel,histo,70.0,female,back,1
HAM_0005912,ISIC_0027028,nv,follow_up,40.0,male,abdomen,0
HAM_0005914,ISIC_0028785,nv,consensus,30.0,female,lower extremity,0
HAM_0005914,ISIC_0028884,nv,consensus,30.0,female,lower extremity,0
HAM_0005919,ISIC_0030503,nv,follow_up,60.0,male,abdomen,0
HAM_0005923,ISIC_0031419,nv,follow_up,55.0,female,lower extremity,0
HAM_0005927,ISIC_0028173,mel,histo,45.0,male,back,1
HAM_0005929,ISIC_0026638,nv,follow_up,50.0,female,lower extremity,0
HAM_0005936,ISIC_0024921,nv,follow_up,60.0,male,trunk,0
HAM_0005940,ISIC_0026331,nv,follow_up,45.0,male,trunk,0
HAM_0005941,ISIC_0029295,nv,follow_up,40.0,male,abdomen,0
HAM_0005942,ISIC_0032529,nv,histo,60.0,unknown,foot,0
HAM_0005942,ISIC_0032679,nv,histo,60.0,unknown,foot,0
HAM_0005942,ISIC_0033119,nv,histo,60.0,unknown,foot,0
HAM_0005943,ISIC_0032033,nv,follow_up,50.0,female,trunk,0
HAM_0005945,ISIC_0032053,nv,follow_up,50.0,male,lower extremity,0
HAM_0005946,ISIC_0026368,nv,follow_up,55.0,male,genital,0
HAM_0005948,ISIC_0029761,nv,follow_up,20.0,male,lower extremity,0
HAM_0005949,ISIC_0027148,nv,follow_up,45.0,male,upper extremity,0
HAM_0005951,ISIC_0027325,nv,follow_up,50.0,female,lower extremity,0
HAM_0005953,ISIC_0032626,mel,histo,35.0,female,upper extremity,1
HAM_0005953,ISIC_0033534,mel,histo,35.0,female,upper extremity,1
HAM_0005955,ISIC_0024713,nv,follow_up,50.0,female,trunk,0
HAM_0005957,ISIC_0030727,nv,follow_up,50.0,female,trunk,0
HAM_0005959,ISIC_0025058,nv,follow_up,25.0,male,back,0
HAM_0005960,ISIC_0028632,nv,consensus,60.0,male,neck,0
HAM_0005960,ISIC_0030358,nv,consensus,60.0,male,neck,0
HAM_0005961,ISIC_0032795,nv,histo,40.0,female,back,0
HAM_0005961,ISIC_0032859,nv,histo,40.0,female,back,0
HAM_0005961,ISIC_0033988,nv,histo,40.0,female,back,0
HAM_0005964,ISIC_0026405,nv,follow_up,50.0,female,back,0
HAM_0005965,ISIC_0029858,nv,follow_up,40.0,female,abdomen,0
HAM_0005966,ISIC_0025902,nv,histo,80.0,male,back,0
HAM_0005966,ISIC_0030704,nv,histo,80.0,male,back,0
HAM_0005969,ISIC_0028257,nv,follow_up,35.0,male,abdomen,0
HAM_0005970,ISIC_0032806,mel,histo,65.0,male,chest,1
HAM_0005972,ISIC_0033319,nv,histo,35.0,female,lower extremity,0
HAM_0005972,ISIC_0033585,nv,histo,35.0,female,lower extremity,0
HAM_0005975,ISIC_0031837,nv,follow_up,55.0,male,lower extremity,0
HAM_0005976,ISIC_0030638,nv,follow_up,65.0,male,abdomen,0
HAM_0005977,ISIC_0028396,nv,follow_up,65.0,female,trunk,0
HAM_0005980,ISIC_0030422,nv,histo,45.0,female,abdomen,0
HAM_0005986,ISIC_0029574,mel,histo,60.0,male,back,1
HAM_0005987,ISIC_0026741,nv,histo,80.0,female,lower extremity,0
HAM_0005987,ISIC_0029993,nv,histo,80.0,female,lower extremity,0
HAM_0005988,ISIC_0025646,nv,follow_up,35.0,female,trunk,0
HAM_0005991,ISIC_0031505,nv,follow_up,45.0,female,trunk,0
HAM_0005992,ISIC_0032597,mel,histo,25.0,female,back,1
HAM_0005992,ISIC_0032723,mel,histo,25.0,female,back,1
HAM_0005992,ISIC_0032751,mel,histo,25.0,female,back,1
HAM_0005996,ISIC_0031338,nv,follow_up,55.0,female,back,0
HAM_0005997,ISIC_0033740,nv,histo,25.0,female,face,0
HAM_0005997,ISIC_0034108,nv,histo,25.0,female,face,0
HAM_0005999,ISIC_0030958,nv,follow_up,50.0,female,foot,0
HAM_0006000,ISIC_0032121,nv,follow_up,45.0,male,trunk,0
HAM_0006001,ISIC_0028395,nv,follow_up,45.0,female,trunk,0
HAM_0006004,ISIC_0027702,mel,histo,70.0,female,back,1
HAM_0006006,ISIC_0024961,mel,histo,75.0,male,chest,1
HAM_0006006,ISIC_0028847,mel,histo,75.0,male,chest,1
HAM_0006008,ISIC_0028342,nv,follow_up,35.0,female,lower extremity,0
HAM_0006011,ISIC_0034012,mel,histo,85.0,male,back,1
HAM_0006011,ISIC_0034150,mel,histo,85.0,male,back,1
HAM_0006012,ISIC_0029240,nv,follow_up,25.0,female,lower extremity,0
HAM_0006015,ISIC_0025294,nv,follow_up,35.0,female,back,0
HAM_0006016,ISIC_0029670,nv,follow_up,50.0,male,lower extremity,0
HAM_0006017,ISIC_0027282,mel,histo,60.0,female,back,1
HAM_0006019,ISIC_0030347,nv,follow_up,55.0,female,upper extremity,0
HAM_0006020,ISIC_0029572,nv,histo,55.0,male,back,0
HAM_0006021,ISIC_0026881,nv,follow_up,50.0,female,back,0
HAM_0006022,ISIC_0029901,nv,follow_up,35.0,male,lower extremity,0
HAM_0006023,ISIC_0025002,nv,follow_up,35.0,male,trunk,0
HAM_0006025,ISIC_0031285,nv,histo,70.0,female,foot,0
HAM_0006028,ISIC_0032189,nv,histo,40.0,male,chest,0
HAM_0006030,ISIC_0024618,nv,histo,25.0,male,face,0
HAM_0006030,ISIC_0031142,nv,histo,25.0,male,face,0
HAM_0006032,ISIC_0027501,nv,histo,30.0,male,lower extremity,0
HAM_0006032,ISIC_0028791,nv,histo,30.0,male,lower extremity,0
HAM_0006038,ISIC_0029969,nv,follow_up,50.0,male,abdomen,0
HAM_0006039,ISIC_0028092,nv,histo,60.0,male,back,0
HAM_0006040,ISIC_0029978,nv,histo,40.0,female,chest,0
HAM_0006041,ISIC_0029313,nv,histo,30.0,male,lower extremity,0
HAM_0006041,ISIC_0030508,nv,histo,30.0,male,lower extremity,0
HAM_0006043,ISIC_0027782,nv,follow_up,50.0,male,abdomen,0
HAM_0006045,ISIC_0029910,nv,follow_up,50.0,male,trunk,0
HAM_0006046,ISIC_0031199,nv,follow_up,45.0,male,abdomen,0
HAM_0006048,ISIC_0030064,nv,histo,25.0,male,abdomen,0
HAM_0006051,ISIC_0030475,nv,follow_up,45.0,male,lower extremity,0
HAM_0006054,ISIC_0030982,nv,follow_up,55.0,female,lower extremity,0
HAM_0006057,ISIC_0030999,nv,follow_up,55.0,female,lower extremity,0
HAM_0006058,ISIC_0028911,nv,follow_up,40.0,female,trunk,0
HAM_0006060,ISIC_0030513,nv,follow_up,50.0,female,lower extremity,0
HAM_0006061,ISIC_0027179,mel,histo,85.0,male,lower extremity,1
HAM_0006062,ISIC_0029435,nv,histo,30.0,female,back,0
HAM_0006067,ISIC_0028245,nv,follow_up,40.0,female,lower extremity,0
HAM_0006068,ISIC_0024591,nv,follow_up,35.0,male,back,0
HAM_0006070,ISIC_0026833,nv,follow_up,55.0,male,foot,0
HAM_0006072,ISIC_0027168,nv,follow_up,30.0,male,back,0
HAM_0006073,ISIC_0025761,nv,follow_up,65.0,female,lower extremity,0
HAM_0006075,ISIC_0026999,nv,follow_up,60.0,female,trunk,0
HAM_0006077,ISIC_0027323,nv,histo,50.0,male,lower extremity,0
HAM_0006078,ISIC_0032809,nv,histo,15.0,female,foot,0
HAM_0006078,ISIC_0033013,nv,histo,15.0,female,foot,0
HAM_0006079,ISIC_0030641,nv,follow_up,30.0,male,upper extremity,0
HAM_0006082,ISIC_0027500,nv,follow_up,55.0,female,trunk,0
HAM_0006083,ISIC_0028178,nv,follow_up,30.0,female,upper extremity,0
HAM_0006084,ISIC_0027641,nv,follow_up,65.0,female,foot,0
HAM_0006086,ISIC_0025563,nv,histo,35.0,female,hand,0
HAM_0006087,ISIC_0032094,nv,follow_up,45.0,male,back,0
HAM_0006089,ISIC_0031316,nv,follow_up,45.0,male,upper extremity,0
HAM_0006090,ISIC_0026859,nv,follow_up,50.0,female,back,0
HAM_0006091,ISIC_0026507,nv,follow_up,75.0,male,trunk,0
HAM_0006092,ISIC_0029241,mel,histo,70.0,male,face,1
HAM_0006095,ISIC_0025933,nv,follow_up,50.0,female,back,0
HAM_0006097,ISIC_0027306,mel,histo,60.0,male,chest,1
HAM_0006097,ISIC_0034253,mel,histo,60.0,male,chest,1
HAM_0006098,ISIC_0030938,nv,follow_up,75.0,male,trunk,0
HAM_0006101,ISIC_0032617,mel,histo,75.0,male,back,1
HAM_0006101,ISIC_0033872,mel,histo,75.0,male,back,1
HAM_0006102,ISIC_0032105,nv,follow_up,60.0,male,back,0
HAM_0006103,ISIC_0031504,nv,follow_up,45.0,female,trunk,0
HAM_0006104,ISIC_0026323,nv,histo,30.0,male,back,0
HAM_0006104,ISIC_0030663,nv,histo,30.0,male,back,0
HAM_0006106,ISIC_0032295,nv,follow_up,45.0,female,neck,0
HAM_0006108,ISIC_0024697,nv,histo,15.0,male,neck,0
HAM_0006108,ISIC_0027284,nv,histo,15.0,male,neck,0
HAM_0006109,ISIC_0028459,nv,follow_up,70.0,female,lower extremity,0
HAM_0006110,ISIC_0025289,nv,histo,50.0,male,back,0
HAM_0006113,ISIC_0031696,nv,follow_up,35.0,female,genital,0
HAM_0006114,ISIC_0027873,nv,histo,30.0,female,foot,0
HAM_0006117,ISIC_0025566,nv,follow_up,35.0,female,back,0
HAM_0006119,ISIC_0029944,nv,follow_up,40.0,female,upper extremity,0
HAM_0006120,ISIC_0025372,nv,histo,30.0,female,upper extremity,0
HAM_0006120,ISIC_0028684,nv,histo,30.0,female,upper extremity,0
HAM_0006121,ISIC_0032792,nv,histo,20.0,female,chest,0
HAM_0006121,ISIC_0032855,nv,histo,20.0,female,chest,0
HAM_0006121,ISIC_0034244,nv,histo,20.0,female,chest,0
HAM_0006126,ISIC_0027715,nv,histo,40.0,male,upper extremity,0
HAM_0006126,ISIC_0027821,nv,histo,40.0,male,upper extremity,0
HAM_0006127,ISIC_0032449,nv,follow_up,50.0,male,unknown,0
HAM_0006130,ISIC_0031670,mel,histo,80.0,female,upper extremity,1
HAM_0006131,ISIC_0024822,nv,follow_up,65.0,male,lower extremity,0
HAM_0006132,ISIC_0027732,nv,follow_up,45.0,female,back,0
HAM_0006133,ISIC_0024755,nv,follow_up,45.0,male,lower extremity,0
HAM_0006134,ISIC_0030622,nv,follow_up,30.0,male,trunk,0
HAM_0006136,ISIC_0028910,nv,follow_up,40.0,female,trunk,0
HAM_0006137,ISIC_0026738,mel,histo,85.0,female,face,1
HAM_0006139,ISIC_0025349,nv,follow_up,50.0,male,trunk,0
HAM_0006144,ISIC_0029388,nv,follow_up,50.0,male,trunk,0
HAM_0006145,ISIC_0031713,nv,histo,60.0,female,back,0
HAM_0006145,ISIC_0032027,nv,histo,60.0,female,back,0
HAM_0006146,ISIC_0028159,nv,histo,40.0,female,scalp,0
HAM_0006146,ISIC_0030429,nv,histo,40.0,female,scalp,0
HAM_0006149,ISIC_0025047,nv,histo,20.0,male,abdomen,0
HAM_0006150,ISIC_0026569,nv,histo,70.0,male,back,0
HAM_0006150,ISIC_0031404,nv,histo,70.0,male,back,0
HAM_0006152,ISIC_0027238,mel,histo,55.0,female,upper extremity,1
HAM_0006152,ISIC_0029571,mel,histo,55.0,female,upper extremity,1
HAM_0006153,ISIC_0030749,nv,follow_up,45.0,female,lower extremity,0
HAM_0006154,ISIC_0030082,nv,histo,20.0,male,lower extremity,0
HAM_0006154,ISIC_0030592,nv,histo,20.0,male,lower extremity,0
HAM_0006158,ISIC_0033096,nv,histo,40.0,male,back,0
HAM_0006158,ISIC_0033367,nv,histo,40.0,male,back,0
HAM_0006158,ISIC_0033972,nv,histo,40.0,male,back,0
HAM_0006160,ISIC_0030950,mel,histo,70.0,female,hand,1
HAM_0006162,ISIC_0027245,nv,follow_up,55.0,male,back,0
HAM_0006163,ISIC_0030331,nv,follow_up,50.0,male,abdomen,0
HAM_0006164,ISIC_0024385,nv,follow_up,40.0,female,lower extremity,0
HAM_0006168,ISIC_0026464,nv,follow_up,50.0,male,foot,0
HAM_0006171,ISIC_0025663,mel,histo,75.0,female,upper extremity,1
HAM_0006171,ISIC_0026131,mel,histo,75.0,female,upper extremity,1
HAM_0006175,ISIC_0024954,nv,follow_up,35.0,male,back,0
HAM_0006176,ISIC_0027539,nv,follow_up,40.0,female,abdomen,0
HAM_0006177,ISIC_0031234,nv,follow_up,45.0,male,trunk,0
HAM_0006178,ISIC_0031100,nv,follow_up,55.0,male,lower extremity,0
HAM_0006179,ISIC_0030662,nv,follow_up,40.0,male,foot,0
HAM_0006182,ISIC_0033419,nv,histo,35.0,male,abdomen,0
HAM_0006182,ISIC_0033669,nv,histo,35.0,male,abdomen,0
HAM_0006182,ISIC_0033789,nv,histo,35.0,male,abdomen,0
HAM_0006183,ISIC_0028397,nv,follow_up,70.0,female,lower extremity,0
HAM_0006184,ISIC_0033024,mel,histo,75.0,male,foot,1
HAM_0006184,ISIC_0034134,mel,histo,75.0,male,foot,1
HAM_0006187,ISIC_0025453,nv,histo,50.0,male,scalp,0
HAM_0006187,ISIC_0028214,nv,histo,50.0,male,scalp,0
HAM_0006194,ISIC_0030968,nv,follow_up,60.0,male,back,0
HAM_0006195,ISIC_0028267,nv,follow_up,45.0,male,trunk,0
HAM_0006197,ISIC_0028332,nv,histo,40.0,male,back,0
HAM_0006197,ISIC_0032334,nv,histo,40.0,male,back,0
HAM_0006198,ISIC_0028676,nv,follow_up,60.0,male,lower extremity,0
HAM_0006199,ISIC_0024888,nv,follow_up,45.0,female,abdomen,0
HAM_0006202,ISIC_0030627,nv,follow_up,40.0,female,lower extremity,0
HAM_0006205,ISIC_0031121,nv,histo,55.0,male,chest,0
HAM_0006205,ISIC_0032034,nv,histo,55.0,male,chest,0
HAM_0006207,ISIC_0030034,mel,histo,50.0,female,back,1
HAM_0006208,ISIC_0028916,mel,histo,60.0,female,face,1
HAM_0006215,ISIC_0027321,nv,follow_up,55.0,female,upper extremity,0
HAM_0006219,ISIC_0026202,nv,follow_up,50.0,female,abdomen,0
HAM_0006221,ISIC_0025300,nv,histo,35.0,female,upper extremity,0
HAM_0006221,ISIC_0028195,nv,histo,35.0,female,upper extremity,0
HAM_0006223,ISIC_0025791,mel,histo,80.0,male,foot,1
HAM_0006223,ISIC_0032287,mel,histo,80.0,male,foot,1
HAM_0006224,ISIC_0029351,nv,follow_up,55.0,male,abdomen,0
HAM_0006225,ISIC_0028887,nv,histo,45.0,female,abdomen,0
HAM_0006225,ISIC_0029075,nv,histo,45.0,female,abdomen,0
HAM_0006225,ISIC_0031871,nv,histo,45.0,female,abdomen,0
HAM_0006226,ISIC_0024414,nv,follow_up,70.0,female,trunk,0
HAM_0006227,ISIC_0031264,nv,follow_up,45.0,female,abdomen,0
HAM_0006228,ISIC_0028594,nv,follow_up,35.0,female,genital,0
HAM_0006230,ISIC_0032632,nv,consensus,60.0,male,unknown,0
HAM_0006233,ISIC_0033290,nv,consensus,60.0,male,unknown,0
HAM_0006234,ISIC_0033341,nv,consensus,60.0,male,unknown,0
HAM_0006236,ISIC_0033741,nv,consensus,60.0,male,unknown,0
HAM_0006237,ISIC_0034072,nv,consensus,60.0,male,unknown,0
HAM_0006239,ISIC_0034177,nv,consensus,60.0,male,unknown,0
HAM_0006242,ISIC_0030846,nv,follow_up,45.0,female,trunk,0
HAM_0006246,ISIC_0024523,nv,follow_up,45.0,female,genital,0
HAM_0006247,ISIC_0031393,nv,follow_up,50.0,female,upper extremity,0
HAM_0006249,ISIC_0024759,nv,follow_up,50.0,female,back,0
HAM_0006253,ISIC_0028291,mel,histo,65.0,male,back,1
HAM_0006253,ISIC_0030171,mel,histo,65.0,male,back,1
HAM_0006254,ISIC_0024633,nv,follow_up,45.0,male,lower extremity,0
HAM_0006255,ISIC_0026548,nv,follow_up,65.0,male,lower extremity,0
HAM_0006258,ISIC_0028484,nv,histo,10.0,female,upper extremity,0
HAM_0006260,ISIC_0029748,nv,follow_up,40.0,male,back,0
HAM_0006261,ISIC_0028466,nv,follow_up,50.0,female,abdomen,0
HAM_0006268,ISIC_0026432,nv,histo,50.0,female,lower extremity,0
HAM_0006270,ISIC_0031606,nv,follow_up,55.0,female,lower extremity,0
HAM_0006272,ISIC_0024429,nv,follow_up,55.0,male,trunk,0
HAM_0006273,ISIC_0028571,nv,histo,75.0,male,back,0
HAM_0006273,ISIC_0031573,nv,histo,75.0,male,back,0
HAM_0006275,ISIC_0029186,nv,follow_up,35.0,male,lower extremity,0
HAM_0006276,ISIC_0029285,nv,follow_up,45.0,male,back,0
HAM_0006278,ISIC_0031141,nv,follow_up,40.0,female,lower extremity,0
HAM_0006279,ISIC_0027195,nv,follow_up,25.0,female,neck,0
HAM_0006282,ISIC_0031772,nv,follow_up,35.0,male,back,0
HAM_0006284,ISIC_0032904,nv,histo,5.0,female,back,0
HAM_0006284,ISIC_0033769,nv,histo,5.0,female,back,0
HAM_0006285,ISIC_0030596,nv,follow_up,50.0,male,upper extremity,0
HAM_0006292,ISIC_0029058,nv,follow_up,50.0,male,trunk,0
HAM_0006293,ISIC_0027314,nv,follow_up,60.0,male,trunk,0
HAM_0006295,ISIC_0032720,nv,histo,25.0,female,back,0
HAM_0006295,ISIC_0033086,nv,histo,25.0,female,back,0
HAM_0006295,ISIC_0033177,nv,histo,25.0,female,back,0
HAM_0006296,ISIC_0028999,nv,histo,70.0,male,trunk,0
HAM_0006297,ISIC_0025962,nv,follow_up,35.0,female,lower extremity,0
HAM_0006298,ISIC_0030613,nv,follow_up,40.0,female,abdomen,0
HAM_0006299,ISIC_0031582,nv,follow_up,40.0,female,trunk,0
HAM_0006300,ISIC_0028281,nv,histo,35.0,female,chest,0
HAM_0006302,ISIC_0030819,nv,histo,50.0,female,ear,0
HAM_0006304,ISIC_0032406,nv,follow_up,40.0,male,trunk,0
HAM_0006305,ISIC_0031274,nv,follow_up,75.0,male,abdomen,0
HAM_0006307,ISIC_0024570,nv,follow_up,50.0,male,back,0
HAM_0006309,ISIC_0026640,nv,follow_up,45.0,male,back,0
HAM_0006311,ISIC_0024392,nv,follow_up,65.0,female,lower extremity,0
HAM_0006312,ISIC_0025631,nv,histo,60.0,female,foot,0
HAM_0006312,ISIC_0031337,nv,histo,60.0,female,foot,0
HAM_0006313,ISIC_0026926,nv,follow_up,45.0,male,trunk,0
HAM_0006316,ISIC_0031144,nv,follow_up,40.0,female,lower extremity,0
HAM_0006318,ISIC_0024937,nv,histo,45.0,female,back,0
HAM_0006319,ISIC_0028348,nv,follow_up,60.0,male,trunk,0
HAM_0006321,ISIC_0033174,mel,histo,70.0,male,trunk,1
HAM_0006321,ISIC_0033239,mel,histo,70.0,male,trunk,1
HAM_0006321,ISIC_0033985,mel,histo,70.0,male,trunk,1
HAM_0006323,ISIC_0024680,nv,histo,75.0,female,lower extremity,0
HAM_0006323,ISIC_0026805,nv,histo,75.0,female,lower extremity,0
HAM_0006323,ISIC_0029465,nv,histo,75.0,female,lower extremity,0
HAM_0006326,ISIC_0028500,nv,histo,30.0,female,abdomen,0
HAM_0006328,ISIC_0030450,nv,follow_up,75.0,female,trunk,0
HAM_0006330,ISIC_0026745,mel,histo,80.0,female,face,1
HAM_0006330,ISIC_0032976,mel,histo,80.0,female,face,1
HAM_0006330,ISIC_0033274,mel,histo,80.0,female,face,1
HAM_0006333,ISIC_0024424,nv,histo,35.0,male,trunk,0
HAM_0006334,ISIC_0032605,nv,histo,40.0,female,back,0
HAM_0006334,ISIC_0032779,nv,histo,40.0,female,back,0
HAM_0006334,ISIC_0033950,nv,histo,40.0,female,back,0
HAM_0006335,ISIC_0028892,nv,follow_up,40.0,male,upper extremity,0
HAM_0006336,ISIC_0032117,nv,follow_up,55.0,female,abdomen,0
HAM_0006339,ISIC_0031279,nv,follow_up,45.0,male,back,0
HAM_0006341,ISIC_0024681,nv,follow_up,35.0,female,trunk,0
HAM_0006342,ISIC_0024425,nv,histo,40.0,female,face,0
HAM_0006344,ISIC_0026966,nv,follow_up,45.0,female,abdomen,0
HAM_0006345,ISIC_0027762,nv,follow_up,50.0,male,trunk,0
HAM_0006349,ISIC_0024919,nv,follow_up,50.0,female,trunk,0
HAM_0006352,ISIC_0025341,nv,histo,60.0,female,lower extremity,0
HAM_0006352,ISIC_0028993,nv,histo,60.0,female,lower extremity,0
HAM_0006353,ISIC_0032712,nv,consensus,40.0,female,lower extremity,0
HAM_0006353,ISIC_0033164,nv,consensus,40.0,female,lower extremity,0
HAM_0006353,ISIC_0033997,nv,consensus,40.0,female,lower extremity,0
HAM_0006354,ISIC_0032137,nv,follow_up,70.0,male,upper extremity,0
HAM_0006355,ISIC_0027663,mel,histo,40.0,male,back,1
HAM_0006357,ISIC_0024835,nv,follow_up,45.0,female,trunk,0
HAM_0006358,ISIC_0025581,nv,consensus,0.0,male,foot,0
HAM_0006358,ISIC_0027549,nv,consensus,0.0,male,foot,0
HAM_0006359,ISIC_0027403,nv,histo,45.0,female,foot,0
HAM_0006359,ISIC_0028385,nv,histo,45.0,female,foot,0
HAM_0006361,ISIC_0030196,nv,follow_up,50.0,female,lower extremity,0
HAM_0006363,ISIC_0024936,nv,histo,25.0,male,abdomen,0
HAM_0006364,ISIC_0029027,nv,histo,30.0,female,back,0
HAM_0006365,ISIC_0028296,nv,follow_up,80.0,male,lower extremity,0
HAM_0006366,ISIC_0030732,nv,histo,65.0,female,upper extremity,0
HAM_0006367,ISIC_0024926,nv,histo,35.0,female,foot,0
HAM_0006372,ISIC_0032817,nv,histo,35.0,male,back,0
HAM_0006372,ISIC_0032820,nv,histo,35.0,male,back,0
HAM_0006372,ISIC_0033220,nv,histo,35.0,male,back,0
HAM_0006373,ISIC_0028143,nv,follow_up,50.0,female,abdomen,0
HAM_0006374,ISIC_0031540,nv,follow_up,75.0,male,lower extremity,0
HAM_0006375,ISIC_0026114,nv,follow_up,50.0,female,back,0
HAM_0006376,ISIC_0032845,mel,histo,70.0,female,lower extremity,1
HAM_0006376,ISIC_0033662,mel,histo,70.0,female,lower extremity,1
HAM_0006376,ISIC_0034317,mel,histo,70.0,female,lower extremity,1
HAM_0006377,ISIC_0024465,nv,follow_up,45.0,female,abdomen,0
HAM_0006378,ISIC_0024735,nv,follow_up,50.0,male,trunk,0
HAM_0006379,ISIC_0032937,nv,histo,30.0,female,neck,0
HAM_0006379,ISIC_0033990,nv,histo,30.0,female,neck,0
HAM_0006380,ISIC_0028718,mel,histo,35.0,female,upper extremity,1
HAM_0006380,ISIC_0030747,mel,histo,35.0,female,upper extremity,1
HAM_0006380,ISIC_0031417,mel,histo,35.0,female,upper extremity,1
HAM_0006382,ISIC_0029883,nv,follow_up,45.0,female,upper extremity,0
HAM_0006385,ISIC_0026733,nv,follow_up,50.0,female,trunk,0
HAM_0006388,ISIC_0029542,nv,follow_up,65.0,male,trunk,0
HAM_0006389,ISIC_0027738,nv,histo,70.0,male,back,0
HAM_0006389,ISIC_0031518,nv,histo,70.0,male,back,0
HAM_0006391,ISIC_0032783,nv,histo,70.0,female,lower extremity,0
HAM_0006391,ISIC_0032821,nv,histo,70.0,female,lower extremity,0
HAM_0006391,ISIC_0034139,nv,histo,70.0,female,lower extremity,0
HAM_0006395,ISIC_0025934,nv,follow_up,50.0,female,lower extremity,0
HAM_0006398,ISIC_0027568,nv,histo,70.0,male,ear,0
HAM_0006400,ISIC_0031741,mel,histo,45.0,female,back,1
HAM_0006401,ISIC_0031451,nv,histo,45.0,female,foot,0
HAM_0006402,ISIC_0025602,nv,follow_up,40.0,female,lower extremity,0
HAM_0006403,ISIC_0030248,nv,follow_up,40.0,female,trunk,0
HAM_0006404,ISIC_0026983,nv,follow_up,40.0,female,trunk,0
HAM_0006405,ISIC_0031641,nv,follow_up,35.0,female,trunk,0
HAM_0006408,ISIC_0025198,nv,histo,35.0,female,abdomen,0
HAM_0006409,ISIC_0028987,nv,histo,60.0,female,upper extremity,0
HAM_0006409,ISIC_0030620,nv,histo,60.0,female,upper extremity,0
HAM_0006410,ISIC_0027449,nv,follow_up,45.0,female,abdomen,0
HAM_0006411,ISIC_0027140,nv,consensus,15.0,female,lower extremity,0
HAM_0006411,ISIC_0031322,nv,consensus,15.0,female,lower extremity,0
HAM_0006412,ISIC_0027720,nv,follow_up,45.0,female,abdomen,0
HAM_0006413,ISIC_0031165,nv,follow_up,55.0,female,upper extremity,0
HAM_0006414,ISIC_0026485,nv,follow_up,50.0,female,trunk,0
HAM_0006415,ISIC_0032367,nv,follow_up,60.0,male,trunk,0
HAM_0006418,ISIC_0033599,nv,histo,65.0,female,back,0
HAM_0006418,ISIC_0033787,nv,histo,65.0,female,back,0
HAM_0006421,ISIC_0031403,nv,follow_up,45.0,male,abdomen,0
HAM_0006422,ISIC_0030368,nv,follow_up,45.0,male,lower extremity,0
HAM_0006423,ISIC_0028352,mel,histo,55.0,male,back,1
HAM_0006423,ISIC_0028685,mel,histo,55.0,male,back,1
HAM_0006426,ISIC_0032922,mel,histo,80.0,female,upper extremity,1
HAM_0006426,ISIC_0033559,mel,histo,80.0,female,upper extremity,1
HAM_0006427,ISIC_0028704,nv,follow_up,60.0,male,upper extremity,0
HAM_0006428,ISIC_0030862,nv,follow_up,35.0,female,upper extremity,0
HAM_0006429,ISIC_0026240,nv,follow_up,75.0,male,abdomen,0
HAM_0006430,ISIC_0026487,nv,histo,20.0,female,back,0
HAM_0006430,ISIC_0031984,nv,histo,20.0,female,back,0
HAM_0006431,ISIC_0031992,nv,follow_up,65.0,male,lower extremity,0
HAM_0006432,ISIC_0030884,nv,follow_up,45.0,male,back,0
HAM_0006433,ISIC_0029370,mel,histo,85.0,female,upper extremity,1
HAM_0006433,ISIC_0031958,mel,histo,85.0,female,upper extremity,1
HAM_0006435,ISIC_0033573,mel,histo,50.0,male,back,1
HAM_0006435,ISIC_0034071,mel,histo,50.0,male,back,1
HAM_0006436,ISIC_0027655,nv,follow_up,50.0,female,lower extremity,0
HAM_0006437,ISIC_0033469,mel,histo,65.0,female,ear,1
HAM_0006439,ISIC_0025621,nv,histo,30.0,female,neck,0
HAM_0006439,ISIC_0028423,nv,histo,30.0,female,neck,0
HAM_0006441,ISIC_0029016,nv,follow_up,40.0,female,lower extremity,0
HAM_0006443,ISIC_0028164,nv,follow_up,45.0,female,back,0
HAM_0006445,ISIC_0033333,mel,histo,60.0,female,lower extremity,1
HAM_0006445,ISIC_0033717,mel,histo,60.0,female,lower extremity,1
HAM_0006445,ISIC_0034120,mel,histo,60.0,female,lower extremity,1
HAM_0006446,ISIC_0025591,nv,follow_up,60.0,male,trunk,0
HAM_0006449,ISIC_0028604,nv,follow_up,45.0,female,back,0
HAM_0006451,ISIC_0032274,nv,histo,50.0,female,back,0
HAM_0006452,ISIC_0030424,nv,follow_up,55.0,male,abdomen,0
HAM_0006453,ISIC_0025744,mel,histo,70.0,male,abdomen,1
HAM_0006453,ISIC_0029081,mel,histo,70.0,male,abdomen,1
HAM_0006453,ISIC_0030192,mel,histo,70.0,male,abdomen,1
HAM_0006454,ISIC_0030009,nv,follow_up,40.0,female,abdomen,0
HAM_0006455,ISIC_0029690,nv,follow_up,50.0,male,lower extremity,0
HAM_0006456,ISIC_0032305,nv,histo,65.0,male,back,0
HAM_0006457,ISIC_0027987,nv,histo,40.0,male,lower extremity,0
HAM_0006457,ISIC_0032257,nv,histo,40.0,male,lower extremity,0
HAM_0006460,ISIC_0027292,nv,follow_up,75.0,male,trunk,0
HAM_0006461,ISIC_0026830,nv,follow_up,35.0,female,lower extremity,0
HAM_0006462,ISIC_0033520,mel,histo,55.0,male,neck,1
HAM_0006462,ISIC_0034028,mel,histo,55.0,male,neck,1
HAM_0006463,ISIC_0028515,nv,follow_up,45.0,female,trunk,0
HAM_0006464,ISIC_0025424,nv,histo,40.0,female,foot,0
HAM_0006464,ISIC_0027503,nv,histo,40.0,female,foot,0
HAM_0006468,ISIC_0030162,nv,follow_up,30.0,female,back,0
HAM_0006469,ISIC_0024479,nv,consensus,5.0,male,upper extremity,0
HAM_0006469,ISIC_0025193,nv,consensus,5.0,male,upper extremity,0
HAM_0006469,ISIC_0026358,nv,consensus,5.0,male,upper extremity,0
HAM_0006469,ISIC_0032328,nv,consensus,5.0,male,upper extremity,0
HAM_0006471,ISIC_0028187,nv,follow_up,65.0,female,lower extremity,0
HAM_0006473,ISIC_0026696,nv,follow_up,45.0,female,trunk,0
HAM_0006476,ISIC_0031877,nv,follow_up,45.0,male,back,0
HAM_0006477,ISIC_0029237,nv,follow_up,35.0,male,foot,0
HAM_0006479,ISIC_0026004,nv,follow_up,55.0,female,lower extremity,0
HAM_0006480,ISIC_0026536,nv,follow_up,55.0,female,lower extremity,0
HAM_0006484,ISIC_0027244,nv,histo,55.0,female,upper extremity,0
HAM_0006484,ISIC_0028527,nv,histo,55.0,female,upper extremity,0
HAM_0006487,ISIC_0028617,nv,follow_up,70.0,female,lower extremity,0
HAM_0006490,ISIC_0024979,nv,follow_up,45.0,male,lower extremity,0
HAM_0006491,ISIC_0033070,nv,histo,40.0,female,back,0
HAM_0006491,ISIC_0033657,nv,histo,40.0,female,back,0
HAM_0006491,ISIC_0034038,nv,histo,40.0,female,back,0
HAM_0006492,ISIC_0031092,nv,histo,35.0,female,abdomen,0
HAM_0006493,ISIC_0024950,nv,follow_up,45.0,female,back,0
HAM_0006494,ISIC_0029714,nv,follow_up,60.0,female,trunk,0
HAM_0006496,ISIC_0032579,nv,histo,55.0,female,lower extremity,0
HAM_0006496,ISIC_0033104,nv,histo,55.0,female,lower extremity,0
HAM_0006496,ISIC_0033189,nv,histo,55.0,female,lower extremity,0
HAM_0006497,ISIC_0027302,mel,histo,35.0,female,lower extremity,1
HAM_0006500,ISIC_0032479,nv,follow_up,45.0,female,lower extremity,0
HAM_0006502,ISIC_0029312,nv,follow_up,70.0,female,trunk,0
HAM_0006503,ISIC_0032217,nv,follow_up,45.0,female,lower extremity,0
HAM_0006504,ISIC_0031098,nv,follow_up,55.0,female,lower extremity,0
HAM_0006505,ISIC_0031343,nv,follow_up,45.0,female,abdomen,0
HAM_0006506,ISIC_0028408,nv,histo,55.0,male,back,0
HAM_0006507,ISIC_0026585,nv,follow_up,55.0,male,trunk,0
HAM_0006508,ISIC_0030342,nv,follow_up,50.0,female,foot,0
HAM_0006509,ISIC_0025733,nv,follow_up,50.0,male,trunk,0
HAM_0006510,ISIC_0029828,nv,follow_up,55.0,female,lower extremity,0
HAM_0006511,ISIC_0029892,nv,follow_up,50.0,female,trunk,0
HAM_0006512,ISIC_0027614,nv,histo,35.0,female,back,0
HAM_0006512,ISIC_0030140,nv,histo,35.0,female,back,0
HAM_0006514,ISIC_0026559,nv,histo,60.0,female,lower extremity,0
HAM_0006514,ISIC_0029160,nv,histo,60.0,female,lower extremity,0
HAM_0006515,ISIC_0025828,nv,follow_up,40.0,female,abdomen,0
HAM_0006516,ISIC_0033315,nv,histo,35.0,female,trunk,0
HAM_0006516,ISIC_0033423,nv,histo,35.0,female,trunk,0
HAM_0006516,ISIC_0033846,nv,histo,35.0,female,trunk,0
HAM_0006518,ISIC_0027618,nv,follow_up,35.0,male,back,0
HAM_0006520,ISIC_0032767,nv,histo,65.0,male,back,0
HAM_0006520,ISIC_0033503,nv,histo,65.0,male,back,0
HAM_0006520,ISIC_0033795,nv,histo,65.0,male,back,0
HAM_0006521,ISIC_0025155,mel,histo,80.0,male,lower extremity,1
HAM_0006521,ISIC_0031557,mel,histo,80.0,male,lower extremity,1
HAM_0006523,ISIC_0027919,nv,follow_up,40.0,female,lower extremity,0
HAM_0006526,ISIC_0026671,nv,histo,55.0,male,lower extremity,0
HAM_0006529,ISIC_0024695,nv,histo,55.0,female,trunk,0
HAM_0006530,ISIC_0029686,nv,follow_up,50.0,male,abdomen,0
HAM_0006532,ISIC_0026435,nv,follow_up,50.0,female,abdomen,0
HAM_0006534,ISIC_0028778,nv,follow_up,55.0,female,lower extremity,0
HAM_0006536,ISIC_0032171,nv,follow_up,50.0,female,abdomen,0
HAM_0006537,ISIC_0029815,nv,follow_up,35.0,female,lower extremity,0
HAM_0006538,ISIC_0029397,mel,histo,5.0,male,back,1
HAM_0006539,ISIC_0032516,nv,histo,40.0,male,back,0
HAM_0006539,ISIC_0033014,nv,histo,40.0,male,back,0
HAM_0006539,ISIC_0033798,nv,histo,40.0,male,back,0
HAM_0006540,ISIC_0032988,mel,histo,70.0,female,face,1
HAM_0006540,ISIC_0033344,mel,histo,70.0,female,face,1
HAM_0006543,ISIC_0026096,nv,histo,35.0,male,back,0
HAM_0006546,ISIC_0030413,nv,follow_up,50.0,male,lower extremity,0
HAM_0006547,ISIC_0027258,nv,histo,55.0,female,back,0
HAM_0006552,ISIC_0024531,nv,follow_up,65.0,male,trunk,0
HAM_0006553,ISIC_0026942,nv,consensus,20.0,female,face,0
HAM_0006553,ISIC_0030410,nv,consensus,20.0,female,face,0
HAM_0006554,ISIC_0028866,nv,consensus,55.0,female,lower extremity,0
HAM_0006554,ISIC_0030299,nv,consensus,55.0,female,lower extremity,0
HAM_0006555,ISIC_0030405,nv,follow_up,40.0,male,genital,0
HAM_0006559,ISIC_0033455,nv,histo,25.0,female,ear,0
HAM_0006559,ISIC_0034056,nv,histo,25.0,female,ear,0
HAM_0006559,ISIC_0034247,nv,histo,25.0,female,ear,0
HAM_0006561,ISIC_0026612,nv,follow_up,45.0,female,foot,0
HAM_0006565,ISIC_0027489,nv,follow_up,80.0,male,trunk,0
HAM_0006567,ISIC_0032649,nv,histo,30.0,female,back,0
HAM_0006567,ISIC_0033439,nv,histo,30.0,female,back,0
HAM_0006567,ISIC_0034109,nv,histo,30.0,female,back,0
HAM_0006568,ISIC_0025615,nv,follow_up,45.0,female,abdomen,0
HAM_0006569,ISIC_0030483,nv,follow_up,35.0,male,lower extremity,0
HAM_0006570,ISIC_0030343,nv,follow_up,40.0,male,lower extremity,0
HAM_0006571,ISIC_0025418,nv,follow_up,30.0,female,upper extremity,0
HAM_0006573,ISIC_0026918,nv,follow_up,50.0,male,trunk,0
HAM_0006576,ISIC_0024606,nv,follow_up,65.0,male,abdomen,0
HAM_0006578,ISIC_0030671,nv,follow_up,45.0,male,lower extremity,0
HAM_0006579,ISIC_0030668,nv,follow_up,40.0,female,foot,0
HAM_0006582,ISIC_0029487,nv,follow_up,55.0,male,trunk,0
HAM_0006583,ISIC_0026177,nv,histo,30.0,male,trunk,0
HAM_0006584,ISIC_0024983,nv,follow_up,45.0,male,lower extremity,0
HAM_0006590,ISIC_0029694,nv,follow_up,65.0,male,trunk,0
HAM_0006591,ISIC_0030678,nv,follow_up,40.0,male,abdomen,0
HAM_0006593,ISIC_0025708,mel,histo,30.0,female,back,1
HAM_0006594,ISIC_0025195,mel,histo,60.0,female,back,1
HAM_0006596,ISIC_0027005,nv,histo,35.0,male,back,0
HAM_0006596,ISIC_0031081,nv,histo,35.0,male,back,0
HAM_0006597,ISIC_0028657,nv,follow_up,70.0,male,lower extremity,0
HAM_0006598,ISIC_0024508,nv,follow_up,50.0,male,trunk,0
HAM_0006606,ISIC_0028794,nv,follow_up,50.0,male,lower extremity,0
HAM_0006607,ISIC_0026985,nv,follow_up,70.0,male,abdomen,0
HAM_0006611,ISIC_0028985,nv,follow_up,45.0,female,lower extremity,0
HAM_0006612,ISIC_0031426,nv,follow_up,40.0,female,trunk,0
HAM_0006613,ISIC_0031894,nv,histo,25.0,male,back,0
HAM_0006614,ISIC_0027927,nv,follow_up,50.0,male,back,0
HAM_0006615,ISIC_0032780,nv,histo,45.0,male,trunk,0
HAM_0006615,ISIC_0032861,nv,histo,45.0,male,trunk,0
HAM_0006615,ISIC_0033849,nv,histo,45.0,male,trunk,0
HAM_0006616,ISIC_0031794,nv,histo,85.0,male,upper extremity,0
HAM_0006618,ISIC_0028804,nv,histo,75.0,female,ear,0
HAM_0006618,ISIC_0032191,nv,histo,75.0,female,ear,0
HAM_0006619,ISIC_0029983,nv,histo,80.0,male,back,0
HAM_0006620,ISIC_0029378,nv,follow_up,45.0,female,upper extremity,0
HAM_0006621,ISIC_0026649,nv,follow_up,60.0,female,lower extremity,0
HAM_0006623,ISIC_0033404,nv,histo,55.0,male,back,0
HAM_0006623,ISIC_0033478,nv,histo,55.0,male,back,0
HAM_0006628,ISIC_0033111,nv,histo,20.0,male,lower extremity,0
HAM_0006628,ISIC_0033742,nv,histo,20.0,male,lower extremity,0
HAM_0006628,ISIC_0034127,nv,histo,20.0,male,lower extremity,0
HAM_0006632,ISIC_0026196,nv,follow_up,60.0,female,upper extremity,0
HAM_0006633,ISIC_0028598,nv,histo,40.0,female,trunk,0
HAM_0006635,ISIC_0028900,mel,histo,70.0,male,face,1
HAM_0006635,ISIC_0029884,mel,histo,70.0,male,face,1
HAM_0006636,ISIC_0028051,mel,histo,45.0,male,back,1
HAM_0006637,ISIC_0033435,nv,histo,30.0,male,lower extremity,0
HAM_0006637,ISIC_0034016,nv,histo,30.0,male,lower extremity,0
HAM_0006638,ISIC_0025220,nv,follow_up,55.0,female,trunk,0
HAM_0006642,ISIC_0030916,nv,follow_up,50.0,male,trunk,0
HAM_0006644,ISIC_0033882,nv,consensus,,unknown,unknown,0
HAM_0006645,ISIC_0024818,nv,consensus,40.0,male,back,0
HAM_0006645,ISIC_0031595,nv,consensus,40.0,male,back,0
HAM_0006647,ISIC_0030895,nv,follow_up,55.0,male,foot,0
HAM_0006648,ISIC_0027981,nv,follow_up,45.0,male,back,0
HAM_0006651,ISIC_0032182,mel,histo,70.0,female,back,1
HAM_0006655,ISIC_0025994,nv,follow_up,50.0,female,lower extremity,0
HAM_0006657,ISIC_0030541,nv,follow_up,45.0,female,trunk,0
HAM_0006660,ISIC_0025055,nv,follow_up,45.0,male,upper extremity,0
HAM_0006661,ISIC_0026465,nv,follow_up,45.0,male,trunk,0
HAM_0006662,ISIC_0030457,nv,follow_up,45.0,female,genital,0
HAM_0006664,ISIC_0029833,nv,histo,25.0,female,back,0
HAM_0006665,ISIC_0030775,nv,follow_up,50.0,female,lower extremity,0
HAM_0006666,ISIC_0032908,nv,histo,35.0,female,abdomen,0
HAM_0006666,ISIC_0034088,nv,histo,35.0,female,abdomen,0
HAM_0006666,ISIC_0034268,nv,histo,35.0,female,abdomen,0
HAM_0006667,ISIC_0031744,nv,follow_up,35.0,female,trunk,0
HAM_0006669,ISIC_0026137,nv,follow_up,25.0,female,upper extremity,0
HAM_0006671,ISIC_0027843,nv,follow_up,60.0,male,lower extremity,0
HAM_0006672,ISIC_0029096,nv,follow_up,30.0,female,trunk,0
HAM_0006674,ISIC_0029280,nv,follow_up,45.0,female,trunk,0
HAM_0006678,ISIC_0028727,nv,follow_up,50.0,male,trunk,0
HAM_0006679,ISIC_0031267,nv,follow_up,40.0,male,upper extremity,0
HAM_0006680,ISIC_0028458,nv,follow_up,40.0,female,back,0
HAM_0006681,ISIC_0030219,nv,histo,70.0,female,back,0
HAM_0006683,ISIC_0031139,nv,follow_up,35.0,female,abdomen,0
HAM_0006684,ISIC_0029614,nv,histo,40.0,male,back,0
HAM_0006686,ISIC_0028292,nv,follow_up,40.0,male,back,0
HAM_0006687,ISIC_0031273,nv,follow_up,40.0,male,lower extremity,0
HAM_0006689,ISIC_0024493,nv,follow_up,40.0,male,lower extremity,0
HAM_0006690,ISIC_0028942,nv,follow_up,55.0,female,unknown,0
HAM_0006692,ISIC_0029163,mel,histo,80.0,male,scalp,1
HAM_0006692,ISIC_0029630,mel,histo,80.0,male,scalp,1
HAM_0006693,ISIC_0024462,nv,follow_up,45.0,male,lower extremity,0
HAM_0006694,ISIC_0029657,nv,follow_up,45.0,female,back,0
HAM_0006698,ISIC_0026771,nv,follow_up,65.0,male,lower extremity,0
HAM_0006699,ISIC_0024571,mel,histo,65.0,male,face,1
HAM_0006699,ISIC_0029893,mel,histo,65.0,male,face,1
HAM_0006700,ISIC_0032659,nv,histo,40.0,female,back,0
HAM_0006700,ISIC_0032693,nv,histo,40.0,female,back,0
HAM_0006700,ISIC_0032734,nv,histo,40.0,female,back,0
HAM_0006701,ISIC_0029310,nv,follow_up,40.0,female,foot,0
HAM_0006702,ISIC_0030580,nv,histo,55.0,male,neck,0
HAM_0006704,ISIC_0025464,nv,follow_up,50.0,male,lower extremity,0
HAM_0006705,ISIC_0024840,nv,follow_up,45.0,male,abdomen,0
HAM_0006709,ISIC_0031158,nv,histo,40.0,male,back,0
HAM_0006710,ISIC_0028324,nv,follow_up,45.0,male,trunk,0
HAM_0006711,ISIC_0027010,nv,histo,70.0,male,trunk,0
HAM_0006711,ISIC_0029986,nv,histo,70.0,male,trunk,0
HAM_0006712,ISIC_0025072,nv,follow_up,65.0,male,trunk,0
HAM_0006715,ISIC_0025161,nv,follow_up,20.0,male,trunk,0
HAM_0006716,ISIC_0024434,nv,follow_up,40.0,male,abdomen,0
HAM_0006717,ISIC_0027890,nv,follow_up,50.0,male,lower extremity,0
HAM_0006718,ISIC_0026763,nv,follow_up,45.0,female,genital,0
HAM_0006719,ISIC_0027409,nv,follow_up,60.0,male,abdomen,0
HAM_0006720,ISIC_0024725,nv,consensus,0.0,female,lower extremity,0
HAM_0006720,ISIC_0031259,nv,consensus,0.0,female,lower extremity,0
HAM_0006726,ISIC_0027736,nv,follow_up,55.0,male,trunk,0
HAM_0006728,ISIC_0031365,nv,follow_up,50.0,male,upper extremity,0
HAM_0006730,ISIC_0025657,nv,histo,50.0,female,back,0
HAM_0006731,ISIC_0026683,nv,follow_up,30.0,male,abdomen,0
HAM_0006733,ISIC_0024804,nv,follow_up,55.0,male,abdomen,0
HAM_0006734,ISIC_0029794,nv,consensus,50.0,female,back,0
HAM_0006735,ISIC_0029615,nv,histo,35.0,male,back,0
HAM_0006735,ISIC_0030432,nv,histo,35.0,male,back,0
HAM_0006738,ISIC_0029374,nv,histo,55.0,male,foot,0
HAM_0006738,ISIC_0029653,nv,histo,55.0,male,foot,0
HAM_0006739,ISIC_0028901,mel,histo,35.0,female,ear,1
HAM_0006739,ISIC_0032098,mel,histo,35.0,female,ear,1
HAM_0006741,ISIC_0025886,nv,follow_up,45.0,female,lower extremity,0
HAM_0006742,ISIC_0024813,nv,histo,30.0,male,back,0
HAM_0006742,ISIC_0027031,nv,histo,30.0,male,back,0
HAM_0006743,ISIC_0030055,nv,follow_up,30.0,male,lower extremity,0
HAM_0006744,ISIC_0031561,mel,histo,55.0,male,back,1
HAM_0006745,ISIC_0026363,nv,follow_up,35.0,male,back,0
HAM_0006747,ISIC_0029223,nv,histo,50.0,male,face,0
HAM_0006747,ISIC_0029254,nv,histo,50.0,male,face,0
HAM_0006749,ISIC_0029198,nv,follow_up,65.0,female,trunk,0
HAM_0006751,ISIC_0024400,mel,histo,75.0,female,unknown,1
HAM_0006752,ISIC_0031842,nv,follow_up,45.0,male,back,0
HAM_0006754,ISIC_0029664,nv,histo,55.0,female,upper extremity,0
HAM_0006757,ISIC_0024497,nv,histo,55.0,male,lower extremity,0
HAM_0006757,ISIC_0027271,nv,histo,55.0,male,lower extremity,0
HAM_0006758,ISIC_0029234,nv,follow_up,35.0,male,lower extremity,0
HAM_0006759,ISIC_0030254,nv,follow_up,45.0,female,trunk,0
HAM_0006761,ISIC_0029866,nv,follow_up,45.0,male,foot,0
HAM_0006762,ISIC_0029467,nv,follow_up,60.0,male,lower extremity,0
HAM_0006764,ISIC_0024647,mel,histo,85.0,female,lower extremity,1
HAM_0006764,ISIC_0027590,mel,histo,85.0,female,lower extremity,1
HAM_0006766,ISIC_0033374,nv,consensus,,unknown,unknown,0
HAM_0006771,ISIC_0030624,nv,follow_up,45.0,female,upper extremity,0
HAM_0006773,ISIC_0026680,nv,follow_up,45.0,male,abdomen,0
HAM_0006774,ISIC_0025256,nv,follow_up,45.0,male,upper extremity,0
HAM_0006777,ISIC_0028181,nv,follow_up,55.0,male,back,0
HAM_0006778,ISIC_0030617,nv,follow_up,50.0,female,abdomen,0
HAM_0006779,ISIC_0028860,mel,histo,65.0,male,back,1
HAM_0006780,ISIC_0031021,nv,follow_up,50.0,female,lower extremity,0
HAM_0006781,ISIC_0025765,nv,follow_up,45.0,female,trunk,0
HAM_0006782,ISIC_0032581,nv,histo,50.0,female,abdomen,0
HAM_0006782,ISIC_0032886,nv,histo,50.0,female,abdomen,0
HAM_0006785,ISIC_0026169,nv,follow_up,45.0,male,back,0
HAM_0006786,ISIC_0029436,nv,follow_up,50.0,female,lower extremity,0
HAM_0006789,ISIC_0024976,nv,follow_up,35.0,male,trunk,0
HAM_0006790,ISIC_0028625,nv,histo,65.0,male,upper extremity,0
HAM_0006791,ISIC_0025514,nv,follow_up,75.0,female,lower extremity,0
HAM_0006792,ISIC_0026460,nv,follow_up,45.0,male,trunk,0
HAM_0006793,ISIC_0030796,nv,histo,60.0,female,back,0
HAM_0006799,ISIC_0032677,nv,histo,25.0,female,back,0
HAM_0006799,ISIC_0033093,nv,histo,25.0,female,back,0
HAM_0006799,ISIC_0033501,nv,histo,25.0,female,back,0
HAM_0006802,ISIC_0032610,mel,histo,40.0,male,upper extremity,1
HAM_0006802,ISIC_0032887,mel,histo,40.0,male,upper extremity,1
HAM_0006802,ISIC_0033279,mel,histo,40.0,male,upper extremity,1
HAM_0006804,ISIC_0028341,nv,follow_up,45.0,male,abdomen,0
HAM_0006805,ISIC_0029772,nv,follow_up,50.0,male,back,0
HAM_0006806,ISIC_0026681,nv,follow_up,50.0,male,upper extremity,0
HAM_0006807,ISIC_0031341,nv,follow_up,40.0,male,lower extremity,0
HAM_0006809,ISIC_0031690,nv,follow_up,40.0,male,abdomen,0
HAM_0006812,ISIC_0024637,nv,follow_up,55.0,female,trunk,0
HAM_0006813,ISIC_0033167,nv,histo,30.0,female,trunk,0
HAM_0006813,ISIC_0033937,nv,histo,30.0,female,trunk,0
HAM_0006817,ISIC_0030269,nv,follow_up,65.0,female,upper extremity,0
HAM_0006818,ISIC_0031723,nv,follow_up,55.0,female,lower extremity,0
HAM_0006820,ISIC_0025460,nv,follow_up,45.0,female,lower extremity,0
HAM_0006822,ISIC_0030350,nv,histo,30.0,female,lower extremity,0
HAM_0006822,ISIC_0030859,nv,histo,30.0,female,lower extremity,0
HAM_0006824,ISIC_0032958,mel,histo,70.0,male,lower extremity,1
HAM_0006824,ISIC_0033538,mel,histo,70.0,male,lower extremity,1
HAM_0006826,ISIC_0025129,nv,histo,35.0,female,back,0
HAM_0006826,ISIC_0027049,nv,histo,35.0,female,back,0
HAM_0006830,ISIC_0032285,nv,follow_up,45.0,female,abdomen,0
HAM_0006832,ISIC_0028915,mel,histo,50.0,male,upper extremity,1
HAM_0006832,ISIC_0029652,mel,histo,50.0,male,upper extremity,1
HAM_0006832,ISIC_0031295,mel,histo,50.0,male,upper extremity,1
HAM_0006833,ISIC_0030512,mel,histo,50.0,male,upper extremity,1
HAM_0006835,ISIC_0026577,nv,histo,75.0,male,chest,0
HAM_0006835,ISIC_0031594,nv,histo,75.0,male,chest,0
HAM_0006837,ISIC_0025834,nv,histo,40.0,male,scalp,0
HAM_0006837,ISIC_0031674,nv,histo,40.0,male,scalp,0
HAM_0006838,ISIC_0028506,nv,follow_up,60.0,male,trunk,0
HAM_0006839,ISIC_0028683,nv,follow_up,50.0,female,trunk,0
HAM_0006840,ISIC_0025844,nv,follow_up,35.0,male,trunk,0
HAM_0006841,ISIC_0026102,nv,follow_up,25.0,female,upper extremity,0
HAM_0006842,ISIC_0030728,nv,follow_up,35.0,female,back,0
HAM_0006845,ISIC_0030170,nv,follow_up,45.0,female,upper extremity,0
HAM_0006846,ISIC_0027199,nv,follow_up,45.0,male,lower extremity,0
HAM_0006847,ISIC_0025095,nv,follow_up,65.0,female,abdomen,0
HAM_0006848,ISIC_0031129,nv,follow_up,45.0,female,foot,0
HAM_0006849,ISIC_0028189,nv,follow_up,60.0,male,back,0
HAM_0006850,ISIC_0030186,nv,follow_up,45.0,female,trunk,0
HAM_0006853,ISIC_0031143,nv,histo,50.0,male,lower extremity,0
HAM_0006853,ISIC_0031863,nv,histo,50.0,male,lower extremity,0
HAM_0006855,ISIC_0030842,nv,histo,50.0,male,back,0
HAM_0006858,ISIC_0031751,nv,follow_up,35.0,male,lower extremity,0
HAM_0006859,ISIC_0032321,nv,follow_up,35.0,male,lower extremity,0
HAM_0006860,ISIC_0032500,nv,follow_up,40.0,male,upper extremity,0
HAM_0006863,ISIC_0030907,nv,follow_up,45.0,female,abdomen,0
HAM_0006864,ISIC_0030045,nv,follow_up,65.0,male,abdomen,0
HAM_0006866,ISIC_0030713,nv,follow_up,65.0,female,upper extremity,0
HAM_0006869,ISIC_0032558,nv,histo,45.0,female,back,0
HAM_0006869,ISIC_0032711,nv,histo,45.0,female,back,0
HAM_0006869,ISIC_0033207,nv,histo,45.0,female,back,0
HAM_0006870,ISIC_0027793,mel,histo,35.0,female,neck,1
HAM_0006873,ISIC_0033566,nv,histo,35.0,female,back,0
HAM_0006873,ISIC_0033637,nv,histo,35.0,female,back,0
HAM_0006874,ISIC_0025017,nv,follow_up,65.0,male,lower extremity,0
HAM_0006880,ISIC_0029672,nv,follow_up,60.0,male,trunk,0
HAM_0006881,ISIC_0025798,nv,histo,60.0,female,face,0
HAM_0006881,ISIC_0026922,nv,histo,60.0,female,face,0
HAM_0006881,ISIC_0028580,nv,histo,60.0,female,face,0
HAM_0006883,ISIC_0032619,nv,histo,40.0,female,face,0
HAM_0006883,ISIC_0033242,nv,histo,40.0,female,face,0
HAM_0006884,ISIC_0029459,nv,histo,50.0,female,upper extremity,0
HAM_0006885,ISIC_0027938,nv,follow_up,30.0,male,abdomen,0
HAM_0006890,ISIC_0031983,nv,follow_up,60.0,male,lower extremity,0
HAM_0006892,ISIC_0031444,nv,follow_up,65.0,male,upper extremity,0
HAM_0006894,ISIC_0029503,nv,follow_up,45.0,male,back,0
HAM_0006895,ISIC_0030146,nv,follow_up,65.0,female,trunk,0
HAM_0006896,ISIC_0024911,mel,histo,45.0,female,back,1
HAM_0006896,ISIC_0027387,mel,histo,45.0,female,back,1
HAM_0006897,ISIC_0028475,nv,follow_up,35.0,male,trunk,0
HAM_0006899,ISIC_0025128,mel,histo,80.0,female,lower extremity,1
HAM_0006899,ISIC_0025550,mel,histo,80.0,female,lower extremity,1
HAM_0006900,ISIC_0030080,mel,histo,75.0,male,upper extremity,1
HAM_0006900,ISIC_0031118,mel,histo,75.0,male,upper extremity,1
HAM_0006901,ISIC_0026700,nv,follow_up,55.0,male,abdomen,0
HAM_0006903,ISIC_0031487,nv,follow_up,40.0,male,trunk,0
HAM_0006905,ISIC_0030451,nv,histo,85.0,male,foot,0
HAM_0006905,ISIC_0030674,nv,histo,85.0,male,foot,0
HAM_0006906,ISIC_0031254,nv,follow_up,50.0,male,upper extremity,0
HAM_0006909,ISIC_0031777,nv,follow_up,45.0,female,lower extremity,0
HAM_0006910,ISIC_0028504,nv,histo,40.0,female,lower extremity,0
HAM_0006910,ISIC_0029862,nv,histo,40.0,female,lower extremity,0
HAM_0006911,ISIC_0025747,nv,follow_up,35.0,female,trunk,0
HAM_0006914,ISIC_0025254,nv,histo,75.0,male,abdomen,0
HAM_0006914,ISIC_0027462,nv,histo,75.0,male,abdomen,0
HAM_0006915,ISIC_0027439,nv,follow_up,55.0,male,abdomen,0
HAM_0006916,ISIC_0026618,nv,histo,80.0,female,upper extremity,0
HAM_0006916,ISIC_0026670,nv,histo,80.0,female,upper extremity,0
HAM_0006917,ISIC_0025861,nv,follow_up,30.0,male,upper extremity,0
HAM_0006919,ISIC_0031724,nv,follow_up,50.0,male,foot,0
HAM_0006920,ISIC_0025432,nv,follow_up,50.0,female,trunk,0
HAM_0006921,ISIC_0030603,nv,histo,75.0,female,upper extremity,0
HAM_0006926,ISIC_0030839,nv,histo,70.0,male,back,0
HAM_0006927,ISIC_0026312,nv,follow_up,50.0,female,lower extremity,0
HAM_0006928,ISIC_0028097,nv,follow_up,55.0,male,trunk,0
HAM_0006930,ISIC_0027818,nv,follow_up,45.0,female,abdomen,0
HAM_0006931,ISIC_0024588,nv,follow_up,40.0,male,neck,0
HAM_0006932,ISIC_0031192,nv,histo,55.0,female,upper extremity,0
HAM_0006933,ISIC_0027594,nv,follow_up,45.0,male,back,0
HAM_0006934,ISIC_0028287,nv,histo,45.0,female,trunk,0
HAM_0006939,ISIC_0031675,nv,follow_up,50.0,female,lower extremity,0
HAM_0006940,ISIC_0027021,mel,histo,55.0,male,upper extremity,1
HAM_0006941,ISIC_0025684,nv,histo,45.0,female,back,0
HAM_0006943,ISIC_0027336,nv,follow_up,55.0,male,lower extremity,0
HAM_0006944,ISIC_0030762,nv,follow_up,50.0,female,abdomen,0
HAM_0006949,ISIC_0031886,nv,follow_up,35.0,male,abdomen,0
HAM_0006950,ISIC_0027215,nv,follow_up,60.0,male,lower extremity,0
HAM_0006951,ISIC_0030482,nv,follow_up,45.0,male,trunk,0
HAM_0006952,ISIC_0027543,nv,follow_up,50.0,female,upper extremity,0
HAM_0006953,ISIC_0026175,nv,follow_up,45.0,male,lower extremity,0
HAM_0006956,ISIC_0030547,nv,follow_up,35.0,female,lower extremity,0
HAM_0006958,ISIC_0029395,nv,follow_up,65.0,female,lower extremity,0
HAM_0006960,ISIC_0027592,nv,follow_up,50.0,female,trunk,0
HAM_0006961,ISIC_0031792,nv,follow_up,50.0,male,trunk,0
HAM_0006962,ISIC_0025914,nv,follow_up,45.0,female,abdomen,0
HAM_0006963,ISIC_0032351,nv,follow_up,55.0,male,trunk,0
HAM_0006964,ISIC_0027163,mel,histo,60.0,female,lower extremity,1
HAM_0006964,ISIC_0029642,mel,histo,60.0,female,lower extremity,1
HAM_0006965,ISIC_0026475,mel,histo,40.0,female,back,1
HAM_0006967,ISIC_0026295,nv,consensus,60.0,female,back,0
HAM_0006967,ISIC_0030019,nv,consensus,60.0,female,back,0
HAM_0006968,ISIC_0025340,nv,histo,70.0,male,abdomen,0
HAM_0006969,ISIC_0028007,nv,follow_up,45.0,female,lower extremity,0
HAM_0006970,ISIC_0026059,nv,follow_up,30.0,female,lower extremity,0
HAM_0006971,ISIC_0025185,nv,follow_up,55.0,male,back,0
HAM_0006973,ISIC_0029377,nv,follow_up,60.0,male,trunk,0
HAM_0006974,ISIC_0026541,nv,histo,45.0,male,abdomen,0
HAM_0006974,ISIC_0031281,nv,histo,45.0,male,abdomen,0
HAM_0006975,ISIC_0024967,mel,histo,60.0,male,back,1
HAM_0006979,ISIC_0026605,nv,follow_up,35.0,male,upper extremity,0
HAM_0006981,ISIC_0029451,nv,follow_up,45.0,female,foot,0
HAM_0006982,ISIC_0032071,nv,follow_up,30.0,male,lower extremity,0
HAM_0006983,ISIC_0026147,nv,histo,30.0,female,upper extremity,0
HAM_0006985,ISIC_0029131,nv,follow_up,35.0,male,trunk,0
HAM_0006986,ISIC_0025071,nv,follow_up,45.0,male,back,0
HAM_0006989,ISIC_0028729,nv,follow_up,40.0,female,foot,0
HAM_0006990,ISIC_0025480,nv,follow_up,55.0,female,lower extremity,0
HAM_0006991,ISIC_0031840,nv,follow_up,60.0,female,trunk,0
HAM_0006992,ISIC_0029829,nv,follow_up,60.0,male,abdomen,0
HAM_0006994,ISIC_0026987,nv,histo,30.0,male,foot,0
HAM_0006995,ISIC_0025115,nv,follow_up,30.0,male,upper extremity,0
HAM_0006996,ISIC_0027610,nv,follow_up,55.0,male,back,0
HAM_0006999,ISIC_0027459,nv,follow_up,40.0,male,trunk,0
HAM_0007003,ISIC_0025638,nv,histo,20.0,female,lower extremity,0
HAM_0007003,ISIC_0032363,nv,histo,20.0,female,lower extremity,0
HAM_0007004,ISIC_0030525,nv,histo,70.0,female,hand,0
HAM_0007005,ISIC_0032568,nv,histo,40.0,female,acral,0
HAM_0007005,ISIC_0033126,nv,histo,40.0,female,acral,0
HAM_0007005,ISIC_0034099,nv,histo,40.0,female,acral,0
HAM_0007006,ISIC_0025497,nv,follow_up,50.0,female,upper extremity,0
HAM_0007011,ISIC_0032493,nv,follow_up,55.0,female,trunk,0
HAM_0007012,ISIC_0030865,nv,follow_up,50.0,male,abdomen,0
HAM_0007013,ISIC_0029544,nv,histo,85.0,male,back,0
HAM_0007014,ISIC_0027498,nv,histo,45.0,female,abdomen,0
HAM_0007014,ISIC_0027798,nv,histo,45.0,female,abdomen,0
HAM_0007014,ISIC_0028141,nv,histo,45.0,female,abdomen,0
HAM_0007014,ISIC_0032310,nv,histo,45.0,female,abdomen,0
HAM_0007015,ISIC_0025760,nv,follow_up,55.0,female,trunk,0
HAM_0007016,ISIC_0027838,mel,histo,35.0,female,abdomen,1
HAM_0007017,ISIC_0030838,nv,follow_up,45.0,female,abdomen,0
HAM_0007019,ISIC_0029454,mel,histo,80.0,male,back,1
HAM_0007021,ISIC_0033477,mel,histo,65.0,male,upper extremity,1
HAM_0007021,ISIC_0034092,mel,histo,65.0,male,upper extremity,1
HAM_0007023,ISIC_0030642,nv,follow_up,50.0,female,genital,0
HAM_0007025,ISIC_0029963,nv,histo,20.0,female,back,0
HAM_0007028,ISIC_0028851,nv,histo,35.0,male,trunk,0
HAM_0007031,ISIC_0025616,mel,histo,70.0,female,upper extremity,1
HAM_0007032,ISIC_0033034,mel,histo,70.0,female,back,1
HAM_0007032,ISIC_0034202,mel,histo,70.0,female,back,1
HAM_0007032,ISIC_0034294,mel,histo,70.0,female,back,1
HAM_0007033,ISIC_0032350,nv,follow_up,45.0,male,back,0
HAM_0007034,ISIC_0029529,nv,follow_up,40.0,male,trunk,0
HAM_0007035,ISIC_0030332,nv,follow_up,55.0,male,lower extremity,0
HAM_0007036,ISIC_0026655,nv,histo,60.0,male,neck,0
HAM_0007039,ISIC_0025202,nv,follow_up,80.0,male,lower extremity,0
HAM_0007040,ISIC_0026946,nv,follow_up,45.0,female,trunk,0
HAM_0007042,ISIC_0024754,nv,follow_up,30.0,male,back,0
HAM_0007045,ISIC_0032088,nv,follow_up,45.0,female,trunk,0
HAM_0007046,ISIC_0027401,nv,histo,65.0,male,back,0
HAM_0007046,ISIC_0028637,nv,histo,65.0,male,back,0
HAM_0007048,ISIC_0029284,nv,follow_up,45.0,female,abdomen,0
HAM_0007050,ISIC_0027160,nv,follow_up,45.0,female,lower extremity,0
HAM_0007053,ISIC_0024487,nv,follow_up,40.0,female,lower extremity,0
HAM_0007054,ISIC_0024482,mel,histo,50.0,male,back,1
HAM_0007054,ISIC_0025413,mel,histo,50.0,male,back,1
HAM_0007057,ISIC_0025694,nv,follow_up,55.0,female,lower extremity,0
HAM_0007058,ISIC_0027642,nv,consensus,50.0,male,back,0
HAM_0007058,ISIC_0029786,nv,consensus,50.0,male,back,0
HAM_0007063,ISIC_0031432,nv,follow_up,45.0,female,back,0
HAM_0007064,ISIC_0032282,nv,follow_up,40.0,female,back,0
HAM_0007065,ISIC_0031773,nv,follow_up,50.0,female,abdomen,0
HAM_0007066,ISIC_0029959,nv,histo,40.0,female,back,0
HAM_0007068,ISIC_0024866,nv,follow_up,40.0,female,trunk,0
HAM_0007069,ISIC_0029355,nv,consensus,50.0,female,lower extremity,0
HAM_0007069,ISIC_0031209,nv,consensus,50.0,female,lower extremity,0
HAM_0007071,ISIC_0030449,nv,follow_up,35.0,female,trunk,0
HAM_0007072,ISIC_0032339,nv,follow_up,55.0,female,trunk,0
HAM_0007074,ISIC_0030646,nv,follow_up,45.0,female,lower extremity,0
HAM_0007075,ISIC_0025463,nv,histo,50.0,male,upper extremity,0
HAM_0007075,ISIC_0032195,nv,histo,50.0,male,upper extremity,0
HAM_0007077,ISIC_0032505,nv,follow_up,55.0,male,trunk,0
HAM_0007079,ISIC_0029904,nv,histo,35.0,male,upper extremity,0
HAM_0007080,ISIC_0029994,nv,histo,50.0,male,back,0
HAM_0007082,ISIC_0027971,nv,follow_up,55.0,female,lower extremity,0
HAM_0007086,ISIC_0033267,mel,histo,65.0,female,back,1
HAM_0007086,ISIC_0033863,mel,histo,65.0,female,back,1
HAM_0007086,ISIC_0034180,mel,histo,65.0,female,back,1
HAM_0007091,ISIC_0027552,mel,histo,40.0,male,face,1
HAM_0007092,ISIC_0031370,nv,follow_up,50.0,male,upper extremity,0
HAM_0007093,ISIC_0026858,nv,follow_up,50.0,female,abdomen,0
HAM_0007094,ISIC_0026785,nv,follow_up,30.0,female,lower extremity,0
HAM_0007096,ISIC_0024674,nv,histo,40.0,male,lower extremity,0
HAM_0007098,ISIC_0032357,nv,follow_up,50.0,male,trunk,0
HAM_0007103,ISIC_0026271,nv,follow_up,65.0,female,abdomen,0
HAM_0007104,ISIC_0032133,nv,follow_up,30.0,male,trunk,0
HAM_0007108,ISIC_0031991,nv,histo,55.0,male,back,0
HAM_0007109,ISIC_0026529,nv,follow_up,55.0,male,abdomen,0
HAM_0007111,ISIC_0025715,nv,follow_up,40.0,female,lower extremity,0
HAM_0007112,ISIC_0026819,nv,histo,10.0,female,back,0
HAM_0007112,ISIC_0027757,nv,histo,10.0,female,back,0
HAM_0007114,ISIC_0028418,mel,histo,45.0,female,face,1
HAM_0007115,ISIC_0029584,nv,follow_up,25.0,female,trunk,0
HAM_0007116,ISIC_0028951,nv,histo,45.0,male,back,0
HAM_0007119,ISIC_0026134,nv,follow_up,40.0,female,back,0
HAM_0007120,ISIC_0029782,nv,follow_up,60.0,male,trunk,0
HAM_0007121,ISIC_0029922,nv,follow_up,35.0,male,back,0
HAM_0007122,ISIC_0025816,nv,consensus,75.0,male,lower extremity,0
HAM_0007122,ISIC_0028399,nv,consensus,75.0,male,lower extremity,0
HAM_0007123,ISIC_0025672,nv,histo,70.0,male,hand,0
HAM_0007123,ISIC_0030664,nv,histo,70.0,male,hand,0
HAM_0007124,ISIC_0032707,nv,histo,55.0,male,back,0
HAM_0007124,ISIC_0034311,nv,histo,55.0,male,back,0
HAM_0007126,ISIC_0027835,nv,follow_up,35.0,female,lower extremity,0
HAM_0007127,ISIC_0032362,nv,histo,35.0,female,chest,0
HAM_0007128,ISIC_0025104,nv,follow_up,50.0,female,upper extremity,0
HAM_0007130,ISIC_0027395,nv,follow_up,45.0,female,trunk,0
HAM_0007134,ISIC_0026394,nv,follow_up,60.0,male,abdomen,0
HAM_0007135,ISIC_0024460,nv,follow_up,50.0,female,neck,0
HAM_0007138,ISIC_0028823,nv,histo,25.0,male,hand,0
HAM_0007138,ISIC_0031501,nv,histo,25.0,male,hand,0
HAM_0007140,ISIC_0026345,nv,follow_up,35.0,female,trunk,0
HAM_0007144,ISIC_0026599,nv,histo,70.0,female,back,0
HAM_0007146,ISIC_0031493,nv,follow_up,60.0,female,back,0
HAM_0007152,ISIC_0028184,nv,follow_up,20.0,male,trunk,0
HAM_0007153,ISIC_0027813,nv,follow_up,50.0,male,back,0
HAM_0007155,ISIC_0025056,nv,follow_up,45.0,female,upper extremity,0
HAM_0007158,ISIC_0027206,nv,follow_up,50.0,female,lower extremity,0
HAM_0007159,ISIC_0031637,nv,follow_up,65.0,female,hand,0
HAM_0007160,ISIC_0028723,nv,histo,30.0,female,trunk,0
HAM_0007161,ISIC_0026734,nv,follow_up,50.0,female,lower extremity,0
HAM_0007162,ISIC_0029321,nv,follow_up,60.0,male,abdomen,0
HAM_0007163,ISIC_0032750,mel,histo,50.0,female,lower extremity,1
HAM_0007163,ISIC_0033268,mel,histo,50.0,female,lower extremity,1
HAM_0007164,ISIC_0025972,nv,histo,75.0,male,trunk,0
HAM_0007165,ISIC_0026622,mel,histo,80.0,male,unknown,1
HAM_0007165,ISIC_0029547,mel,histo,80.0,male,unknown,1
HAM_0007166,ISIC_0030878,nv,follow_up,50.0,female,trunk,0
HAM_0007168,ISIC_0028115,nv,histo,15.0,male,back,0
HAM_0007169,ISIC_0032934,nv,histo,20.0,male,foot,0
HAM_0007169,ISIC_0033433,nv,histo,20.0,male,foot,0
HAM_0007170,ISIC_0025483,nv,follow_up,40.0,female,back,0
HAM_0007171,ISIC_0026909,mel,histo,30.0,female,lower extremity,1
HAM_0007171,ISIC_0029913,mel,histo,30.0,female,lower extremity,1
HAM_0007172,ISIC_0034130,nv,consensus,,unknown,unknown,0
HAM_0007173,ISIC_0028721,nv,follow_up,55.0,male,foot,0
HAM_0007174,ISIC_0031052,nv,follow_up,55.0,male,abdomen,0
HAM_0007176,ISIC_0032144,nv,histo,30.0,male,lower extremity,0
HAM_0007178,ISIC_0025184,nv,histo,70.0,female,abdomen,0
HAM_0007178,ISIC_0027922,nv,histo,70.0,female,abdomen,0
HAM_0007180,ISIC_0032726,mel,histo,65.0,male,face,1
HAM_0007180,ISIC_0033272,mel,histo,65.0,male,face,1
HAM_0007185,ISIC_0025189,nv,follow_up,65.0,male,back,0
HAM_0007188,ISIC_0031543,mel,histo,60.0,female,upper extremity,1
HAM_0007190,ISIC_0030505,nv,follow_up,40.0,male,abdomen,0
HAM_0007191,ISIC_0032738,nv,consensus,,unknown,unknown,0
HAM_0007192,ISIC_0030558,nv,follow_up,35.0,female,upper extremity,0
HAM_0007196,ISIC_0024907,nv,histo,30.0,female,back,0
HAM_0007196,ISIC_0027432,nv,histo,30.0,female,back,0
HAM_0007197,ISIC_0031856,nv,follow_up,50.0,female,genital,0
HAM_0007201,ISIC_0026208,nv,follow_up,50.0,male,lower extremity,0
HAM_0007202,ISIC_0026726,nv,histo,75.0,male,back,0
HAM_0007202,ISIC_0027898,nv,histo,75.0,male,back,0
HAM_0007206,ISIC_0031524,nv,consensus,60.0,female,lower extremity,0
HAM_0007208,ISIC_0030159,nv,histo,75.0,female,upper extremity,0
HAM_0007209,ISIC_0028365,nv,follow_up,45.0,male,back,0
HAM_0007210,ISIC_0026699,nv,follow_up,70.0,male,lower extremity,0
HAM_0007211,ISIC_0025377,nv,follow_up,50.0,male,trunk,0
HAM_0007213,ISIC_0030897,nv,follow_up,50.0,male,trunk,0
HAM_0007214,ISIC_0031928,nv,follow_up,50.0,female,lower extremity,0
HAM_0007215,ISIC_0030294,nv,follow_up,40.0,female,back,0
HAM_0007216,ISIC_0032962,nv,histo,30.0,male,back,0
HAM_0007217,ISIC_0024844,nv,follow_up,60.0,male,back,0
HAM_0007221,ISIC_0030264,nv,histo,20.0,female,back,0
HAM_0007222,ISIC_0030996,nv,follow_up,45.0,male,trunk,0
HAM_0007224,ISIC_0024977,nv,follow_up,60.0,male,trunk,0
HAM_0007226,ISIC_0027946,nv,follow_up,35.0,female,trunk,0
HAM_0007228,ISIC_0025681,nv,histo,70.0,male,upper extremity,0
HAM_0007229,ISIC_0031545,mel,histo,75.0,female,back,1
HAM_0007230,ISIC_0031164,nv,follow_up,30.0,female,abdomen,0
HAM_0007231,ISIC_0029114,nv,follow_up,60.0,female,trunk,0
HAM_0007236,ISIC_0027278,nv,follow_up,55.0,male,lower extremity,0
HAM_0007238,ISIC_0028306,mel,histo,55.0,male,upper extremity,1
HAM_0007238,ISIC_0031494,mel,histo,55.0,male,upper extremity,1
HAM_0007239,ISIC_0025252,nv,consensus,25.0,male,neck,0
HAM_0007239,ISIC_0027143,nv,consensus,25.0,male,neck,0
HAM_0007240,ISIC_0027988,nv,histo,65.0,female,back,0
HAM_0007244,ISIC_0030669,nv,follow_up,40.0,male,abdomen,0
HAM_0007245,ISIC_0032870,mel,histo,85.0,male,upper extremity,1
HAM_0007246,ISIC_0024764,nv,follow_up,55.0,female,foot,0
HAM_0007249,ISIC_0025789,nv,histo,65.0,female,back,0
HAM_0007249,ISIC_0028509,nv,histo,65.0,female,back,0
HAM_0007251,ISIC_0024964,nv,follow_up,50.0,female,back,0
HAM_0007252,ISIC_0026949,nv,follow_up,55.0,male,abdomen,0
HAM_0007255,ISIC_0026519,nv,histo,40.0,male,lower extremity,0
HAM_0007255,ISIC_0030672,nv,histo,40.0,male,lower extremity,0
HAM_0007256,ISIC_0031480,nv,follow_up,40.0,male,upper extremity,0
HAM_0007257,ISIC_0025537,nv,follow_up,50.0,female,back,0
HAM_0007258,ISIC_0025090,nv,follow_up,5.0,male,back,0
HAM_0007259,ISIC_0032669,nv,histo,45.0,male,foot,0
HAM_0007259,ISIC_0032999,nv,histo,45.0,male,foot,0
HAM_0007259,ISIC_0033236,nv,histo,45.0,male,foot,0
HAM_0007263,ISIC_0028130,nv,histo,50.0,female,lower extremity,0
HAM_0007264,ISIC_0028476,nv,histo,55.0,male,lower extremity,0
HAM_0007265,ISIC_0033447,nv,histo,20.0,male,chest,0
HAM_0007265,ISIC_0033639,nv,histo,20.0,male,chest,0
HAM_0007265,ISIC_0033933,nv,histo,20.0,male,chest,0
HAM_0007266,ISIC_0031909,nv,follow_up,45.0,male,lower extremity,0
HAM_0007268,ISIC_0028600,nv,histo,65.0,female,abdomen,0
HAM_0007269,ISIC_0024430,nv,follow_up,35.0,male,lower extremity,0
HAM_0007270,ISIC_0030166,nv,follow_up,75.0,female,trunk,0
HAM_0007271,ISIC_0027862,nv,follow_up,30.0,male,abdomen,0
HAM_0007272,ISIC_0024756,mel,histo,60.0,male,lower extremity,1
HAM_0007273,ISIC_0025437,nv,follow_up,40.0,male,abdomen,0
HAM_0007274,ISIC_0030484,nv,follow_up,65.0,male,trunk,0
HAM_0007275,ISIC_0026705,nv,histo,20.0,female,lower extremity,0
HAM_0007276,ISIC_0028538,nv,histo,25.0,female,unknown,0
HAM_0007278,ISIC_0025009,nv,histo,,female,chest,0
HAM_0007278,ISIC_0032300,nv,histo,,female,chest,0
HAM_0007280,ISIC_0024917,nv,follow_up,35.0,female,trunk,0
HAM_0007284,ISIC_0027255,nv,histo,60.0,female,back,0
HAM_0007286,ISIC_0031978,nv,follow_up,50.0,female,lower extremity,0
HAM_0007288,ISIC_0027243,nv,follow_up,45.0,female,trunk,0
HAM_0007290,ISIC_0025961,nv,follow_up,35.0,male,lower extremity,0
HAM_0007291,ISIC_0027633,nv,follow_up,70.0,male,back,0
HAM_0007294,ISIC_0025749,nv,follow_up,55.0,male,back,0
HAM_0007295,ISIC_0031380,nv,histo,60.0,female,chest,0
HAM_0007297,ISIC_0029940,nv,follow_up,65.0,female,trunk,0
HAM_0007299,ISIC_0032565,nv,histo,50.0,male,back,0
HAM_0007299,ISIC_0033764,nv,histo,50.0,male,back,0
HAM_0007299,ISIC_0033934,nv,histo,50.0,male,back,0
HAM_0007301,ISIC_0033417,nv,consensus,,unknown,unknown,0
HAM_0007302,ISIC_0028302,nv,follow_up,35.0,female,lower extremity,0
HAM_0007304,ISIC_0027196,nv,follow_up,35.0,female,trunk,0
HAM_0007305,ISIC_0029933,mel,histo,45.0,female,upper extremity,1
HAM_0007306,ISIC_0026810,nv,histo,30.0,male,back,0
HAM_0007309,ISIC_0025151,nv,follow_up,30.0,male,abdomen,0
HAM_0007310,ISIC_0026120,mel,histo,55.0,male,back,1
HAM_0007310,ISIC_0028412,mel,histo,55.0,male,back,1
HAM_0007311,ISIC_0026367,nv,histo,45.0,male,face,0
HAM_0007311,ISIC_0030640,nv,histo,45.0,male,face,0
HAM_0007312,ISIC_0027709,nv,histo,5.0,male,upper extremity,0
HAM_0007314,ISIC_0031152,nv,follow_up,40.0,female,trunk,0
HAM_0007316,ISIC_0031895,nv,follow_up,50.0,female,upper extremity,0
HAM_0007317,ISIC_0030008,nv,histo,30.0,male,back,0
HAM_0007318,ISIC_0029005,nv,follow_up,45.0,male,trunk,0
HAM_0007321,ISIC_0026821,nv,follow_up,50.0,female,back,0
HAM_0007322,ISIC_0030205,nv,follow_up,35.0,female,trunk,0
HAM_0007325,ISIC_0026267,nv,follow_up,55.0,male,trunk,0
HAM_0007326,ISIC_0028783,nv,follow_up,40.0,male,abdomen,0
HAM_0007328,ISIC_0030684,nv,follow_up,50.0,male,lower extremity,0
HAM_0007329,ISIC_0026583,nv,follow_up,50.0,male,lower extremity,0
HAM_0007330,ISIC_0024521,nv,follow_up,45.0,female,trunk,0
HAM_0007331,ISIC_0031752,nv,follow_up,50.0,male,abdomen,0
HAM_0007333,ISIC_0033614,nv,consensus,40.0,male,unknown,0
HAM_0007334,ISIC_0026962,nv,follow_up,40.0,female,back,0
HAM_0007336,ISIC_0024544,nv,follow_up,45.0,male,back,0
HAM_0007338,ISIC_0028986,nv,follow_up,65.0,female,trunk,0
HAM_0007339,ISIC_0031536,nv,follow_up,50.0,male,upper extremity,0
HAM_0007342,ISIC_0030625,nv,histo,35.0,male,back,0
HAM_0007344,ISIC_0029461,nv,follow_up,45.0,male,foot,0
HAM_0007347,ISIC_0031054,nv,follow_up,25.0,female,trunk,0
HAM_0007348,ISIC_0032625,nv,histo,50.0,female,lower extremity,0
HAM_0007348,ISIC_0033115,nv,histo,50.0,female,lower extremity,0
HAM_0007348,ISIC_0033128,nv,histo,50.0,female,lower extremity,0
HAM_0007351,ISIC_0032183,nv,follow_up,35.0,male,back,0
HAM_0007353,ISIC_0025207,nv,follow_up,50.0,female,lower extremity,0
HAM_0007356,ISIC_0025335,nv,histo,60.0,male,upper extremity,0
HAM_0007356,ISIC_0025869,nv,histo,60.0,male,upper extremity,0
HAM_0007357,ISIC_0031265,nv,follow_up,40.0,female,trunk,0
HAM_0007360,ISIC_0027773,nv,follow_up,30.0,female,back,0
HAM_0007361,ISIC_0026058,nv,follow_up,55.0,female,trunk,0
HAM_0007362,ISIC_0030373,nv,follow_up,35.0,male,back,0
HAM_0007363,ISIC_0028013,nv,follow_up,55.0,male,trunk,0
HAM_0007366,ISIC_0032062,nv,follow_up,50.0,female,trunk,0
HAM_0007367,ISIC_0032689,nv,histo,5.0,male,trunk,0
HAM_0007367,ISIC_0032705,nv,histo,5.0,male,trunk,0
HAM_0007367,ISIC_0033046,nv,histo,5.0,male,trunk,0
HAM_0007367,ISIC_0033658,nv,histo,5.0,male,trunk,0
HAM_0007367,ISIC_0034198,nv,histo,5.0,male,trunk,0
HAM_0007368,ISIC_0032017,mel,histo,70.0,male,face,1
HAM_0007373,ISIC_0024723,nv,histo,45.0,male,back,0
HAM_0007373,ISIC_0024869,nv,histo,45.0,male,back,0
HAM_0007374,ISIC_0025730,nv,histo,30.0,male,back,0
HAM_0007374,ISIC_0031583,nv,histo,30.0,male,back,0
HAM_0007376,ISIC_0032616,nv,consensus,40.0,male,back,0
HAM_0007377,ISIC_0029695,nv,follow_up,55.0,female,abdomen,0
HAM_0007378,ISIC_0025692,nv,follow_up,45.0,female,lower extremity,0
HAM_0007379,ISIC_0029155,nv,follow_up,50.0,male,trunk,0
HAM_0007380,ISIC_0029324,nv,follow_up,55.0,female,trunk,0
HAM_0007382,ISIC_0030030,nv,follow_up,50.0,female,upper extremity,0
HAM_0007385,ISIC_0025043,nv,histo,30.0,male,scalp,0
HAM_0007385,ISIC_0029277,nv,histo,30.0,male,scalp,0
HAM_0007385,ISIC_0030920,nv,histo,30.0,male,scalp,0
HAM_0007385,ISIC_0030933,nv,histo,30.0,male,scalp,0
HAM_0007386,ISIC_0024568,nv,follow_up,40.0,male,lower extremity,0
HAM_0007387,ISIC_0027119,nv,follow_up,75.0,female,abdomen,0
HAM_0007389,ISIC_0029090,nv,follow_up,45.0,male,trunk,0
HAM_0007390,ISIC_0027043,mel,histo,50.0,male,abdomen,1
HAM_0007390,ISIC_0027174,mel,histo,50.0,male,abdomen,1
HAM_0007391,ISIC_0031926,nv,follow_up,55.0,female,trunk,0
HAM_0007392,ISIC_0024905,nv,follow_up,55.0,male,abdomen,0
HAM_0007394,ISIC_0030864,nv,follow_up,45.0,female,trunk,0
HAM_0007399,ISIC_0027445,nv,follow_up,45.0,female,trunk,0
HAM_0007400,ISIC_0027329,nv,follow_up,50.0,female,lower extremity,0
HAM_0007401,ISIC_0031849,nv,follow_up,45.0,female,abdomen,0
HAM_0007403,ISIC_0025440,nv,follow_up,40.0,male,lower extremity,0
HAM_0007404,ISIC_0030295,nv,follow_up,50.0,female,trunk,0
HAM_0007405,ISIC_0027694,nv,follow_up,45.0,male,abdomen,0
HAM_0007406,ISIC_0028253,nv,follow_up,35.0,female,trunk,0
HAM_0007407,ISIC_0026161,nv,follow_up,50.0,female,trunk,0
HAM_0007408,ISIC_0028377,nv,follow_up,5.0,male,back,0
HAM_0007411,ISIC_0028444,nv,follow_up,70.0,male,abdomen,0
HAM_0007413,ISIC_0027984,nv,histo,50.0,male,back,0
HAM_0007414,ISIC_0026434,nv,follow_up,40.0,female,abdomen,0
HAM_0007415,ISIC_0032515,nv,histo,35.0,female,lower extremity,0
HAM_0007415,ISIC_0032541,nv,histo,35.0,female,lower extremity,0
HAM_0007415,ISIC_0033018,nv,histo,35.0,female,lower extremity,0
HAM_0007416,ISIC_0025281,nv,follow_up,55.0,male,upper extremity,0
HAM_0007417,ISIC_0026801,nv,follow_up,60.0,male,genital,0
HAM_0007419,ISIC_0029543,nv,histo,85.0,female,lower extremity,0
HAM_0007423,ISIC_0025582,nv,follow_up,60.0,male,trunk,0
HAM_0007425,ISIC_0025823,nv,histo,15.0,female,foot,0
HAM_0007425,ISIC_0027458,nv,histo,15.0,female,foot,0
HAM_0007429,ISIC_0024447,nv,histo,45.0,male,back,0
HAM_0007432,ISIC_0025067,nv,follow_up,55.0,male,lower extremity,0
HAM_0007433,ISIC_0033077,nv,histo,45.0,male,back,0
HAM_0007433,ISIC_0033149,nv,histo,45.0,male,back,0
HAM_0007433,ISIC_0033951,nv,histo,45.0,male,back,0
HAM_0007434,ISIC_0024816,nv,follow_up,65.0,female,back,0
HAM_0007435,ISIC_0030359,nv,follow_up,50.0,female,upper extremity,0
HAM_0007436,ISIC_0026878,nv,follow_up,40.0,male,back,0
HAM_0007437,ISIC_0024745,nv,consensus,0.0,female,lower extremity,0
HAM_0007437,ISIC_0032020,nv,consensus,0.0,female,lower extremity,0
HAM_0007438,ISIC_0028203,nv,follow_up,60.0,female,abdomen,0
HAM_0007440,ISIC_0029882,nv,follow_up,50.0,male,upper extremity,0
HAM_0007441,ISIC_0024548,nv,follow_up,60.0,male,trunk,0
HAM_0007442,ISIC_0032067,nv,histo,30.0,female,face,0
HAM_0007443,ISIC_0031206,nv,histo,25.0,female,back,0
HAM_0007447,ISIC_0030489,nv,follow_up,30.0,male,abdomen,0
HAM_0007448,ISIC_0032294,nv,histo,50.0,male,trunk,0
HAM_0007448,ISIC_0032475,nv,histo,50.0,male,trunk,0
HAM_0007449,ISIC_0025912,nv,follow_up,45.0,male,back,0
HAM_0007451,ISIC_0032527,nv,histo,45.0,male,lower extremity,0
HAM_0007451,ISIC_0032964,nv,histo,45.0,male,lower extremity,0
HAM_0007451,ISIC_0033971,nv,histo,45.0,male,lower extremity,0
HAM_0007452,ISIC_0024811,nv,follow_up,55.0,male,trunk,0
HAM_0007453,ISIC_0024510,nv,follow_up,55.0,female,lower extremity,0
HAM_0007454,ISIC_0032214,mel,histo,70.0,male,scalp,1
HAM_0007455,ISIC_0027441,nv,follow_up,45.0,female,trunk,0
HAM_0007456,ISIC_0028167,nv,histo,65.0,female,lower extremity,0
HAM_0007457,ISIC_0029813,nv,follow_up,35.0,female,lower extremity,0
HAM_0007459,ISIC_0029886,nv,follow_up,55.0,female,lower extremity,0
HAM_0007461,ISIC_0025717,nv,follow_up,40.0,female,trunk,0
HAM_0007462,ISIC_0032633,nv,histo,25.0,male,neck,0
HAM_0007462,ISIC_0034298,nv,histo,25.0,male,neck,0
HAM_0007464,ISIC_0028371,nv,histo,50.0,male,back,0
HAM_0007464,ISIC_0030063,nv,histo,50.0,male,back,0
HAM_0007466,ISIC_0031355,nv,follow_up,55.0,female,trunk,0
HAM_0007467,ISIC_0029085,nv,follow_up,65.0,female,lower extremity,0
HAM_0007468,ISIC_0024831,nv,histo,50.0,female,upper extremity,0
HAM_0007468,ISIC_0026869,nv,histo,50.0,female,upper extremity,0
HAM_0007472,ISIC_0027274,nv,follow_up,60.0,male,abdomen,0
HAM_0007473,ISIC_0025858,nv,follow_up,60.0,male,upper extremity,0
HAM_0007475,ISIC_0033408,nv,histo,50.0,female,foot,0
HAM_0007475,ISIC_0034207,nv,histo,50.0,female,foot,0
HAM_0007475,ISIC_0034292,nv,histo,50.0,female,foot,0
HAM_0007476,ISIC_0025108,nv,histo,40.0,female,back,0
HAM_0007476,ISIC_0029296,nv,histo,40.0,female,back,0
HAM_0007477,ISIC_0025950,nv,histo,25.0,male,back,0
HAM_0007477,ISIC_0032007,nv,histo,25.0,male,back,0
HAM_0007478,ISIC_0033040,nv,consensus,30.0,male,back,0
HAM_0007484,ISIC_0030710,nv,consensus,15.0,female,lower extremity,0
HAM_0007484,ISIC_0031750,nv,consensus,15.0,female,lower extremity,0
HAM_0007485,ISIC_0032438,nv,follow_up,45.0,female,lower extremity,0
HAM_0007486,ISIC_0031500,nv,follow_up,50.0,male,trunk,0
HAM_0007487,ISIC_0030097,nv,follow_up,35.0,male,lower extremity,0
HAM_0007489,ISIC_0028011,nv,follow_up,35.0,male,back,0
HAM_0007491,ISIC_0029183,nv,histo,80.0,male,abdomen,0
HAM_0007493,ISIC_0030931,nv,follow_up,55.0,male,lower extremity,0
HAM_0007494,ISIC_0033136,nv,histo,25.0,female,face,0
HAM_0007494,ISIC_0033215,nv,histo,25.0,female,face,0
HAM_0007495,ISIC_0027491,nv,follow_up,35.0,female,trunk,0
HAM_0007499,ISIC_0025981,nv,follow_up,45.0,female,trunk,0
HAM_0007501,ISIC_0030780,nv,follow_up,45.0,male,trunk,0
HAM_0007502,ISIC_0030754,mel,histo,50.0,female,lower extremity,1
HAM_0007504,ISIC_0026359,nv,histo,60.0,male,back,0
HAM_0007505,ISIC_0027061,nv,follow_up,45.0,female,lower extremity,0
HAM_0007506,ISIC_0029403,nv,follow_up,60.0,male,trunk,0
HAM_0007510,ISIC_0025587,nv,histo,20.0,female,lower extremity,0
HAM_0007510,ISIC_0027382,nv,histo,20.0,female,lower extremity,0
HAM_0007511,ISIC_0024333,mel,histo,85.0,male,lower extremity,1
HAM_0007511,ISIC_0024630,mel,histo,85.0,male,lower extremity,1
HAM_0007514,ISIC_0028118,nv,histo,80.0,male,back,0
HAM_0007516,ISIC_0024441,nv,histo,45.0,female,back,0
HAM_0007516,ISIC_0024998,nv,histo,45.0,female,back,0
HAM_0007517,ISIC_0032172,nv,follow_up,55.0,male,lower extremity,0
HAM_0007518,ISIC_0031015,nv,histo,60.0,male,back,0
HAM_0007519,ISIC_0032865,nv,histo,35.0,female,upper extremity,0
HAM_0007519,ISIC_0033726,nv,histo,35.0,female,upper extremity,0
HAM_0007520,ISIC_0029595,nv,follow_up,60.0,female,trunk,0
HAM_0007522,ISIC_0027904,mel,histo,55.0,female,upper extremity,1
HAM_0007522,ISIC_0028026,mel,histo,55.0,female,upper extremity,1
HAM_0007525,ISIC_0027994,nv,follow_up,60.0,male,trunk,0
HAM_0007528,ISIC_0027003,nv,histo,25.0,female,lower extremity,0
HAM_0007530,ISIC_0024410,mel,histo,30.0,male,chest,1
HAM_0007530,ISIC_0024918,mel,histo,30.0,male,chest,1
HAM_0007533,ISIC_0033463,nv,histo,10.0,female,lower extremity,0
HAM_0007533,ISIC_0033757,nv,histo,10.0,female,lower extremity,0
HAM_0007538,ISIC_0024315,mel,histo,55.0,male,trunk,1
HAM_0007538,ISIC_0031941,mel,histo,55.0,male,trunk,1
HAM_0007539,ISIC_0026875,nv,follow_up,35.0,female,upper extremity,0
HAM_0007540,ISIC_0032118,nv,follow_up,45.0,male,abdomen,0
HAM_0007544,ISIC_0031390,nv,follow_up,60.0,male,lower extremity,0
HAM_0007545,ISIC_0027129,nv,histo,35.0,female,trunk,0
HAM_0007548,ISIC_0026633,nv,histo,45.0,male,foot,0
HAM_0007548,ISIC_0030406,nv,histo,45.0,male,foot,0
HAM_0007549,ISIC_0025216,nv,follow_up,40.0,male,upper extremity,0
HAM_0007551,ISIC_0032016,nv,follow_up,55.0,male,trunk,0
HAM_0007552,ISIC_0032731,nv,histo,70.0,male,chest,0
HAM_0007552,ISIC_0033825,nv,histo,70.0,male,chest,0
HAM_0007552,ISIC_0033857,nv,histo,70.0,male,chest,0
HAM_0007553,ISIC_0031676,nv,histo,40.0,male,back,0
HAM_0007553,ISIC_0032151,nv,histo,40.0,male,back,0
HAM_0007554,ISIC_0028193,nv,follow_up,55.0,female,lower extremity,0
HAM_0007558,ISIC_0028410,mel,histo,45.0,male,upper extremity,1
HAM_0007558,ISIC_0033120,mel,histo,45.0,male,upper extremity,1
HAM_0007558,ISIC_0033545,mel,histo,45.0,male,upper extremity,1
HAM_0007558,ISIC_0034211,mel,histo,45.0,male,upper extremity,1
HAM_0007559,ISIC_0028603,nv,follow_up,35.0,female,trunk,0
HAM_0007560,ISIC_0024987,mel,histo,75.0,male,unknown,1
HAM_0007560,ISIC_0026892,mel,histo,75.0,male,unknown,1
HAM_0007561,ISIC_0031458,nv,follow_up,45.0,male,upper extremity,0
HAM_0007562,ISIC_0033671,nv,histo,30.0,male,chest,0
HAM_0007562,ISIC_0033711,nv,histo,30.0,male,chest,0
HAM_0007566,ISIC_0028834,nv,consensus,50.0,male,back,0
HAM_0007566,ISIC_0030479,nv,consensus,50.0,male,back,0
HAM_0007567,ISIC_0031588,nv,follow_up,45.0,female,lower extremity,0
HAM_0007574,ISIC_0033238,mel,histo,70.0,male,scalp,1
HAM_0007574,ISIC_0033624,mel,histo,70.0,male,scalp,1
HAM_0007574,ISIC_0034089,mel,histo,70.0,male,scalp,1
HAM_0007576,ISIC_0027115,nv,follow_up,45.0,male,trunk,0
HAM_0007579,ISIC_0027571,nv,histo,30.0,male,lower extremity,0
HAM_0007579,ISIC_0029402,nv,histo,30.0,male,lower extremity,0
HAM_0007582,ISIC_0027092,nv,follow_up,50.0,male,lower extremity,0
HAM_0007584,ISIC_0025139,nv,follow_up,35.0,female,trunk,0
HAM_0007585,ISIC_0032347,nv,histo,35.0,female,back,0
HAM_0007586,ISIC_0029819,mel,histo,70.0,female,upper extremity,1
HAM_0007587,ISIC_0029762,nv,follow_up,60.0,female,lower extremity,0
HAM_0007589,ISIC_0034049,mel,histo,70.0,male,back,1
HAM_0007592,ISIC_0027149,mel,histo,80.0,male,upper extremity,1
HAM_0007594,ISIC_0028772,nv,follow_up,55.0,female,lower extremity,0
HAM_0007595,ISIC_0025288,nv,follow_up,65.0,female,abdomen,0
HAM_0007596,ISIC_0032764,nv,consensus,20.0,male,back,0
HAM_0007596,ISIC_0033223,nv,consensus,20.0,male,back,0
HAM_0007597,ISIC_0028274,nv,follow_up,50.0,male,back,0
HAM_0007599,ISIC_0029255,nv,follow_up,55.0,female,trunk,0
HAM_0007600,ISIC_0025375,nv,follow_up,35.0,female,lower extremity,0
HAM_0007602,ISIC_0031262,nv,follow_up,50.0,male,abdomen,0
HAM_0007605,ISIC_0024699,nv,follow_up,25.0,female,trunk,0
HAM_0007609,ISIC_0026326,nv,consensus,30.0,male,face,0
HAM_0007613,ISIC_0024912,nv,follow_up,45.0,male,trunk,0
HAM_0007615,ISIC_0027417,nv,follow_up,40.0,female,back,0
HAM_0007618,ISIC_0030293,nv,follow_up,60.0,male,trunk,0
HAM_0007620,ISIC_0027616,mel,histo,55.0,female,back,1
HAM_0007620,ISIC_0030089,mel,histo,55.0,female,back,1
HAM_0007626,ISIC_0031300,nv,follow_up,45.0,male,abdomen,0
HAM_0007628,ISIC_0027059,nv,follow_up,60.0,female,back,0
